[2025-03-27 09:42:00:301] [ERROR] - com.zaxxer.hikari.pool.HikariPool.throwPoolInitializationException(HikariPool.java:594) - HikariPool-1 - Exception during pool initialization.
java.sql.SQLException: Access denied for user 'root'@'localhost' (using password: YES)
	at com.mysql.jdbc.SQLError.createSQLException(SQLError.java:965) ~[mysql-connector-java-5.1.49.jar:5.1.49]
	at com.mysql.jdbc.MysqlIO.checkErrorPacket(MysqlIO.java:3933) ~[mysql-connector-java-5.1.49.jar:5.1.49]
	at com.mysql.jdbc.MysqlIO.checkErrorPacket(MysqlIO.java:3869) ~[mysql-connector-java-5.1.49.jar:5.1.49]
	at com.mysql.jdbc.MysqlIO.checkErrorPacket(MysqlIO.java:864) ~[mysql-connector-java-5.1.49.jar:5.1.49]
	at com.mysql.jdbc.MysqlIO.proceedHandshakeWithPluggableAuthentication(MysqlIO.java:1707) ~[mysql-connector-java-5.1.49.jar:5.1.49]
	at com.mysql.jdbc.MysqlIO.doHandshake(MysqlIO.java:1217) ~[mysql-connector-java-5.1.49.jar:5.1.49]
	at com.mysql.jdbc.ConnectionImpl.coreConnect(ConnectionImpl.java:2189) ~[mysql-connector-java-5.1.49.jar:5.1.49]
	at com.mysql.jdbc.ConnectionImpl.connectOneTryOnly(ConnectionImpl.java:2220) ~[mysql-connector-java-5.1.49.jar:5.1.49]
	at com.mysql.jdbc.ConnectionImpl.createNewIO(ConnectionImpl.java:2015) ~[mysql-connector-java-5.1.49.jar:5.1.49]
	at com.mysql.jdbc.ConnectionImpl.<init>(ConnectionImpl.java:768) ~[mysql-connector-java-5.1.49.jar:5.1.49]
	at com.mysql.jdbc.JDBC4Connection.<init>(JDBC4Connection.java:47) ~[mysql-connector-java-5.1.49.jar:5.1.49]
	at jdk.internal.reflect.NativeConstructorAccessorImpl.newInstance0(Native Method) ~[?:?]
	at jdk.internal.reflect.NativeConstructorAccessorImpl.newInstance(NativeConstructorAccessorImpl.java:77) ~[?:?]
	at jdk.internal.reflect.DelegatingConstructorAccessorImpl.newInstance(DelegatingConstructorAccessorImpl.java:45) ~[?:?]
	at java.lang.reflect.Constructor.newInstanceWithCaller(Constructor.java:499) ~[?:?]
	at java.lang.reflect.Constructor.newInstance(Constructor.java:480) ~[?:?]
	at com.mysql.jdbc.Util.handleNewInstance(Util.java:403) ~[mysql-connector-java-5.1.49.jar:5.1.49]
	at com.mysql.jdbc.ConnectionImpl.getInstance(ConnectionImpl.java:385) ~[mysql-connector-java-5.1.49.jar:5.1.49]
	at com.mysql.jdbc.NonRegisteringDriver.connect(NonRegisteringDriver.java:323) ~[mysql-connector-java-5.1.49.jar:5.1.49]
	at com.zaxxer.hikari.util.DriverDataSource.getConnection(DriverDataSource.java:138) ~[HikariCP-4.0.3.jar:?]
	at com.zaxxer.hikari.pool.PoolBase.newConnection(PoolBase.java:364) ~[HikariCP-4.0.3.jar:?]
	at com.zaxxer.hikari.pool.PoolBase.newPoolEntry(PoolBase.java:206) ~[HikariCP-4.0.3.jar:?]
	at com.zaxxer.hikari.pool.HikariPool.createPoolEntry(HikariPool.java:476) ~[HikariCP-4.0.3.jar:?]
	at com.zaxxer.hikari.pool.HikariPool.checkFailFast(HikariPool.java:561) ~[HikariCP-4.0.3.jar:?]
	at com.zaxxer.hikari.pool.HikariPool.<init>(HikariPool.java:115) ~[HikariCP-4.0.3.jar:?]
	at com.zaxxer.hikari.HikariDataSource.getConnection(HikariDataSource.java:112) ~[HikariCP-4.0.3.jar:?]
	at org.springframework.jdbc.datasource.DataSourceUtils.fetchConnection(DataSourceUtils.java:159) ~[spring-jdbc-5.3.25.jar:5.3.25]
	at org.springframework.jdbc.datasource.DataSourceUtils.doGetConnection(DataSourceUtils.java:117) ~[spring-jdbc-5.3.25.jar:5.3.25]
	at org.springframework.jdbc.datasource.DataSourceUtils.getConnection(DataSourceUtils.java:80) ~[spring-jdbc-5.3.25.jar:5.3.25]
	at org.mybatis.spring.transaction.SpringManagedTransaction.openConnection(SpringManagedTransaction.java:80) ~[mybatis-spring-2.1.0.jar:2.1.0]
	at org.mybatis.spring.transaction.SpringManagedTransaction.getConnection(SpringManagedTransaction.java:67) ~[mybatis-spring-2.1.0.jar:2.1.0]
	at org.apache.ibatis.executor.BaseExecutor.getConnection(BaseExecutor.java:337) ~[mybatis-3.5.11.jar:3.5.11]
	at org.apache.ibatis.executor.SimpleExecutor.prepareStatement(SimpleExecutor.java:86) ~[mybatis-3.5.11.jar:3.5.11]
	at org.apache.ibatis.executor.SimpleExecutor.doQuery(SimpleExecutor.java:62) ~[mybatis-3.5.11.jar:3.5.11]
	at org.apache.ibatis.executor.BaseExecutor.queryFromDatabase(BaseExecutor.java:325) ~[mybatis-3.5.11.jar:3.5.11]
	at org.apache.ibatis.executor.BaseExecutor.query(BaseExecutor.java:156) ~[mybatis-3.5.11.jar:3.5.11]
	at org.apache.ibatis.executor.CachingExecutor.query(CachingExecutor.java:109) ~[mybatis-3.5.11.jar:3.5.11]
	at com.github.pagehelper.PageInterceptor.intercept(PageInterceptor.java:151) ~[pagehelper-5.3.2.jar:?]
	at org.apache.ibatis.plugin.Plugin.invoke(Plugin.java:62) ~[mybatis-3.5.11.jar:3.5.11]
	at jdk.proxy2.$Proxy131.query(Unknown Source) ~[?:?]
	at org.apache.ibatis.session.defaults.DefaultSqlSession.selectList(DefaultSqlSession.java:151) ~[mybatis-3.5.11.jar:3.5.11]
	at org.apache.ibatis.session.defaults.DefaultSqlSession.selectList(DefaultSqlSession.java:145) ~[mybatis-3.5.11.jar:3.5.11]
	at org.apache.ibatis.session.defaults.DefaultSqlSession.selectList(DefaultSqlSession.java:140) ~[mybatis-3.5.11.jar:3.5.11]
	at jdk.internal.reflect.NativeMethodAccessorImpl.invoke0(Native Method) ~[?:?]
	at jdk.internal.reflect.NativeMethodAccessorImpl.invoke(NativeMethodAccessorImpl.java:77) ~[?:?]
	at jdk.internal.reflect.DelegatingMethodAccessorImpl.invoke(DelegatingMethodAccessorImpl.java:43) ~[?:?]
	at java.lang.reflect.Method.invoke(Method.java:568) ~[?:?]
	at org.mybatis.spring.SqlSessionTemplate$SqlSessionInterceptor.invoke(SqlSessionTemplate.java:425) ~[mybatis-spring-2.1.0.jar:2.1.0]
	at jdk.proxy2.$Proxy92.selectList(Unknown Source) ~[?:?]
	at org.mybatis.spring.SqlSessionTemplate.selectList(SqlSessionTemplate.java:224) ~[mybatis-spring-2.1.0.jar:2.1.0]
	at org.apache.ibatis.binding.MapperMethod.executeForMany(MapperMethod.java:147) ~[mybatis-3.5.11.jar:3.5.11]
	at org.apache.ibatis.binding.MapperMethod.execute(MapperMethod.java:80) ~[mybatis-3.5.11.jar:3.5.11]
	at org.apache.ibatis.binding.MapperProxy$PlainMethodInvoker.invoke(MapperProxy.java:145) ~[mybatis-3.5.11.jar:3.5.11]
	at org.apache.ibatis.binding.MapperProxy.invoke(MapperProxy.java:86) ~[mybatis-3.5.11.jar:3.5.11]
	at jdk.proxy3.$Proxy110.getUserList(Unknown Source) ~[?:?]
	at ma.com.serviceImp.UserServiceImp.getAllUser(UserServiceImp.java:19) ~[classes/:?]
	at ma.com.controller.UserController.getAllUser(UserController.java:103) ~[classes/:?]
	at jdk.internal.reflect.NativeMethodAccessorImpl.invoke0(Native Method) ~[?:?]
	at jdk.internal.reflect.NativeMethodAccessorImpl.invoke(NativeMethodAccessorImpl.java:77) ~[?:?]
	at jdk.internal.reflect.DelegatingMethodAccessorImpl.invoke(DelegatingMethodAccessorImpl.java:43) ~[?:?]
	at java.lang.reflect.Method.invoke(Method.java:568) ~[?:?]
	at org.springframework.web.method.support.InvocableHandlerMethod.doInvoke(InvocableHandlerMethod.java:205) ~[spring-web-5.3.25.jar:5.3.25]
	at org.springframework.web.method.support.InvocableHandlerMethod.invokeForRequest(InvocableHandlerMethod.java:150) ~[spring-web-5.3.25.jar:5.3.25]
	at org.springframework.web.servlet.mvc.method.annotation.ServletInvocableHandlerMethod.invokeAndHandle(ServletInvocableHandlerMethod.java:117) ~[spring-webmvc-5.3.25.jar:5.3.25]
	at org.springframework.web.servlet.mvc.method.annotation.RequestMappingHandlerAdapter.invokeHandlerMethod(RequestMappingHandlerAdapter.java:895) ~[spring-webmvc-5.3.25.jar:5.3.25]
	at org.springframework.web.servlet.mvc.method.annotation.RequestMappingHandlerAdapter.handleInternal(RequestMappingHandlerAdapter.java:808) ~[spring-webmvc-5.3.25.jar:5.3.25]
	at org.springframework.web.servlet.mvc.method.AbstractHandlerMethodAdapter.handle(AbstractHandlerMethodAdapter.java:87) ~[spring-webmvc-5.3.25.jar:5.3.25]
	at org.springframework.web.servlet.DispatcherServlet.doDispatch(DispatcherServlet.java:1071) ~[spring-webmvc-5.3.25.jar:5.3.25]
	at org.springframework.web.servlet.DispatcherServlet.doService(DispatcherServlet.java:964) ~[spring-webmvc-5.3.25.jar:5.3.25]
	at org.springframework.web.servlet.FrameworkServlet.processRequest(FrameworkServlet.java:1006) ~[spring-webmvc-5.3.25.jar:5.3.25]
	at org.springframework.web.servlet.FrameworkServlet.doGet(FrameworkServlet.java:898) ~[spring-webmvc-5.3.25.jar:5.3.25]
	at javax.servlet.http.HttpServlet.service(HttpServlet.java:670) ~[tomcat-embed-core-9.0.71.jar:4.0.FR]
	at org.springframework.web.servlet.FrameworkServlet.service(FrameworkServlet.java:883) ~[spring-webmvc-5.3.25.jar:5.3.25]
	at javax.servlet.http.HttpServlet.service(HttpServlet.java:779) ~[tomcat-embed-core-9.0.71.jar:4.0.FR]
	at org.apache.catalina.core.ApplicationFilterChain.internalDoFilter(ApplicationFilterChain.java:227) ~[tomcat-embed-core-9.0.71.jar:9.0.71]
	at org.apache.catalina.core.ApplicationFilterChain.doFilter(ApplicationFilterChain.java:162) ~[tomcat-embed-core-9.0.71.jar:9.0.71]
	at org.apache.tomcat.websocket.server.WsFilter.doFilter(WsFilter.java:53) ~[tomcat-embed-websocket-9.0.71.jar:9.0.71]
	at org.apache.catalina.core.ApplicationFilterChain.internalDoFilter(ApplicationFilterChain.java:189) ~[tomcat-embed-core-9.0.71.jar:9.0.71]
	at org.apache.catalina.core.ApplicationFilterChain.doFilter(ApplicationFilterChain.java:162) ~[tomcat-embed-core-9.0.71.jar:9.0.71]
	at org.springframework.web.filter.RequestContextFilter.doFilterInternal(RequestContextFilter.java:100) ~[spring-web-5.3.25.jar:5.3.25]
	at org.springframework.web.filter.OncePerRequestFilter.doFilter(OncePerRequestFilter.java:117) ~[spring-web-5.3.25.jar:5.3.25]
	at org.apache.catalina.core.ApplicationFilterChain.internalDoFilter(ApplicationFilterChain.java:189) ~[tomcat-embed-core-9.0.71.jar:9.0.71]
	at org.apache.catalina.core.ApplicationFilterChain.doFilter(ApplicationFilterChain.java:162) ~[tomcat-embed-core-9.0.71.jar:9.0.71]
	at org.springframework.web.filter.FormContentFilter.doFilterInternal(FormContentFilter.java:93) ~[spring-web-5.3.25.jar:5.3.25]
	at org.springframework.web.filter.OncePerRequestFilter.doFilter(OncePerRequestFilter.java:117) ~[spring-web-5.3.25.jar:5.3.25]
	at org.apache.catalina.core.ApplicationFilterChain.internalDoFilter(ApplicationFilterChain.java:189) ~[tomcat-embed-core-9.0.71.jar:9.0.71]
	at org.apache.catalina.core.ApplicationFilterChain.doFilter(ApplicationFilterChain.java:162) ~[tomcat-embed-core-9.0.71.jar:9.0.71]
	at org.springframework.web.filter.CharacterEncodingFilter.doFilterInternal(CharacterEncodingFilter.java:201) ~[spring-web-5.3.25.jar:5.3.25]
	at org.springframework.web.filter.OncePerRequestFilter.doFilter(OncePerRequestFilter.java:117) ~[spring-web-5.3.25.jar:5.3.25]
	at org.apache.catalina.core.ApplicationFilterChain.internalDoFilter(ApplicationFilterChain.java:189) ~[tomcat-embed-core-9.0.71.jar:9.0.71]
	at org.apache.catalina.core.ApplicationFilterChain.doFilter(ApplicationFilterChain.java:162) ~[tomcat-embed-core-9.0.71.jar:9.0.71]
	at org.apache.catalina.core.StandardWrapperValve.invoke(StandardWrapperValve.java:177) ~[tomcat-embed-core-9.0.71.jar:9.0.71]
	at org.apache.catalina.core.StandardContextValve.invoke(StandardContextValve.java:97) ~[tomcat-embed-core-9.0.71.jar:9.0.71]
	at org.apache.catalina.authenticator.AuthenticatorBase.invoke(AuthenticatorBase.java:541) ~[tomcat-embed-core-9.0.71.jar:9.0.71]
	at org.apache.catalina.core.StandardHostValve.invoke(StandardHostValve.java:135) ~[tomcat-embed-core-9.0.71.jar:9.0.71]
	at org.apache.catalina.valves.ErrorReportValve.invoke(ErrorReportValve.java:92) ~[tomcat-embed-core-9.0.71.jar:9.0.71]
	at org.apache.catalina.core.StandardEngineValve.invoke(StandardEngineValve.java:78) ~[tomcat-embed-core-9.0.71.jar:9.0.71]
	at org.apache.catalina.connector.CoyoteAdapter.service(CoyoteAdapter.java:360) ~[tomcat-embed-core-9.0.71.jar:9.0.71]
	at org.apache.coyote.http11.Http11Processor.service(Http11Processor.java:399) ~[tomcat-embed-core-9.0.71.jar:9.0.71]
	at org.apache.coyote.AbstractProcessorLight.process(AbstractProcessorLight.java:65) ~[tomcat-embed-core-9.0.71.jar:9.0.71]
	at org.apache.coyote.AbstractProtocol$ConnectionHandler.process(AbstractProtocol.java:891) ~[tomcat-embed-core-9.0.71.jar:9.0.71]
	at org.apache.tomcat.util.net.NioEndpoint$SocketProcessor.doRun(NioEndpoint.java:1784) ~[tomcat-embed-core-9.0.71.jar:9.0.71]
	at org.apache.tomcat.util.net.SocketProcessorBase.run(SocketProcessorBase.java:49) ~[tomcat-embed-core-9.0.71.jar:9.0.71]
	at org.apache.tomcat.util.threads.ThreadPoolExecutor.runWorker(ThreadPoolExecutor.java:1191) ~[tomcat-embed-core-9.0.71.jar:9.0.71]
	at org.apache.tomcat.util.threads.ThreadPoolExecutor$Worker.run(ThreadPoolExecutor.java:659) ~[tomcat-embed-core-9.0.71.jar:9.0.71]
	at org.apache.tomcat.util.threads.TaskThread$WrappingRunnable.run(TaskThread.java:61) ~[tomcat-embed-core-9.0.71.jar:9.0.71]
	at java.lang.Thread.run(Thread.java:840) ~[?:?]
[2025-03-27 09:42:00:315] [ERROR] - org.apache.juli.logging.DirectJDKLog.log(DirectJDKLog.java:175) - Servlet.service() for servlet [dispatcherServlet] in context with path [] threw exception [Request processing failed; nested exception is org.mybatis.spring.MyBatisSystemException: nested exception is org.apache.ibatis.exceptions.PersistenceException: 
### Error querying database.  Cause: org.springframework.jdbc.CannotGetJdbcConnectionException: Failed to obtain JDBC Connection; nested exception is java.sql.SQLException: Access denied for user 'root'@'localhost' (using password: YES)
### The error may exist in file [E:\computer2\computer1\ifly\target\classes\mapper\userMapper.xml]
### The error may involve ma.com.mapper.UserMapper.getUserList
### The error occurred while executing a query
### Cause: org.springframework.jdbc.CannotGetJdbcConnectionException: Failed to obtain JDBC Connection; nested exception is java.sql.SQLException: Access denied for user 'root'@'localhost' (using password: YES)] with root cause
java.sql.SQLException: Access denied for user 'root'@'localhost' (using password: YES)
	at com.mysql.jdbc.SQLError.createSQLException(SQLError.java:965) ~[mysql-connector-java-5.1.49.jar:5.1.49]
	at com.mysql.jdbc.MysqlIO.checkErrorPacket(MysqlIO.java:3933) ~[mysql-connector-java-5.1.49.jar:5.1.49]
	at com.mysql.jdbc.MysqlIO.checkErrorPacket(MysqlIO.java:3869) ~[mysql-connector-java-5.1.49.jar:5.1.49]
	at com.mysql.jdbc.MysqlIO.checkErrorPacket(MysqlIO.java:864) ~[mysql-connector-java-5.1.49.jar:5.1.49]
	at com.mysql.jdbc.MysqlIO.proceedHandshakeWithPluggableAuthentication(MysqlIO.java:1707) ~[mysql-connector-java-5.1.49.jar:5.1.49]
	at com.mysql.jdbc.MysqlIO.doHandshake(MysqlIO.java:1217) ~[mysql-connector-java-5.1.49.jar:5.1.49]
	at com.mysql.jdbc.ConnectionImpl.coreConnect(ConnectionImpl.java:2189) ~[mysql-connector-java-5.1.49.jar:5.1.49]
	at com.mysql.jdbc.ConnectionImpl.connectOneTryOnly(ConnectionImpl.java:2220) ~[mysql-connector-java-5.1.49.jar:5.1.49]
	at com.mysql.jdbc.ConnectionImpl.createNewIO(ConnectionImpl.java:2015) ~[mysql-connector-java-5.1.49.jar:5.1.49]
	at com.mysql.jdbc.ConnectionImpl.<init>(ConnectionImpl.java:768) ~[mysql-connector-java-5.1.49.jar:5.1.49]
	at com.mysql.jdbc.JDBC4Connection.<init>(JDBC4Connection.java:47) ~[mysql-connector-java-5.1.49.jar:5.1.49]
	at jdk.internal.reflect.NativeConstructorAccessorImpl.newInstance0(Native Method) ~[?:?]
	at jdk.internal.reflect.NativeConstructorAccessorImpl.newInstance(NativeConstructorAccessorImpl.java:77) ~[?:?]
	at jdk.internal.reflect.DelegatingConstructorAccessorImpl.newInstance(DelegatingConstructorAccessorImpl.java:45) ~[?:?]
	at java.lang.reflect.Constructor.newInstanceWithCaller(Constructor.java:499) ~[?:?]
	at java.lang.reflect.Constructor.newInstance(Constructor.java:480) ~[?:?]
	at com.mysql.jdbc.Util.handleNewInstance(Util.java:403) ~[mysql-connector-java-5.1.49.jar:5.1.49]
	at com.mysql.jdbc.ConnectionImpl.getInstance(ConnectionImpl.java:385) ~[mysql-connector-java-5.1.49.jar:5.1.49]
	at com.mysql.jdbc.NonRegisteringDriver.connect(NonRegisteringDriver.java:323) ~[mysql-connector-java-5.1.49.jar:5.1.49]
	at com.zaxxer.hikari.util.DriverDataSource.getConnection(DriverDataSource.java:138) ~[HikariCP-4.0.3.jar:?]
	at com.zaxxer.hikari.pool.PoolBase.newConnection(PoolBase.java:364) ~[HikariCP-4.0.3.jar:?]
	at com.zaxxer.hikari.pool.PoolBase.newPoolEntry(PoolBase.java:206) ~[HikariCP-4.0.3.jar:?]
	at com.zaxxer.hikari.pool.HikariPool.createPoolEntry(HikariPool.java:476) ~[HikariCP-4.0.3.jar:?]
	at com.zaxxer.hikari.pool.HikariPool.checkFailFast(HikariPool.java:561) ~[HikariCP-4.0.3.jar:?]
	at com.zaxxer.hikari.pool.HikariPool.<init>(HikariPool.java:115) ~[HikariCP-4.0.3.jar:?]
	at com.zaxxer.hikari.HikariDataSource.getConnection(HikariDataSource.java:112) ~[HikariCP-4.0.3.jar:?]
	at org.springframework.jdbc.datasource.DataSourceUtils.fetchConnection(DataSourceUtils.java:159) ~[spring-jdbc-5.3.25.jar:5.3.25]
	at org.springframework.jdbc.datasource.DataSourceUtils.doGetConnection(DataSourceUtils.java:117) ~[spring-jdbc-5.3.25.jar:5.3.25]
	at org.springframework.jdbc.datasource.DataSourceUtils.getConnection(DataSourceUtils.java:80) ~[spring-jdbc-5.3.25.jar:5.3.25]
	at org.mybatis.spring.transaction.SpringManagedTransaction.openConnection(SpringManagedTransaction.java:80) ~[mybatis-spring-2.1.0.jar:2.1.0]
	at org.mybatis.spring.transaction.SpringManagedTransaction.getConnection(SpringManagedTransaction.java:67) ~[mybatis-spring-2.1.0.jar:2.1.0]
	at org.apache.ibatis.executor.BaseExecutor.getConnection(BaseExecutor.java:337) ~[mybatis-3.5.11.jar:3.5.11]
	at org.apache.ibatis.executor.SimpleExecutor.prepareStatement(SimpleExecutor.java:86) ~[mybatis-3.5.11.jar:3.5.11]
	at org.apache.ibatis.executor.SimpleExecutor.doQuery(SimpleExecutor.java:62) ~[mybatis-3.5.11.jar:3.5.11]
	at org.apache.ibatis.executor.BaseExecutor.queryFromDatabase(BaseExecutor.java:325) ~[mybatis-3.5.11.jar:3.5.11]
	at org.apache.ibatis.executor.BaseExecutor.query(BaseExecutor.java:156) ~[mybatis-3.5.11.jar:3.5.11]
	at org.apache.ibatis.executor.CachingExecutor.query(CachingExecutor.java:109) ~[mybatis-3.5.11.jar:3.5.11]
	at com.github.pagehelper.PageInterceptor.intercept(PageInterceptor.java:151) ~[pagehelper-5.3.2.jar:?]
	at org.apache.ibatis.plugin.Plugin.invoke(Plugin.java:62) ~[mybatis-3.5.11.jar:3.5.11]
	at jdk.proxy2.$Proxy131.query(Unknown Source) ~[?:?]
	at org.apache.ibatis.session.defaults.DefaultSqlSession.selectList(DefaultSqlSession.java:151) ~[mybatis-3.5.11.jar:3.5.11]
	at org.apache.ibatis.session.defaults.DefaultSqlSession.selectList(DefaultSqlSession.java:145) ~[mybatis-3.5.11.jar:3.5.11]
	at org.apache.ibatis.session.defaults.DefaultSqlSession.selectList(DefaultSqlSession.java:140) ~[mybatis-3.5.11.jar:3.5.11]
	at jdk.internal.reflect.NativeMethodAccessorImpl.invoke0(Native Method) ~[?:?]
	at jdk.internal.reflect.NativeMethodAccessorImpl.invoke(NativeMethodAccessorImpl.java:77) ~[?:?]
	at jdk.internal.reflect.DelegatingMethodAccessorImpl.invoke(DelegatingMethodAccessorImpl.java:43) ~[?:?]
	at java.lang.reflect.Method.invoke(Method.java:568) ~[?:?]
	at org.mybatis.spring.SqlSessionTemplate$SqlSessionInterceptor.invoke(SqlSessionTemplate.java:425) ~[mybatis-spring-2.1.0.jar:2.1.0]
	at jdk.proxy2.$Proxy92.selectList(Unknown Source) ~[?:?]
	at org.mybatis.spring.SqlSessionTemplate.selectList(SqlSessionTemplate.java:224) ~[mybatis-spring-2.1.0.jar:2.1.0]
	at org.apache.ibatis.binding.MapperMethod.executeForMany(MapperMethod.java:147) ~[mybatis-3.5.11.jar:3.5.11]
	at org.apache.ibatis.binding.MapperMethod.execute(MapperMethod.java:80) ~[mybatis-3.5.11.jar:3.5.11]
	at org.apache.ibatis.binding.MapperProxy$PlainMethodInvoker.invoke(MapperProxy.java:145) ~[mybatis-3.5.11.jar:3.5.11]
	at org.apache.ibatis.binding.MapperProxy.invoke(MapperProxy.java:86) ~[mybatis-3.5.11.jar:3.5.11]
	at jdk.proxy3.$Proxy110.getUserList(Unknown Source) ~[?:?]
	at ma.com.serviceImp.UserServiceImp.getAllUser(UserServiceImp.java:19) ~[classes/:?]
	at ma.com.controller.UserController.getAllUser(UserController.java:103) ~[classes/:?]
	at jdk.internal.reflect.NativeMethodAccessorImpl.invoke0(Native Method) ~[?:?]
	at jdk.internal.reflect.NativeMethodAccessorImpl.invoke(NativeMethodAccessorImpl.java:77) ~[?:?]
	at jdk.internal.reflect.DelegatingMethodAccessorImpl.invoke(DelegatingMethodAccessorImpl.java:43) ~[?:?]
	at java.lang.reflect.Method.invoke(Method.java:568) ~[?:?]
	at org.springframework.web.method.support.InvocableHandlerMethod.doInvoke(InvocableHandlerMethod.java:205) ~[spring-web-5.3.25.jar:5.3.25]
	at org.springframework.web.method.support.InvocableHandlerMethod.invokeForRequest(InvocableHandlerMethod.java:150) ~[spring-web-5.3.25.jar:5.3.25]
	at org.springframework.web.servlet.mvc.method.annotation.ServletInvocableHandlerMethod.invokeAndHandle(ServletInvocableHandlerMethod.java:117) ~[spring-webmvc-5.3.25.jar:5.3.25]
	at org.springframework.web.servlet.mvc.method.annotation.RequestMappingHandlerAdapter.invokeHandlerMethod(RequestMappingHandlerAdapter.java:895) ~[spring-webmvc-5.3.25.jar:5.3.25]
	at org.springframework.web.servlet.mvc.method.annotation.RequestMappingHandlerAdapter.handleInternal(RequestMappingHandlerAdapter.java:808) ~[spring-webmvc-5.3.25.jar:5.3.25]
	at org.springframework.web.servlet.mvc.method.AbstractHandlerMethodAdapter.handle(AbstractHandlerMethodAdapter.java:87) ~[spring-webmvc-5.3.25.jar:5.3.25]
	at org.springframework.web.servlet.DispatcherServlet.doDispatch(DispatcherServlet.java:1071) ~[spring-webmvc-5.3.25.jar:5.3.25]
	at org.springframework.web.servlet.DispatcherServlet.doService(DispatcherServlet.java:964) ~[spring-webmvc-5.3.25.jar:5.3.25]
	at org.springframework.web.servlet.FrameworkServlet.processRequest(FrameworkServlet.java:1006) ~[spring-webmvc-5.3.25.jar:5.3.25]
	at org.springframework.web.servlet.FrameworkServlet.doGet(FrameworkServlet.java:898) ~[spring-webmvc-5.3.25.jar:5.3.25]
	at javax.servlet.http.HttpServlet.service(HttpServlet.java:670) ~[tomcat-embed-core-9.0.71.jar:4.0.FR]
	at org.springframework.web.servlet.FrameworkServlet.service(FrameworkServlet.java:883) ~[spring-webmvc-5.3.25.jar:5.3.25]
	at javax.servlet.http.HttpServlet.service(HttpServlet.java:779) ~[tomcat-embed-core-9.0.71.jar:4.0.FR]
	at org.apache.catalina.core.ApplicationFilterChain.internalDoFilter(ApplicationFilterChain.java:227) ~[tomcat-embed-core-9.0.71.jar:9.0.71]
	at org.apache.catalina.core.ApplicationFilterChain.doFilter(ApplicationFilterChain.java:162) ~[tomcat-embed-core-9.0.71.jar:9.0.71]
	at org.apache.tomcat.websocket.server.WsFilter.doFilter(WsFilter.java:53) ~[tomcat-embed-websocket-9.0.71.jar:9.0.71]
	at org.apache.catalina.core.ApplicationFilterChain.internalDoFilter(ApplicationFilterChain.java:189) ~[tomcat-embed-core-9.0.71.jar:9.0.71]
	at org.apache.catalina.core.ApplicationFilterChain.doFilter(ApplicationFilterChain.java:162) ~[tomcat-embed-core-9.0.71.jar:9.0.71]
	at org.springframework.web.filter.RequestContextFilter.doFilterInternal(RequestContextFilter.java:100) ~[spring-web-5.3.25.jar:5.3.25]
	at org.springframework.web.filter.OncePerRequestFilter.doFilter(OncePerRequestFilter.java:117) ~[spring-web-5.3.25.jar:5.3.25]
	at org.apache.catalina.core.ApplicationFilterChain.internalDoFilter(ApplicationFilterChain.java:189) ~[tomcat-embed-core-9.0.71.jar:9.0.71]
	at org.apache.catalina.core.ApplicationFilterChain.doFilter(ApplicationFilterChain.java:162) ~[tomcat-embed-core-9.0.71.jar:9.0.71]
	at org.springframework.web.filter.FormContentFilter.doFilterInternal(FormContentFilter.java:93) ~[spring-web-5.3.25.jar:5.3.25]
	at org.springframework.web.filter.OncePerRequestFilter.doFilter(OncePerRequestFilter.java:117) ~[spring-web-5.3.25.jar:5.3.25]
	at org.apache.catalina.core.ApplicationFilterChain.internalDoFilter(ApplicationFilterChain.java:189) ~[tomcat-embed-core-9.0.71.jar:9.0.71]
	at org.apache.catalina.core.ApplicationFilterChain.doFilter(ApplicationFilterChain.java:162) ~[tomcat-embed-core-9.0.71.jar:9.0.71]
	at org.springframework.web.filter.CharacterEncodingFilter.doFilterInternal(CharacterEncodingFilter.java:201) ~[spring-web-5.3.25.jar:5.3.25]
	at org.springframework.web.filter.OncePerRequestFilter.doFilter(OncePerRequestFilter.java:117) ~[spring-web-5.3.25.jar:5.3.25]
	at org.apache.catalina.core.ApplicationFilterChain.internalDoFilter(ApplicationFilterChain.java:189) ~[tomcat-embed-core-9.0.71.jar:9.0.71]
	at org.apache.catalina.core.ApplicationFilterChain.doFilter(ApplicationFilterChain.java:162) ~[tomcat-embed-core-9.0.71.jar:9.0.71]
	at org.apache.catalina.core.StandardWrapperValve.invoke(StandardWrapperValve.java:177) ~[tomcat-embed-core-9.0.71.jar:9.0.71]
	at org.apache.catalina.core.StandardContextValve.invoke(StandardContextValve.java:97) ~[tomcat-embed-core-9.0.71.jar:9.0.71]
	at org.apache.catalina.authenticator.AuthenticatorBase.invoke(AuthenticatorBase.java:541) ~[tomcat-embed-core-9.0.71.jar:9.0.71]
	at org.apache.catalina.core.StandardHostValve.invoke(StandardHostValve.java:135) ~[tomcat-embed-core-9.0.71.jar:9.0.71]
	at org.apache.catalina.valves.ErrorReportValve.invoke(ErrorReportValve.java:92) ~[tomcat-embed-core-9.0.71.jar:9.0.71]
	at org.apache.catalina.core.StandardEngineValve.invoke(StandardEngineValve.java:78) ~[tomcat-embed-core-9.0.71.jar:9.0.71]
	at org.apache.catalina.connector.CoyoteAdapter.service(CoyoteAdapter.java:360) ~[tomcat-embed-core-9.0.71.jar:9.0.71]
	at org.apache.coyote.http11.Http11Processor.service(Http11Processor.java:399) ~[tomcat-embed-core-9.0.71.jar:9.0.71]
	at org.apache.coyote.AbstractProcessorLight.process(AbstractProcessorLight.java:65) ~[tomcat-embed-core-9.0.71.jar:9.0.71]
	at org.apache.coyote.AbstractProtocol$ConnectionHandler.process(AbstractProtocol.java:891) ~[tomcat-embed-core-9.0.71.jar:9.0.71]
	at org.apache.tomcat.util.net.NioEndpoint$SocketProcessor.doRun(NioEndpoint.java:1784) ~[tomcat-embed-core-9.0.71.jar:9.0.71]
	at org.apache.tomcat.util.net.SocketProcessorBase.run(SocketProcessorBase.java:49) ~[tomcat-embed-core-9.0.71.jar:9.0.71]
	at org.apache.tomcat.util.threads.ThreadPoolExecutor.runWorker(ThreadPoolExecutor.java:1191) ~[tomcat-embed-core-9.0.71.jar:9.0.71]
	at org.apache.tomcat.util.threads.ThreadPoolExecutor$Worker.run(ThreadPoolExecutor.java:659) ~[tomcat-embed-core-9.0.71.jar:9.0.71]
	at org.apache.tomcat.util.threads.TaskThread$WrappingRunnable.run(TaskThread.java:61) ~[tomcat-embed-core-9.0.71.jar:9.0.71]
	at java.lang.Thread.run(Thread.java:840) ~[?:?]
[2025-03-27 09:42:02:172] [ERROR] - com.zaxxer.hikari.pool.HikariPool.throwPoolInitializationException(HikariPool.java:594) - HikariPool-1 - Exception during pool initialization.
java.sql.SQLException: Access denied for user 'root'@'localhost' (using password: YES)
	at com.mysql.jdbc.SQLError.createSQLException(SQLError.java:965) ~[mysql-connector-java-5.1.49.jar:5.1.49]
	at com.mysql.jdbc.MysqlIO.checkErrorPacket(MysqlIO.java:3933) ~[mysql-connector-java-5.1.49.jar:5.1.49]
	at com.mysql.jdbc.MysqlIO.checkErrorPacket(MysqlIO.java:3869) ~[mysql-connector-java-5.1.49.jar:5.1.49]
	at com.mysql.jdbc.MysqlIO.checkErrorPacket(MysqlIO.java:864) ~[mysql-connector-java-5.1.49.jar:5.1.49]
	at com.mysql.jdbc.MysqlIO.proceedHandshakeWithPluggableAuthentication(MysqlIO.java:1707) ~[mysql-connector-java-5.1.49.jar:5.1.49]
	at com.mysql.jdbc.MysqlIO.doHandshake(MysqlIO.java:1217) ~[mysql-connector-java-5.1.49.jar:5.1.49]
	at com.mysql.jdbc.ConnectionImpl.coreConnect(ConnectionImpl.java:2189) ~[mysql-connector-java-5.1.49.jar:5.1.49]
	at com.mysql.jdbc.ConnectionImpl.connectOneTryOnly(ConnectionImpl.java:2220) ~[mysql-connector-java-5.1.49.jar:5.1.49]
	at com.mysql.jdbc.ConnectionImpl.createNewIO(ConnectionImpl.java:2015) ~[mysql-connector-java-5.1.49.jar:5.1.49]
	at com.mysql.jdbc.ConnectionImpl.<init>(ConnectionImpl.java:768) ~[mysql-connector-java-5.1.49.jar:5.1.49]
	at com.mysql.jdbc.JDBC4Connection.<init>(JDBC4Connection.java:47) ~[mysql-connector-java-5.1.49.jar:5.1.49]
	at jdk.internal.reflect.NativeConstructorAccessorImpl.newInstance0(Native Method) ~[?:?]
	at jdk.internal.reflect.NativeConstructorAccessorImpl.newInstance(NativeConstructorAccessorImpl.java:77) ~[?:?]
	at jdk.internal.reflect.DelegatingConstructorAccessorImpl.newInstance(DelegatingConstructorAccessorImpl.java:45) ~[?:?]
	at java.lang.reflect.Constructor.newInstanceWithCaller(Constructor.java:499) ~[?:?]
	at java.lang.reflect.Constructor.newInstance(Constructor.java:480) ~[?:?]
	at com.mysql.jdbc.Util.handleNewInstance(Util.java:403) ~[mysql-connector-java-5.1.49.jar:5.1.49]
	at com.mysql.jdbc.ConnectionImpl.getInstance(ConnectionImpl.java:385) ~[mysql-connector-java-5.1.49.jar:5.1.49]
	at com.mysql.jdbc.NonRegisteringDriver.connect(NonRegisteringDriver.java:323) ~[mysql-connector-java-5.1.49.jar:5.1.49]
	at com.zaxxer.hikari.util.DriverDataSource.getConnection(DriverDataSource.java:138) ~[HikariCP-4.0.3.jar:?]
	at com.zaxxer.hikari.pool.PoolBase.newConnection(PoolBase.java:364) ~[HikariCP-4.0.3.jar:?]
	at com.zaxxer.hikari.pool.PoolBase.newPoolEntry(PoolBase.java:206) ~[HikariCP-4.0.3.jar:?]
	at com.zaxxer.hikari.pool.HikariPool.createPoolEntry(HikariPool.java:476) ~[HikariCP-4.0.3.jar:?]
	at com.zaxxer.hikari.pool.HikariPool.checkFailFast(HikariPool.java:561) ~[HikariCP-4.0.3.jar:?]
	at com.zaxxer.hikari.pool.HikariPool.<init>(HikariPool.java:115) ~[HikariCP-4.0.3.jar:?]
	at com.zaxxer.hikari.HikariDataSource.getConnection(HikariDataSource.java:112) ~[HikariCP-4.0.3.jar:?]
	at org.springframework.jdbc.datasource.DataSourceUtils.fetchConnection(DataSourceUtils.java:159) ~[spring-jdbc-5.3.25.jar:5.3.25]
	at org.springframework.jdbc.datasource.DataSourceUtils.doGetConnection(DataSourceUtils.java:117) ~[spring-jdbc-5.3.25.jar:5.3.25]
	at org.springframework.jdbc.datasource.DataSourceUtils.getConnection(DataSourceUtils.java:80) ~[spring-jdbc-5.3.25.jar:5.3.25]
	at org.mybatis.spring.transaction.SpringManagedTransaction.openConnection(SpringManagedTransaction.java:80) ~[mybatis-spring-2.1.0.jar:2.1.0]
	at org.mybatis.spring.transaction.SpringManagedTransaction.getConnection(SpringManagedTransaction.java:67) ~[mybatis-spring-2.1.0.jar:2.1.0]
	at org.apache.ibatis.executor.BaseExecutor.getConnection(BaseExecutor.java:337) ~[mybatis-3.5.11.jar:3.5.11]
	at org.apache.ibatis.executor.SimpleExecutor.prepareStatement(SimpleExecutor.java:86) ~[mybatis-3.5.11.jar:3.5.11]
	at org.apache.ibatis.executor.SimpleExecutor.doQuery(SimpleExecutor.java:62) ~[mybatis-3.5.11.jar:3.5.11]
	at org.apache.ibatis.executor.BaseExecutor.queryFromDatabase(BaseExecutor.java:325) ~[mybatis-3.5.11.jar:3.5.11]
	at org.apache.ibatis.executor.BaseExecutor.query(BaseExecutor.java:156) ~[mybatis-3.5.11.jar:3.5.11]
	at org.apache.ibatis.executor.CachingExecutor.query(CachingExecutor.java:109) ~[mybatis-3.5.11.jar:3.5.11]
	at com.github.pagehelper.PageInterceptor.intercept(PageInterceptor.java:151) ~[pagehelper-5.3.2.jar:?]
	at org.apache.ibatis.plugin.Plugin.invoke(Plugin.java:62) ~[mybatis-3.5.11.jar:3.5.11]
	at jdk.proxy2.$Proxy131.query(Unknown Source) ~[?:?]
	at org.apache.ibatis.session.defaults.DefaultSqlSession.selectList(DefaultSqlSession.java:151) ~[mybatis-3.5.11.jar:3.5.11]
	at org.apache.ibatis.session.defaults.DefaultSqlSession.selectList(DefaultSqlSession.java:145) ~[mybatis-3.5.11.jar:3.5.11]
	at org.apache.ibatis.session.defaults.DefaultSqlSession.selectList(DefaultSqlSession.java:140) ~[mybatis-3.5.11.jar:3.5.11]
	at jdk.internal.reflect.NativeMethodAccessorImpl.invoke0(Native Method) ~[?:?]
	at jdk.internal.reflect.NativeMethodAccessorImpl.invoke(NativeMethodAccessorImpl.java:77) ~[?:?]
	at jdk.internal.reflect.DelegatingMethodAccessorImpl.invoke(DelegatingMethodAccessorImpl.java:43) ~[?:?]
	at java.lang.reflect.Method.invoke(Method.java:568) ~[?:?]
	at org.mybatis.spring.SqlSessionTemplate$SqlSessionInterceptor.invoke(SqlSessionTemplate.java:425) ~[mybatis-spring-2.1.0.jar:2.1.0]
	at jdk.proxy2.$Proxy92.selectList(Unknown Source) ~[?:?]
	at org.mybatis.spring.SqlSessionTemplate.selectList(SqlSessionTemplate.java:224) ~[mybatis-spring-2.1.0.jar:2.1.0]
	at org.apache.ibatis.binding.MapperMethod.executeForMany(MapperMethod.java:147) ~[mybatis-3.5.11.jar:3.5.11]
	at org.apache.ibatis.binding.MapperMethod.execute(MapperMethod.java:80) ~[mybatis-3.5.11.jar:3.5.11]
	at org.apache.ibatis.binding.MapperProxy$PlainMethodInvoker.invoke(MapperProxy.java:145) ~[mybatis-3.5.11.jar:3.5.11]
	at org.apache.ibatis.binding.MapperProxy.invoke(MapperProxy.java:86) ~[mybatis-3.5.11.jar:3.5.11]
	at jdk.proxy3.$Proxy103.getCourseByCategory(Unknown Source) ~[?:?]
	at ma.com.serviceImp.CourseServiceImpl.getCourseByCategory(CourseServiceImpl.java:32) ~[classes/:?]
	at ma.com.controller.CourseController.getCourseByCategory(CourseController.java:36) ~[classes/:?]
	at ma.com.controller.CourseController$$FastClassBySpringCGLIB$$32e59b02.invoke(<generated>) ~[classes/:?]
	at org.springframework.cglib.proxy.MethodProxy.invoke(MethodProxy.java:218) ~[spring-core-5.3.25.jar:5.3.25]
	at org.springframework.aop.framework.CglibAopProxy$CglibMethodInvocation.invokeJoinpoint(CglibAopProxy.java:793) ~[spring-aop-5.3.25.jar:5.3.25]
	at org.springframework.aop.framework.ReflectiveMethodInvocation.proceed(ReflectiveMethodInvocation.java:163) ~[spring-aop-5.3.25.jar:5.3.25]
	at org.springframework.aop.framework.CglibAopProxy$CglibMethodInvocation.proceed(CglibAopProxy.java:763) ~[spring-aop-5.3.25.jar:5.3.25]
	at org.springframework.aop.framework.adapter.AfterReturningAdviceInterceptor.invoke(AfterReturningAdviceInterceptor.java:57) ~[spring-aop-5.3.25.jar:5.3.25]
	at org.springframework.aop.framework.ReflectiveMethodInvocation.proceed(ReflectiveMethodInvocation.java:175) ~[spring-aop-5.3.25.jar:5.3.25]
	at org.springframework.aop.framework.CglibAopProxy$CglibMethodInvocation.proceed(CglibAopProxy.java:763) ~[spring-aop-5.3.25.jar:5.3.25]
	at org.springframework.aop.interceptor.ExposeInvocationInterceptor.invoke(ExposeInvocationInterceptor.java:97) ~[spring-aop-5.3.25.jar:5.3.25]
	at org.springframework.aop.framework.ReflectiveMethodInvocation.proceed(ReflectiveMethodInvocation.java:186) ~[spring-aop-5.3.25.jar:5.3.25]
	at org.springframework.aop.framework.CglibAopProxy$CglibMethodInvocation.proceed(CglibAopProxy.java:763) ~[spring-aop-5.3.25.jar:5.3.25]
	at org.springframework.aop.framework.CglibAopProxy$DynamicAdvisedInterceptor.intercept(CglibAopProxy.java:708) ~[spring-aop-5.3.25.jar:5.3.25]
	at ma.com.controller.CourseController$$EnhancerBySpringCGLIB$$5e8b9d6e.getCourseByCategory(<generated>) ~[classes/:?]
	at jdk.internal.reflect.NativeMethodAccessorImpl.invoke0(Native Method) ~[?:?]
	at jdk.internal.reflect.NativeMethodAccessorImpl.invoke(NativeMethodAccessorImpl.java:77) ~[?:?]
	at jdk.internal.reflect.DelegatingMethodAccessorImpl.invoke(DelegatingMethodAccessorImpl.java:43) ~[?:?]
	at java.lang.reflect.Method.invoke(Method.java:568) ~[?:?]
	at org.springframework.web.method.support.InvocableHandlerMethod.doInvoke(InvocableHandlerMethod.java:205) ~[spring-web-5.3.25.jar:5.3.25]
	at org.springframework.web.method.support.InvocableHandlerMethod.invokeForRequest(InvocableHandlerMethod.java:150) ~[spring-web-5.3.25.jar:5.3.25]
	at org.springframework.web.servlet.mvc.method.annotation.ServletInvocableHandlerMethod.invokeAndHandle(ServletInvocableHandlerMethod.java:117) ~[spring-webmvc-5.3.25.jar:5.3.25]
	at org.springframework.web.servlet.mvc.method.annotation.RequestMappingHandlerAdapter.invokeHandlerMethod(RequestMappingHandlerAdapter.java:895) ~[spring-webmvc-5.3.25.jar:5.3.25]
	at org.springframework.web.servlet.mvc.method.annotation.RequestMappingHandlerAdapter.handleInternal(RequestMappingHandlerAdapter.java:808) ~[spring-webmvc-5.3.25.jar:5.3.25]
	at org.springframework.web.servlet.mvc.method.AbstractHandlerMethodAdapter.handle(AbstractHandlerMethodAdapter.java:87) ~[spring-webmvc-5.3.25.jar:5.3.25]
	at org.springframework.web.servlet.DispatcherServlet.doDispatch(DispatcherServlet.java:1071) ~[spring-webmvc-5.3.25.jar:5.3.25]
	at org.springframework.web.servlet.DispatcherServlet.doService(DispatcherServlet.java:964) ~[spring-webmvc-5.3.25.jar:5.3.25]
	at org.springframework.web.servlet.FrameworkServlet.processRequest(FrameworkServlet.java:1006) ~[spring-webmvc-5.3.25.jar:5.3.25]
	at org.springframework.web.servlet.FrameworkServlet.doGet(FrameworkServlet.java:898) ~[spring-webmvc-5.3.25.jar:5.3.25]
	at javax.servlet.http.HttpServlet.service(HttpServlet.java:670) ~[tomcat-embed-core-9.0.71.jar:4.0.FR]
	at org.springframework.web.servlet.FrameworkServlet.service(FrameworkServlet.java:883) ~[spring-webmvc-5.3.25.jar:5.3.25]
	at javax.servlet.http.HttpServlet.service(HttpServlet.java:779) ~[tomcat-embed-core-9.0.71.jar:4.0.FR]
	at org.apache.catalina.core.ApplicationFilterChain.internalDoFilter(ApplicationFilterChain.java:227) ~[tomcat-embed-core-9.0.71.jar:9.0.71]
	at org.apache.catalina.core.ApplicationFilterChain.doFilter(ApplicationFilterChain.java:162) ~[tomcat-embed-core-9.0.71.jar:9.0.71]
	at org.apache.tomcat.websocket.server.WsFilter.doFilter(WsFilter.java:53) ~[tomcat-embed-websocket-9.0.71.jar:9.0.71]
	at org.apache.catalina.core.ApplicationFilterChain.internalDoFilter(ApplicationFilterChain.java:189) ~[tomcat-embed-core-9.0.71.jar:9.0.71]
	at org.apache.catalina.core.ApplicationFilterChain.doFilter(ApplicationFilterChain.java:162) ~[tomcat-embed-core-9.0.71.jar:9.0.71]
	at org.springframework.web.filter.RequestContextFilter.doFilterInternal(RequestContextFilter.java:100) ~[spring-web-5.3.25.jar:5.3.25]
	at org.springframework.web.filter.OncePerRequestFilter.doFilter(OncePerRequestFilter.java:117) ~[spring-web-5.3.25.jar:5.3.25]
	at org.apache.catalina.core.ApplicationFilterChain.internalDoFilter(ApplicationFilterChain.java:189) ~[tomcat-embed-core-9.0.71.jar:9.0.71]
	at org.apache.catalina.core.ApplicationFilterChain.doFilter(ApplicationFilterChain.java:162) ~[tomcat-embed-core-9.0.71.jar:9.0.71]
	at org.springframework.web.filter.FormContentFilter.doFilterInternal(FormContentFilter.java:93) ~[spring-web-5.3.25.jar:5.3.25]
	at org.springframework.web.filter.OncePerRequestFilter.doFilter(OncePerRequestFilter.java:117) ~[spring-web-5.3.25.jar:5.3.25]
	at org.apache.catalina.core.ApplicationFilterChain.internalDoFilter(ApplicationFilterChain.java:189) ~[tomcat-embed-core-9.0.71.jar:9.0.71]
	at org.apache.catalina.core.ApplicationFilterChain.doFilter(ApplicationFilterChain.java:162) ~[tomcat-embed-core-9.0.71.jar:9.0.71]
	at org.springframework.web.filter.CharacterEncodingFilter.doFilterInternal(CharacterEncodingFilter.java:201) ~[spring-web-5.3.25.jar:5.3.25]
	at org.springframework.web.filter.OncePerRequestFilter.doFilter(OncePerRequestFilter.java:117) ~[spring-web-5.3.25.jar:5.3.25]
	at org.apache.catalina.core.ApplicationFilterChain.internalDoFilter(ApplicationFilterChain.java:189) ~[tomcat-embed-core-9.0.71.jar:9.0.71]
	at org.apache.catalina.core.ApplicationFilterChain.doFilter(ApplicationFilterChain.java:162) ~[tomcat-embed-core-9.0.71.jar:9.0.71]
	at org.apache.catalina.core.StandardWrapperValve.invoke(StandardWrapperValve.java:177) ~[tomcat-embed-core-9.0.71.jar:9.0.71]
	at org.apache.catalina.core.StandardContextValve.invoke(StandardContextValve.java:97) ~[tomcat-embed-core-9.0.71.jar:9.0.71]
	at org.apache.catalina.authenticator.AuthenticatorBase.invoke(AuthenticatorBase.java:541) ~[tomcat-embed-core-9.0.71.jar:9.0.71]
	at org.apache.catalina.core.StandardHostValve.invoke(StandardHostValve.java:135) ~[tomcat-embed-core-9.0.71.jar:9.0.71]
	at org.apache.catalina.valves.ErrorReportValve.invoke(ErrorReportValve.java:92) ~[tomcat-embed-core-9.0.71.jar:9.0.71]
	at org.apache.catalina.core.StandardEngineValve.invoke(StandardEngineValve.java:78) ~[tomcat-embed-core-9.0.71.jar:9.0.71]
	at org.apache.catalina.connector.CoyoteAdapter.service(CoyoteAdapter.java:360) ~[tomcat-embed-core-9.0.71.jar:9.0.71]
	at org.apache.coyote.http11.Http11Processor.service(Http11Processor.java:399) ~[tomcat-embed-core-9.0.71.jar:9.0.71]
	at org.apache.coyote.AbstractProcessorLight.process(AbstractProcessorLight.java:65) ~[tomcat-embed-core-9.0.71.jar:9.0.71]
	at org.apache.coyote.AbstractProtocol$ConnectionHandler.process(AbstractProtocol.java:891) ~[tomcat-embed-core-9.0.71.jar:9.0.71]
	at org.apache.tomcat.util.net.NioEndpoint$SocketProcessor.doRun(NioEndpoint.java:1784) ~[tomcat-embed-core-9.0.71.jar:9.0.71]
	at org.apache.tomcat.util.net.SocketProcessorBase.run(SocketProcessorBase.java:49) ~[tomcat-embed-core-9.0.71.jar:9.0.71]
	at org.apache.tomcat.util.threads.ThreadPoolExecutor.runWorker(ThreadPoolExecutor.java:1191) ~[tomcat-embed-core-9.0.71.jar:9.0.71]
	at org.apache.tomcat.util.threads.ThreadPoolExecutor$Worker.run(ThreadPoolExecutor.java:659) ~[tomcat-embed-core-9.0.71.jar:9.0.71]
	at org.apache.tomcat.util.threads.TaskThread$WrappingRunnable.run(TaskThread.java:61) ~[tomcat-embed-core-9.0.71.jar:9.0.71]
	at java.lang.Thread.run(Thread.java:840) ~[?:?]
[2025-03-27 09:42:02:177] [ERROR] - org.apache.juli.logging.DirectJDKLog.log(DirectJDKLog.java:175) - Servlet.service() for servlet [dispatcherServlet] in context with path [] threw exception [Request processing failed; nested exception is org.mybatis.spring.MyBatisSystemException: nested exception is org.apache.ibatis.exceptions.PersistenceException: 
### Error querying database.  Cause: org.springframework.jdbc.CannotGetJdbcConnectionException: Failed to obtain JDBC Connection; nested exception is java.sql.SQLException: Access denied for user 'root'@'localhost' (using password: YES)
### The error may exist in file [E:\computer2\computer1\ifly\target\classes\mapper\CourseMapper.xml]
### The error may involve ma.com.mapper.CourseMapper.getCourseByCategory
### The error occurred while executing a query
### Cause: org.springframework.jdbc.CannotGetJdbcConnectionException: Failed to obtain JDBC Connection; nested exception is java.sql.SQLException: Access denied for user 'root'@'localhost' (using password: YES)] with root cause
java.sql.SQLException: Access denied for user 'root'@'localhost' (using password: YES)
	at com.mysql.jdbc.SQLError.createSQLException(SQLError.java:965) ~[mysql-connector-java-5.1.49.jar:5.1.49]
	at com.mysql.jdbc.MysqlIO.checkErrorPacket(MysqlIO.java:3933) ~[mysql-connector-java-5.1.49.jar:5.1.49]
	at com.mysql.jdbc.MysqlIO.checkErrorPacket(MysqlIO.java:3869) ~[mysql-connector-java-5.1.49.jar:5.1.49]
	at com.mysql.jdbc.MysqlIO.checkErrorPacket(MysqlIO.java:864) ~[mysql-connector-java-5.1.49.jar:5.1.49]
	at com.mysql.jdbc.MysqlIO.proceedHandshakeWithPluggableAuthentication(MysqlIO.java:1707) ~[mysql-connector-java-5.1.49.jar:5.1.49]
	at com.mysql.jdbc.MysqlIO.doHandshake(MysqlIO.java:1217) ~[mysql-connector-java-5.1.49.jar:5.1.49]
	at com.mysql.jdbc.ConnectionImpl.coreConnect(ConnectionImpl.java:2189) ~[mysql-connector-java-5.1.49.jar:5.1.49]
	at com.mysql.jdbc.ConnectionImpl.connectOneTryOnly(ConnectionImpl.java:2220) ~[mysql-connector-java-5.1.49.jar:5.1.49]
	at com.mysql.jdbc.ConnectionImpl.createNewIO(ConnectionImpl.java:2015) ~[mysql-connector-java-5.1.49.jar:5.1.49]
	at com.mysql.jdbc.ConnectionImpl.<init>(ConnectionImpl.java:768) ~[mysql-connector-java-5.1.49.jar:5.1.49]
	at com.mysql.jdbc.JDBC4Connection.<init>(JDBC4Connection.java:47) ~[mysql-connector-java-5.1.49.jar:5.1.49]
	at jdk.internal.reflect.NativeConstructorAccessorImpl.newInstance0(Native Method) ~[?:?]
	at jdk.internal.reflect.NativeConstructorAccessorImpl.newInstance(NativeConstructorAccessorImpl.java:77) ~[?:?]
	at jdk.internal.reflect.DelegatingConstructorAccessorImpl.newInstance(DelegatingConstructorAccessorImpl.java:45) ~[?:?]
	at java.lang.reflect.Constructor.newInstanceWithCaller(Constructor.java:499) ~[?:?]
	at java.lang.reflect.Constructor.newInstance(Constructor.java:480) ~[?:?]
	at com.mysql.jdbc.Util.handleNewInstance(Util.java:403) ~[mysql-connector-java-5.1.49.jar:5.1.49]
	at com.mysql.jdbc.ConnectionImpl.getInstance(ConnectionImpl.java:385) ~[mysql-connector-java-5.1.49.jar:5.1.49]
	at com.mysql.jdbc.NonRegisteringDriver.connect(NonRegisteringDriver.java:323) ~[mysql-connector-java-5.1.49.jar:5.1.49]
	at com.zaxxer.hikari.util.DriverDataSource.getConnection(DriverDataSource.java:138) ~[HikariCP-4.0.3.jar:?]
	at com.zaxxer.hikari.pool.PoolBase.newConnection(PoolBase.java:364) ~[HikariCP-4.0.3.jar:?]
	at com.zaxxer.hikari.pool.PoolBase.newPoolEntry(PoolBase.java:206) ~[HikariCP-4.0.3.jar:?]
	at com.zaxxer.hikari.pool.HikariPool.createPoolEntry(HikariPool.java:476) ~[HikariCP-4.0.3.jar:?]
	at com.zaxxer.hikari.pool.HikariPool.checkFailFast(HikariPool.java:561) ~[HikariCP-4.0.3.jar:?]
	at com.zaxxer.hikari.pool.HikariPool.<init>(HikariPool.java:115) ~[HikariCP-4.0.3.jar:?]
	at com.zaxxer.hikari.HikariDataSource.getConnection(HikariDataSource.java:112) ~[HikariCP-4.0.3.jar:?]
	at org.springframework.jdbc.datasource.DataSourceUtils.fetchConnection(DataSourceUtils.java:159) ~[spring-jdbc-5.3.25.jar:5.3.25]
	at org.springframework.jdbc.datasource.DataSourceUtils.doGetConnection(DataSourceUtils.java:117) ~[spring-jdbc-5.3.25.jar:5.3.25]
	at org.springframework.jdbc.datasource.DataSourceUtils.getConnection(DataSourceUtils.java:80) ~[spring-jdbc-5.3.25.jar:5.3.25]
	at org.mybatis.spring.transaction.SpringManagedTransaction.openConnection(SpringManagedTransaction.java:80) ~[mybatis-spring-2.1.0.jar:2.1.0]
	at org.mybatis.spring.transaction.SpringManagedTransaction.getConnection(SpringManagedTransaction.java:67) ~[mybatis-spring-2.1.0.jar:2.1.0]
	at org.apache.ibatis.executor.BaseExecutor.getConnection(BaseExecutor.java:337) ~[mybatis-3.5.11.jar:3.5.11]
	at org.apache.ibatis.executor.SimpleExecutor.prepareStatement(SimpleExecutor.java:86) ~[mybatis-3.5.11.jar:3.5.11]
	at org.apache.ibatis.executor.SimpleExecutor.doQuery(SimpleExecutor.java:62) ~[mybatis-3.5.11.jar:3.5.11]
	at org.apache.ibatis.executor.BaseExecutor.queryFromDatabase(BaseExecutor.java:325) ~[mybatis-3.5.11.jar:3.5.11]
	at org.apache.ibatis.executor.BaseExecutor.query(BaseExecutor.java:156) ~[mybatis-3.5.11.jar:3.5.11]
	at org.apache.ibatis.executor.CachingExecutor.query(CachingExecutor.java:109) ~[mybatis-3.5.11.jar:3.5.11]
	at com.github.pagehelper.PageInterceptor.intercept(PageInterceptor.java:151) ~[pagehelper-5.3.2.jar:?]
	at org.apache.ibatis.plugin.Plugin.invoke(Plugin.java:62) ~[mybatis-3.5.11.jar:3.5.11]
	at jdk.proxy2.$Proxy131.query(Unknown Source) ~[?:?]
	at org.apache.ibatis.session.defaults.DefaultSqlSession.selectList(DefaultSqlSession.java:151) ~[mybatis-3.5.11.jar:3.5.11]
	at org.apache.ibatis.session.defaults.DefaultSqlSession.selectList(DefaultSqlSession.java:145) ~[mybatis-3.5.11.jar:3.5.11]
	at org.apache.ibatis.session.defaults.DefaultSqlSession.selectList(DefaultSqlSession.java:140) ~[mybatis-3.5.11.jar:3.5.11]
	at jdk.internal.reflect.NativeMethodAccessorImpl.invoke0(Native Method) ~[?:?]
	at jdk.internal.reflect.NativeMethodAccessorImpl.invoke(NativeMethodAccessorImpl.java:77) ~[?:?]
	at jdk.internal.reflect.DelegatingMethodAccessorImpl.invoke(DelegatingMethodAccessorImpl.java:43) ~[?:?]
	at java.lang.reflect.Method.invoke(Method.java:568) ~[?:?]
	at org.mybatis.spring.SqlSessionTemplate$SqlSessionInterceptor.invoke(SqlSessionTemplate.java:425) ~[mybatis-spring-2.1.0.jar:2.1.0]
	at jdk.proxy2.$Proxy92.selectList(Unknown Source) ~[?:?]
	at org.mybatis.spring.SqlSessionTemplate.selectList(SqlSessionTemplate.java:224) ~[mybatis-spring-2.1.0.jar:2.1.0]
	at org.apache.ibatis.binding.MapperMethod.executeForMany(MapperMethod.java:147) ~[mybatis-3.5.11.jar:3.5.11]
	at org.apache.ibatis.binding.MapperMethod.execute(MapperMethod.java:80) ~[mybatis-3.5.11.jar:3.5.11]
	at org.apache.ibatis.binding.MapperProxy$PlainMethodInvoker.invoke(MapperProxy.java:145) ~[mybatis-3.5.11.jar:3.5.11]
	at org.apache.ibatis.binding.MapperProxy.invoke(MapperProxy.java:86) ~[mybatis-3.5.11.jar:3.5.11]
	at jdk.proxy3.$Proxy103.getCourseByCategory(Unknown Source) ~[?:?]
	at ma.com.serviceImp.CourseServiceImpl.getCourseByCategory(CourseServiceImpl.java:32) ~[classes/:?]
	at ma.com.controller.CourseController.getCourseByCategory(CourseController.java:36) ~[classes/:?]
	at ma.com.controller.CourseController$$FastClassBySpringCGLIB$$32e59b02.invoke(<generated>) ~[classes/:?]
	at org.springframework.cglib.proxy.MethodProxy.invoke(MethodProxy.java:218) ~[spring-core-5.3.25.jar:5.3.25]
	at org.springframework.aop.framework.CglibAopProxy$CglibMethodInvocation.invokeJoinpoint(CglibAopProxy.java:793) ~[spring-aop-5.3.25.jar:5.3.25]
	at org.springframework.aop.framework.ReflectiveMethodInvocation.proceed(ReflectiveMethodInvocation.java:163) ~[spring-aop-5.3.25.jar:5.3.25]
	at org.springframework.aop.framework.CglibAopProxy$CglibMethodInvocation.proceed(CglibAopProxy.java:763) ~[spring-aop-5.3.25.jar:5.3.25]
	at org.springframework.aop.framework.adapter.AfterReturningAdviceInterceptor.invoke(AfterReturningAdviceInterceptor.java:57) ~[spring-aop-5.3.25.jar:5.3.25]
	at org.springframework.aop.framework.ReflectiveMethodInvocation.proceed(ReflectiveMethodInvocation.java:175) ~[spring-aop-5.3.25.jar:5.3.25]
	at org.springframework.aop.framework.CglibAopProxy$CglibMethodInvocation.proceed(CglibAopProxy.java:763) ~[spring-aop-5.3.25.jar:5.3.25]
	at org.springframework.aop.interceptor.ExposeInvocationInterceptor.invoke(ExposeInvocationInterceptor.java:97) ~[spring-aop-5.3.25.jar:5.3.25]
	at org.springframework.aop.framework.ReflectiveMethodInvocation.proceed(ReflectiveMethodInvocation.java:186) ~[spring-aop-5.3.25.jar:5.3.25]
	at org.springframework.aop.framework.CglibAopProxy$CglibMethodInvocation.proceed(CglibAopProxy.java:763) ~[spring-aop-5.3.25.jar:5.3.25]
	at org.springframework.aop.framework.CglibAopProxy$DynamicAdvisedInterceptor.intercept(CglibAopProxy.java:708) ~[spring-aop-5.3.25.jar:5.3.25]
	at ma.com.controller.CourseController$$EnhancerBySpringCGLIB$$5e8b9d6e.getCourseByCategory(<generated>) ~[classes/:?]
	at jdk.internal.reflect.NativeMethodAccessorImpl.invoke0(Native Method) ~[?:?]
	at jdk.internal.reflect.NativeMethodAccessorImpl.invoke(NativeMethodAccessorImpl.java:77) ~[?:?]
	at jdk.internal.reflect.DelegatingMethodAccessorImpl.invoke(DelegatingMethodAccessorImpl.java:43) ~[?:?]
	at java.lang.reflect.Method.invoke(Method.java:568) ~[?:?]
	at org.springframework.web.method.support.InvocableHandlerMethod.doInvoke(InvocableHandlerMethod.java:205) ~[spring-web-5.3.25.jar:5.3.25]
	at org.springframework.web.method.support.InvocableHandlerMethod.invokeForRequest(InvocableHandlerMethod.java:150) ~[spring-web-5.3.25.jar:5.3.25]
	at org.springframework.web.servlet.mvc.method.annotation.ServletInvocableHandlerMethod.invokeAndHandle(ServletInvocableHandlerMethod.java:117) ~[spring-webmvc-5.3.25.jar:5.3.25]
	at org.springframework.web.servlet.mvc.method.annotation.RequestMappingHandlerAdapter.invokeHandlerMethod(RequestMappingHandlerAdapter.java:895) ~[spring-webmvc-5.3.25.jar:5.3.25]
	at org.springframework.web.servlet.mvc.method.annotation.RequestMappingHandlerAdapter.handleInternal(RequestMappingHandlerAdapter.java:808) ~[spring-webmvc-5.3.25.jar:5.3.25]
	at org.springframework.web.servlet.mvc.method.AbstractHandlerMethodAdapter.handle(AbstractHandlerMethodAdapter.java:87) ~[spring-webmvc-5.3.25.jar:5.3.25]
	at org.springframework.web.servlet.DispatcherServlet.doDispatch(DispatcherServlet.java:1071) ~[spring-webmvc-5.3.25.jar:5.3.25]
	at org.springframework.web.servlet.DispatcherServlet.doService(DispatcherServlet.java:964) ~[spring-webmvc-5.3.25.jar:5.3.25]
	at org.springframework.web.servlet.FrameworkServlet.processRequest(FrameworkServlet.java:1006) ~[spring-webmvc-5.3.25.jar:5.3.25]
	at org.springframework.web.servlet.FrameworkServlet.doGet(FrameworkServlet.java:898) ~[spring-webmvc-5.3.25.jar:5.3.25]
	at javax.servlet.http.HttpServlet.service(HttpServlet.java:670) ~[tomcat-embed-core-9.0.71.jar:4.0.FR]
	at org.springframework.web.servlet.FrameworkServlet.service(FrameworkServlet.java:883) ~[spring-webmvc-5.3.25.jar:5.3.25]
	at javax.servlet.http.HttpServlet.service(HttpServlet.java:779) ~[tomcat-embed-core-9.0.71.jar:4.0.FR]
	at org.apache.catalina.core.ApplicationFilterChain.internalDoFilter(ApplicationFilterChain.java:227) ~[tomcat-embed-core-9.0.71.jar:9.0.71]
	at org.apache.catalina.core.ApplicationFilterChain.doFilter(ApplicationFilterChain.java:162) ~[tomcat-embed-core-9.0.71.jar:9.0.71]
	at org.apache.tomcat.websocket.server.WsFilter.doFilter(WsFilter.java:53) ~[tomcat-embed-websocket-9.0.71.jar:9.0.71]
	at org.apache.catalina.core.ApplicationFilterChain.internalDoFilter(ApplicationFilterChain.java:189) ~[tomcat-embed-core-9.0.71.jar:9.0.71]
	at org.apache.catalina.core.ApplicationFilterChain.doFilter(ApplicationFilterChain.java:162) ~[tomcat-embed-core-9.0.71.jar:9.0.71]
	at org.springframework.web.filter.RequestContextFilter.doFilterInternal(RequestContextFilter.java:100) ~[spring-web-5.3.25.jar:5.3.25]
	at org.springframework.web.filter.OncePerRequestFilter.doFilter(OncePerRequestFilter.java:117) ~[spring-web-5.3.25.jar:5.3.25]
	at org.apache.catalina.core.ApplicationFilterChain.internalDoFilter(ApplicationFilterChain.java:189) ~[tomcat-embed-core-9.0.71.jar:9.0.71]
	at org.apache.catalina.core.ApplicationFilterChain.doFilter(ApplicationFilterChain.java:162) ~[tomcat-embed-core-9.0.71.jar:9.0.71]
	at org.springframework.web.filter.FormContentFilter.doFilterInternal(FormContentFilter.java:93) ~[spring-web-5.3.25.jar:5.3.25]
	at org.springframework.web.filter.OncePerRequestFilter.doFilter(OncePerRequestFilter.java:117) ~[spring-web-5.3.25.jar:5.3.25]
	at org.apache.catalina.core.ApplicationFilterChain.internalDoFilter(ApplicationFilterChain.java:189) ~[tomcat-embed-core-9.0.71.jar:9.0.71]
	at org.apache.catalina.core.ApplicationFilterChain.doFilter(ApplicationFilterChain.java:162) ~[tomcat-embed-core-9.0.71.jar:9.0.71]
	at org.springframework.web.filter.CharacterEncodingFilter.doFilterInternal(CharacterEncodingFilter.java:201) ~[spring-web-5.3.25.jar:5.3.25]
	at org.springframework.web.filter.OncePerRequestFilter.doFilter(OncePerRequestFilter.java:117) ~[spring-web-5.3.25.jar:5.3.25]
	at org.apache.catalina.core.ApplicationFilterChain.internalDoFilter(ApplicationFilterChain.java:189) ~[tomcat-embed-core-9.0.71.jar:9.0.71]
	at org.apache.catalina.core.ApplicationFilterChain.doFilter(ApplicationFilterChain.java:162) ~[tomcat-embed-core-9.0.71.jar:9.0.71]
	at org.apache.catalina.core.StandardWrapperValve.invoke(StandardWrapperValve.java:177) ~[tomcat-embed-core-9.0.71.jar:9.0.71]
	at org.apache.catalina.core.StandardContextValve.invoke(StandardContextValve.java:97) ~[tomcat-embed-core-9.0.71.jar:9.0.71]
	at org.apache.catalina.authenticator.AuthenticatorBase.invoke(AuthenticatorBase.java:541) ~[tomcat-embed-core-9.0.71.jar:9.0.71]
	at org.apache.catalina.core.StandardHostValve.invoke(StandardHostValve.java:135) ~[tomcat-embed-core-9.0.71.jar:9.0.71]
	at org.apache.catalina.valves.ErrorReportValve.invoke(ErrorReportValve.java:92) ~[tomcat-embed-core-9.0.71.jar:9.0.71]
	at org.apache.catalina.core.StandardEngineValve.invoke(StandardEngineValve.java:78) ~[tomcat-embed-core-9.0.71.jar:9.0.71]
	at org.apache.catalina.connector.CoyoteAdapter.service(CoyoteAdapter.java:360) ~[tomcat-embed-core-9.0.71.jar:9.0.71]
	at org.apache.coyote.http11.Http11Processor.service(Http11Processor.java:399) ~[tomcat-embed-core-9.0.71.jar:9.0.71]
	at org.apache.coyote.AbstractProcessorLight.process(AbstractProcessorLight.java:65) ~[tomcat-embed-core-9.0.71.jar:9.0.71]
	at org.apache.coyote.AbstractProtocol$ConnectionHandler.process(AbstractProtocol.java:891) ~[tomcat-embed-core-9.0.71.jar:9.0.71]
	at org.apache.tomcat.util.net.NioEndpoint$SocketProcessor.doRun(NioEndpoint.java:1784) ~[tomcat-embed-core-9.0.71.jar:9.0.71]
	at org.apache.tomcat.util.net.SocketProcessorBase.run(SocketProcessorBase.java:49) ~[tomcat-embed-core-9.0.71.jar:9.0.71]
	at org.apache.tomcat.util.threads.ThreadPoolExecutor.runWorker(ThreadPoolExecutor.java:1191) ~[tomcat-embed-core-9.0.71.jar:9.0.71]
	at org.apache.tomcat.util.threads.ThreadPoolExecutor$Worker.run(ThreadPoolExecutor.java:659) ~[tomcat-embed-core-9.0.71.jar:9.0.71]
	at org.apache.tomcat.util.threads.TaskThread$WrappingRunnable.run(TaskThread.java:61) ~[tomcat-embed-core-9.0.71.jar:9.0.71]
	at java.lang.Thread.run(Thread.java:840) ~[?:?]
[2025-03-27 09:45:03:871] [ERROR] - com.zaxxer.hikari.pool.HikariPool.throwPoolInitializationException(HikariPool.java:594) - HikariPool-1 - Exception during pool initialization.
java.sql.SQLException: Access denied for user 'root'@'localhost' (using password: YES)
	at com.mysql.jdbc.SQLError.createSQLException(SQLError.java:965) ~[mysql-connector-java-5.1.49.jar:5.1.49]
	at com.mysql.jdbc.MysqlIO.checkErrorPacket(MysqlIO.java:3933) ~[mysql-connector-java-5.1.49.jar:5.1.49]
	at com.mysql.jdbc.MysqlIO.checkErrorPacket(MysqlIO.java:3869) ~[mysql-connector-java-5.1.49.jar:5.1.49]
	at com.mysql.jdbc.MysqlIO.checkErrorPacket(MysqlIO.java:864) ~[mysql-connector-java-5.1.49.jar:5.1.49]
	at com.mysql.jdbc.MysqlIO.proceedHandshakeWithPluggableAuthentication(MysqlIO.java:1707) ~[mysql-connector-java-5.1.49.jar:5.1.49]
	at com.mysql.jdbc.MysqlIO.doHandshake(MysqlIO.java:1217) ~[mysql-connector-java-5.1.49.jar:5.1.49]
	at com.mysql.jdbc.ConnectionImpl.coreConnect(ConnectionImpl.java:2189) ~[mysql-connector-java-5.1.49.jar:5.1.49]
	at com.mysql.jdbc.ConnectionImpl.connectOneTryOnly(ConnectionImpl.java:2220) ~[mysql-connector-java-5.1.49.jar:5.1.49]
	at com.mysql.jdbc.ConnectionImpl.createNewIO(ConnectionImpl.java:2015) ~[mysql-connector-java-5.1.49.jar:5.1.49]
	at com.mysql.jdbc.ConnectionImpl.<init>(ConnectionImpl.java:768) ~[mysql-connector-java-5.1.49.jar:5.1.49]
	at com.mysql.jdbc.JDBC4Connection.<init>(JDBC4Connection.java:47) ~[mysql-connector-java-5.1.49.jar:5.1.49]
	at jdk.internal.reflect.NativeConstructorAccessorImpl.newInstance0(Native Method) ~[?:?]
	at jdk.internal.reflect.NativeConstructorAccessorImpl.newInstance(NativeConstructorAccessorImpl.java:77) ~[?:?]
	at jdk.internal.reflect.DelegatingConstructorAccessorImpl.newInstance(DelegatingConstructorAccessorImpl.java:45) ~[?:?]
	at java.lang.reflect.Constructor.newInstanceWithCaller(Constructor.java:499) ~[?:?]
	at java.lang.reflect.Constructor.newInstance(Constructor.java:480) ~[?:?]
	at com.mysql.jdbc.Util.handleNewInstance(Util.java:403) ~[mysql-connector-java-5.1.49.jar:5.1.49]
	at com.mysql.jdbc.ConnectionImpl.getInstance(ConnectionImpl.java:385) ~[mysql-connector-java-5.1.49.jar:5.1.49]
	at com.mysql.jdbc.NonRegisteringDriver.connect(NonRegisteringDriver.java:323) ~[mysql-connector-java-5.1.49.jar:5.1.49]
	at com.zaxxer.hikari.util.DriverDataSource.getConnection(DriverDataSource.java:138) ~[HikariCP-4.0.3.jar:?]
	at com.zaxxer.hikari.pool.PoolBase.newConnection(PoolBase.java:364) ~[HikariCP-4.0.3.jar:?]
	at com.zaxxer.hikari.pool.PoolBase.newPoolEntry(PoolBase.java:206) ~[HikariCP-4.0.3.jar:?]
	at com.zaxxer.hikari.pool.HikariPool.createPoolEntry(HikariPool.java:476) ~[HikariCP-4.0.3.jar:?]
	at com.zaxxer.hikari.pool.HikariPool.checkFailFast(HikariPool.java:561) ~[HikariCP-4.0.3.jar:?]
	at com.zaxxer.hikari.pool.HikariPool.<init>(HikariPool.java:115) ~[HikariCP-4.0.3.jar:?]
	at com.zaxxer.hikari.HikariDataSource.getConnection(HikariDataSource.java:112) ~[HikariCP-4.0.3.jar:?]
	at org.springframework.jdbc.datasource.DataSourceUtils.fetchConnection(DataSourceUtils.java:159) ~[spring-jdbc-5.3.25.jar:5.3.25]
	at org.springframework.jdbc.datasource.DataSourceUtils.doGetConnection(DataSourceUtils.java:117) ~[spring-jdbc-5.3.25.jar:5.3.25]
	at org.springframework.jdbc.datasource.DataSourceUtils.getConnection(DataSourceUtils.java:80) ~[spring-jdbc-5.3.25.jar:5.3.25]
	at org.mybatis.spring.transaction.SpringManagedTransaction.openConnection(SpringManagedTransaction.java:80) ~[mybatis-spring-2.1.0.jar:2.1.0]
	at org.mybatis.spring.transaction.SpringManagedTransaction.getConnection(SpringManagedTransaction.java:67) ~[mybatis-spring-2.1.0.jar:2.1.0]
	at org.apache.ibatis.executor.BaseExecutor.getConnection(BaseExecutor.java:337) ~[mybatis-3.5.11.jar:3.5.11]
	at org.apache.ibatis.executor.SimpleExecutor.prepareStatement(SimpleExecutor.java:86) ~[mybatis-3.5.11.jar:3.5.11]
	at org.apache.ibatis.executor.SimpleExecutor.doQuery(SimpleExecutor.java:62) ~[mybatis-3.5.11.jar:3.5.11]
	at org.apache.ibatis.executor.BaseExecutor.queryFromDatabase(BaseExecutor.java:325) ~[mybatis-3.5.11.jar:3.5.11]
	at org.apache.ibatis.executor.BaseExecutor.query(BaseExecutor.java:156) ~[mybatis-3.5.11.jar:3.5.11]
	at org.apache.ibatis.executor.CachingExecutor.query(CachingExecutor.java:109) ~[mybatis-3.5.11.jar:3.5.11]
	at com.github.pagehelper.PageInterceptor.intercept(PageInterceptor.java:151) ~[pagehelper-5.3.2.jar:?]
	at org.apache.ibatis.plugin.Plugin.invoke(Plugin.java:62) ~[mybatis-3.5.11.jar:3.5.11]
	at jdk.proxy2.$Proxy131.query(Unknown Source) ~[?:?]
	at org.apache.ibatis.session.defaults.DefaultSqlSession.selectList(DefaultSqlSession.java:151) ~[mybatis-3.5.11.jar:3.5.11]
	at org.apache.ibatis.session.defaults.DefaultSqlSession.selectList(DefaultSqlSession.java:145) ~[mybatis-3.5.11.jar:3.5.11]
	at org.apache.ibatis.session.defaults.DefaultSqlSession.selectList(DefaultSqlSession.java:140) ~[mybatis-3.5.11.jar:3.5.11]
	at jdk.internal.reflect.NativeMethodAccessorImpl.invoke0(Native Method) ~[?:?]
	at jdk.internal.reflect.NativeMethodAccessorImpl.invoke(NativeMethodAccessorImpl.java:77) ~[?:?]
	at jdk.internal.reflect.DelegatingMethodAccessorImpl.invoke(DelegatingMethodAccessorImpl.java:43) ~[?:?]
	at java.lang.reflect.Method.invoke(Method.java:568) ~[?:?]
	at org.mybatis.spring.SqlSessionTemplate$SqlSessionInterceptor.invoke(SqlSessionTemplate.java:425) ~[mybatis-spring-2.1.0.jar:2.1.0]
	at jdk.proxy2.$Proxy92.selectList(Unknown Source) ~[?:?]
	at org.mybatis.spring.SqlSessionTemplate.selectList(SqlSessionTemplate.java:224) ~[mybatis-spring-2.1.0.jar:2.1.0]
	at org.apache.ibatis.binding.MapperMethod.executeForMany(MapperMethod.java:147) ~[mybatis-3.5.11.jar:3.5.11]
	at org.apache.ibatis.binding.MapperMethod.execute(MapperMethod.java:80) ~[mybatis-3.5.11.jar:3.5.11]
	at org.apache.ibatis.binding.MapperProxy$PlainMethodInvoker.invoke(MapperProxy.java:145) ~[mybatis-3.5.11.jar:3.5.11]
	at org.apache.ibatis.binding.MapperProxy.invoke(MapperProxy.java:86) ~[mybatis-3.5.11.jar:3.5.11]
	at jdk.proxy3.$Proxy110.getUserList(Unknown Source) ~[?:?]
	at ma.com.serviceImp.UserServiceImp.getAllUser(UserServiceImp.java:19) ~[classes/:?]
	at ma.com.controller.UserController.getAllUser(UserController.java:103) ~[classes/:?]
	at jdk.internal.reflect.NativeMethodAccessorImpl.invoke0(Native Method) ~[?:?]
	at jdk.internal.reflect.NativeMethodAccessorImpl.invoke(NativeMethodAccessorImpl.java:77) ~[?:?]
	at jdk.internal.reflect.DelegatingMethodAccessorImpl.invoke(DelegatingMethodAccessorImpl.java:43) ~[?:?]
	at java.lang.reflect.Method.invoke(Method.java:568) ~[?:?]
	at org.springframework.web.method.support.InvocableHandlerMethod.doInvoke(InvocableHandlerMethod.java:205) ~[spring-web-5.3.25.jar:5.3.25]
	at org.springframework.web.method.support.InvocableHandlerMethod.invokeForRequest(InvocableHandlerMethod.java:150) ~[spring-web-5.3.25.jar:5.3.25]
	at org.springframework.web.servlet.mvc.method.annotation.ServletInvocableHandlerMethod.invokeAndHandle(ServletInvocableHandlerMethod.java:117) ~[spring-webmvc-5.3.25.jar:5.3.25]
	at org.springframework.web.servlet.mvc.method.annotation.RequestMappingHandlerAdapter.invokeHandlerMethod(RequestMappingHandlerAdapter.java:895) ~[spring-webmvc-5.3.25.jar:5.3.25]
	at org.springframework.web.servlet.mvc.method.annotation.RequestMappingHandlerAdapter.handleInternal(RequestMappingHandlerAdapter.java:808) ~[spring-webmvc-5.3.25.jar:5.3.25]
	at org.springframework.web.servlet.mvc.method.AbstractHandlerMethodAdapter.handle(AbstractHandlerMethodAdapter.java:87) ~[spring-webmvc-5.3.25.jar:5.3.25]
	at org.springframework.web.servlet.DispatcherServlet.doDispatch(DispatcherServlet.java:1071) ~[spring-webmvc-5.3.25.jar:5.3.25]
	at org.springframework.web.servlet.DispatcherServlet.doService(DispatcherServlet.java:964) ~[spring-webmvc-5.3.25.jar:5.3.25]
	at org.springframework.web.servlet.FrameworkServlet.processRequest(FrameworkServlet.java:1006) ~[spring-webmvc-5.3.25.jar:5.3.25]
	at org.springframework.web.servlet.FrameworkServlet.doGet(FrameworkServlet.java:898) ~[spring-webmvc-5.3.25.jar:5.3.25]
	at javax.servlet.http.HttpServlet.service(HttpServlet.java:670) ~[tomcat-embed-core-9.0.71.jar:4.0.FR]
	at org.springframework.web.servlet.FrameworkServlet.service(FrameworkServlet.java:883) ~[spring-webmvc-5.3.25.jar:5.3.25]
	at javax.servlet.http.HttpServlet.service(HttpServlet.java:779) ~[tomcat-embed-core-9.0.71.jar:4.0.FR]
	at org.apache.catalina.core.ApplicationFilterChain.internalDoFilter(ApplicationFilterChain.java:227) ~[tomcat-embed-core-9.0.71.jar:9.0.71]
	at org.apache.catalina.core.ApplicationFilterChain.doFilter(ApplicationFilterChain.java:162) ~[tomcat-embed-core-9.0.71.jar:9.0.71]
	at org.apache.tomcat.websocket.server.WsFilter.doFilter(WsFilter.java:53) ~[tomcat-embed-websocket-9.0.71.jar:9.0.71]
	at org.apache.catalina.core.ApplicationFilterChain.internalDoFilter(ApplicationFilterChain.java:189) ~[tomcat-embed-core-9.0.71.jar:9.0.71]
	at org.apache.catalina.core.ApplicationFilterChain.doFilter(ApplicationFilterChain.java:162) ~[tomcat-embed-core-9.0.71.jar:9.0.71]
	at org.springframework.web.filter.RequestContextFilter.doFilterInternal(RequestContextFilter.java:100) ~[spring-web-5.3.25.jar:5.3.25]
	at org.springframework.web.filter.OncePerRequestFilter.doFilter(OncePerRequestFilter.java:117) ~[spring-web-5.3.25.jar:5.3.25]
	at org.apache.catalina.core.ApplicationFilterChain.internalDoFilter(ApplicationFilterChain.java:189) ~[tomcat-embed-core-9.0.71.jar:9.0.71]
	at org.apache.catalina.core.ApplicationFilterChain.doFilter(ApplicationFilterChain.java:162) ~[tomcat-embed-core-9.0.71.jar:9.0.71]
	at org.springframework.web.filter.FormContentFilter.doFilterInternal(FormContentFilter.java:93) ~[spring-web-5.3.25.jar:5.3.25]
	at org.springframework.web.filter.OncePerRequestFilter.doFilter(OncePerRequestFilter.java:117) ~[spring-web-5.3.25.jar:5.3.25]
	at org.apache.catalina.core.ApplicationFilterChain.internalDoFilter(ApplicationFilterChain.java:189) ~[tomcat-embed-core-9.0.71.jar:9.0.71]
	at org.apache.catalina.core.ApplicationFilterChain.doFilter(ApplicationFilterChain.java:162) ~[tomcat-embed-core-9.0.71.jar:9.0.71]
	at org.springframework.web.filter.CharacterEncodingFilter.doFilterInternal(CharacterEncodingFilter.java:201) ~[spring-web-5.3.25.jar:5.3.25]
	at org.springframework.web.filter.OncePerRequestFilter.doFilter(OncePerRequestFilter.java:117) ~[spring-web-5.3.25.jar:5.3.25]
	at org.apache.catalina.core.ApplicationFilterChain.internalDoFilter(ApplicationFilterChain.java:189) ~[tomcat-embed-core-9.0.71.jar:9.0.71]
	at org.apache.catalina.core.ApplicationFilterChain.doFilter(ApplicationFilterChain.java:162) ~[tomcat-embed-core-9.0.71.jar:9.0.71]
	at org.apache.catalina.core.StandardWrapperValve.invoke(StandardWrapperValve.java:177) ~[tomcat-embed-core-9.0.71.jar:9.0.71]
	at org.apache.catalina.core.StandardContextValve.invoke(StandardContextValve.java:97) ~[tomcat-embed-core-9.0.71.jar:9.0.71]
	at org.apache.catalina.authenticator.AuthenticatorBase.invoke(AuthenticatorBase.java:541) ~[tomcat-embed-core-9.0.71.jar:9.0.71]
	at org.apache.catalina.core.StandardHostValve.invoke(StandardHostValve.java:135) ~[tomcat-embed-core-9.0.71.jar:9.0.71]
	at org.apache.catalina.valves.ErrorReportValve.invoke(ErrorReportValve.java:92) ~[tomcat-embed-core-9.0.71.jar:9.0.71]
	at org.apache.catalina.core.StandardEngineValve.invoke(StandardEngineValve.java:78) ~[tomcat-embed-core-9.0.71.jar:9.0.71]
	at org.apache.catalina.connector.CoyoteAdapter.service(CoyoteAdapter.java:360) ~[tomcat-embed-core-9.0.71.jar:9.0.71]
	at org.apache.coyote.http11.Http11Processor.service(Http11Processor.java:399) ~[tomcat-embed-core-9.0.71.jar:9.0.71]
	at org.apache.coyote.AbstractProcessorLight.process(AbstractProcessorLight.java:65) ~[tomcat-embed-core-9.0.71.jar:9.0.71]
	at org.apache.coyote.AbstractProtocol$ConnectionHandler.process(AbstractProtocol.java:891) ~[tomcat-embed-core-9.0.71.jar:9.0.71]
	at org.apache.tomcat.util.net.NioEndpoint$SocketProcessor.doRun(NioEndpoint.java:1784) ~[tomcat-embed-core-9.0.71.jar:9.0.71]
	at org.apache.tomcat.util.net.SocketProcessorBase.run(SocketProcessorBase.java:49) ~[tomcat-embed-core-9.0.71.jar:9.0.71]
	at org.apache.tomcat.util.threads.ThreadPoolExecutor.runWorker(ThreadPoolExecutor.java:1191) ~[tomcat-embed-core-9.0.71.jar:9.0.71]
	at org.apache.tomcat.util.threads.ThreadPoolExecutor$Worker.run(ThreadPoolExecutor.java:659) ~[tomcat-embed-core-9.0.71.jar:9.0.71]
	at org.apache.tomcat.util.threads.TaskThread$WrappingRunnable.run(TaskThread.java:61) ~[tomcat-embed-core-9.0.71.jar:9.0.71]
	at java.lang.Thread.run(Thread.java:840) ~[?:?]
[2025-03-27 09:45:03:906] [ERROR] - org.apache.juli.logging.DirectJDKLog.log(DirectJDKLog.java:175) - Servlet.service() for servlet [dispatcherServlet] in context with path [] threw exception [Request processing failed; nested exception is org.mybatis.spring.MyBatisSystemException: nested exception is org.apache.ibatis.exceptions.PersistenceException: 
### Error querying database.  Cause: org.springframework.jdbc.CannotGetJdbcConnectionException: Failed to obtain JDBC Connection; nested exception is java.sql.SQLException: Access denied for user 'root'@'localhost' (using password: YES)
### The error may exist in file [E:\computer2\computer1\ifly\target\classes\mapper\userMapper.xml]
### The error may involve ma.com.mapper.UserMapper.getUserList
### The error occurred while executing a query
### Cause: org.springframework.jdbc.CannotGetJdbcConnectionException: Failed to obtain JDBC Connection; nested exception is java.sql.SQLException: Access denied for user 'root'@'localhost' (using password: YES)] with root cause
java.sql.SQLException: Access denied for user 'root'@'localhost' (using password: YES)
	at com.mysql.jdbc.SQLError.createSQLException(SQLError.java:965) ~[mysql-connector-java-5.1.49.jar:5.1.49]
	at com.mysql.jdbc.MysqlIO.checkErrorPacket(MysqlIO.java:3933) ~[mysql-connector-java-5.1.49.jar:5.1.49]
	at com.mysql.jdbc.MysqlIO.checkErrorPacket(MysqlIO.java:3869) ~[mysql-connector-java-5.1.49.jar:5.1.49]
	at com.mysql.jdbc.MysqlIO.checkErrorPacket(MysqlIO.java:864) ~[mysql-connector-java-5.1.49.jar:5.1.49]
	at com.mysql.jdbc.MysqlIO.proceedHandshakeWithPluggableAuthentication(MysqlIO.java:1707) ~[mysql-connector-java-5.1.49.jar:5.1.49]
	at com.mysql.jdbc.MysqlIO.doHandshake(MysqlIO.java:1217) ~[mysql-connector-java-5.1.49.jar:5.1.49]
	at com.mysql.jdbc.ConnectionImpl.coreConnect(ConnectionImpl.java:2189) ~[mysql-connector-java-5.1.49.jar:5.1.49]
	at com.mysql.jdbc.ConnectionImpl.connectOneTryOnly(ConnectionImpl.java:2220) ~[mysql-connector-java-5.1.49.jar:5.1.49]
	at com.mysql.jdbc.ConnectionImpl.createNewIO(ConnectionImpl.java:2015) ~[mysql-connector-java-5.1.49.jar:5.1.49]
	at com.mysql.jdbc.ConnectionImpl.<init>(ConnectionImpl.java:768) ~[mysql-connector-java-5.1.49.jar:5.1.49]
	at com.mysql.jdbc.JDBC4Connection.<init>(JDBC4Connection.java:47) ~[mysql-connector-java-5.1.49.jar:5.1.49]
	at jdk.internal.reflect.NativeConstructorAccessorImpl.newInstance0(Native Method) ~[?:?]
	at jdk.internal.reflect.NativeConstructorAccessorImpl.newInstance(NativeConstructorAccessorImpl.java:77) ~[?:?]
	at jdk.internal.reflect.DelegatingConstructorAccessorImpl.newInstance(DelegatingConstructorAccessorImpl.java:45) ~[?:?]
	at java.lang.reflect.Constructor.newInstanceWithCaller(Constructor.java:499) ~[?:?]
	at java.lang.reflect.Constructor.newInstance(Constructor.java:480) ~[?:?]
	at com.mysql.jdbc.Util.handleNewInstance(Util.java:403) ~[mysql-connector-java-5.1.49.jar:5.1.49]
	at com.mysql.jdbc.ConnectionImpl.getInstance(ConnectionImpl.java:385) ~[mysql-connector-java-5.1.49.jar:5.1.49]
	at com.mysql.jdbc.NonRegisteringDriver.connect(NonRegisteringDriver.java:323) ~[mysql-connector-java-5.1.49.jar:5.1.49]
	at com.zaxxer.hikari.util.DriverDataSource.getConnection(DriverDataSource.java:138) ~[HikariCP-4.0.3.jar:?]
	at com.zaxxer.hikari.pool.PoolBase.newConnection(PoolBase.java:364) ~[HikariCP-4.0.3.jar:?]
	at com.zaxxer.hikari.pool.PoolBase.newPoolEntry(PoolBase.java:206) ~[HikariCP-4.0.3.jar:?]
	at com.zaxxer.hikari.pool.HikariPool.createPoolEntry(HikariPool.java:476) ~[HikariCP-4.0.3.jar:?]
	at com.zaxxer.hikari.pool.HikariPool.checkFailFast(HikariPool.java:561) ~[HikariCP-4.0.3.jar:?]
	at com.zaxxer.hikari.pool.HikariPool.<init>(HikariPool.java:115) ~[HikariCP-4.0.3.jar:?]
	at com.zaxxer.hikari.HikariDataSource.getConnection(HikariDataSource.java:112) ~[HikariCP-4.0.3.jar:?]
	at org.springframework.jdbc.datasource.DataSourceUtils.fetchConnection(DataSourceUtils.java:159) ~[spring-jdbc-5.3.25.jar:5.3.25]
	at org.springframework.jdbc.datasource.DataSourceUtils.doGetConnection(DataSourceUtils.java:117) ~[spring-jdbc-5.3.25.jar:5.3.25]
	at org.springframework.jdbc.datasource.DataSourceUtils.getConnection(DataSourceUtils.java:80) ~[spring-jdbc-5.3.25.jar:5.3.25]
	at org.mybatis.spring.transaction.SpringManagedTransaction.openConnection(SpringManagedTransaction.java:80) ~[mybatis-spring-2.1.0.jar:2.1.0]
	at org.mybatis.spring.transaction.SpringManagedTransaction.getConnection(SpringManagedTransaction.java:67) ~[mybatis-spring-2.1.0.jar:2.1.0]
	at org.apache.ibatis.executor.BaseExecutor.getConnection(BaseExecutor.java:337) ~[mybatis-3.5.11.jar:3.5.11]
	at org.apache.ibatis.executor.SimpleExecutor.prepareStatement(SimpleExecutor.java:86) ~[mybatis-3.5.11.jar:3.5.11]
	at org.apache.ibatis.executor.SimpleExecutor.doQuery(SimpleExecutor.java:62) ~[mybatis-3.5.11.jar:3.5.11]
	at org.apache.ibatis.executor.BaseExecutor.queryFromDatabase(BaseExecutor.java:325) ~[mybatis-3.5.11.jar:3.5.11]
	at org.apache.ibatis.executor.BaseExecutor.query(BaseExecutor.java:156) ~[mybatis-3.5.11.jar:3.5.11]
	at org.apache.ibatis.executor.CachingExecutor.query(CachingExecutor.java:109) ~[mybatis-3.5.11.jar:3.5.11]
	at com.github.pagehelper.PageInterceptor.intercept(PageInterceptor.java:151) ~[pagehelper-5.3.2.jar:?]
	at org.apache.ibatis.plugin.Plugin.invoke(Plugin.java:62) ~[mybatis-3.5.11.jar:3.5.11]
	at jdk.proxy2.$Proxy131.query(Unknown Source) ~[?:?]
	at org.apache.ibatis.session.defaults.DefaultSqlSession.selectList(DefaultSqlSession.java:151) ~[mybatis-3.5.11.jar:3.5.11]
	at org.apache.ibatis.session.defaults.DefaultSqlSession.selectList(DefaultSqlSession.java:145) ~[mybatis-3.5.11.jar:3.5.11]
	at org.apache.ibatis.session.defaults.DefaultSqlSession.selectList(DefaultSqlSession.java:140) ~[mybatis-3.5.11.jar:3.5.11]
	at jdk.internal.reflect.NativeMethodAccessorImpl.invoke0(Native Method) ~[?:?]
	at jdk.internal.reflect.NativeMethodAccessorImpl.invoke(NativeMethodAccessorImpl.java:77) ~[?:?]
	at jdk.internal.reflect.DelegatingMethodAccessorImpl.invoke(DelegatingMethodAccessorImpl.java:43) ~[?:?]
	at java.lang.reflect.Method.invoke(Method.java:568) ~[?:?]
	at org.mybatis.spring.SqlSessionTemplate$SqlSessionInterceptor.invoke(SqlSessionTemplate.java:425) ~[mybatis-spring-2.1.0.jar:2.1.0]
	at jdk.proxy2.$Proxy92.selectList(Unknown Source) ~[?:?]
	at org.mybatis.spring.SqlSessionTemplate.selectList(SqlSessionTemplate.java:224) ~[mybatis-spring-2.1.0.jar:2.1.0]
	at org.apache.ibatis.binding.MapperMethod.executeForMany(MapperMethod.java:147) ~[mybatis-3.5.11.jar:3.5.11]
	at org.apache.ibatis.binding.MapperMethod.execute(MapperMethod.java:80) ~[mybatis-3.5.11.jar:3.5.11]
	at org.apache.ibatis.binding.MapperProxy$PlainMethodInvoker.invoke(MapperProxy.java:145) ~[mybatis-3.5.11.jar:3.5.11]
	at org.apache.ibatis.binding.MapperProxy.invoke(MapperProxy.java:86) ~[mybatis-3.5.11.jar:3.5.11]
	at jdk.proxy3.$Proxy110.getUserList(Unknown Source) ~[?:?]
	at ma.com.serviceImp.UserServiceImp.getAllUser(UserServiceImp.java:19) ~[classes/:?]
	at ma.com.controller.UserController.getAllUser(UserController.java:103) ~[classes/:?]
	at jdk.internal.reflect.NativeMethodAccessorImpl.invoke0(Native Method) ~[?:?]
	at jdk.internal.reflect.NativeMethodAccessorImpl.invoke(NativeMethodAccessorImpl.java:77) ~[?:?]
	at jdk.internal.reflect.DelegatingMethodAccessorImpl.invoke(DelegatingMethodAccessorImpl.java:43) ~[?:?]
	at java.lang.reflect.Method.invoke(Method.java:568) ~[?:?]
	at org.springframework.web.method.support.InvocableHandlerMethod.doInvoke(InvocableHandlerMethod.java:205) ~[spring-web-5.3.25.jar:5.3.25]
	at org.springframework.web.method.support.InvocableHandlerMethod.invokeForRequest(InvocableHandlerMethod.java:150) ~[spring-web-5.3.25.jar:5.3.25]
	at org.springframework.web.servlet.mvc.method.annotation.ServletInvocableHandlerMethod.invokeAndHandle(ServletInvocableHandlerMethod.java:117) ~[spring-webmvc-5.3.25.jar:5.3.25]
	at org.springframework.web.servlet.mvc.method.annotation.RequestMappingHandlerAdapter.invokeHandlerMethod(RequestMappingHandlerAdapter.java:895) ~[spring-webmvc-5.3.25.jar:5.3.25]
	at org.springframework.web.servlet.mvc.method.annotation.RequestMappingHandlerAdapter.handleInternal(RequestMappingHandlerAdapter.java:808) ~[spring-webmvc-5.3.25.jar:5.3.25]
	at org.springframework.web.servlet.mvc.method.AbstractHandlerMethodAdapter.handle(AbstractHandlerMethodAdapter.java:87) ~[spring-webmvc-5.3.25.jar:5.3.25]
	at org.springframework.web.servlet.DispatcherServlet.doDispatch(DispatcherServlet.java:1071) ~[spring-webmvc-5.3.25.jar:5.3.25]
	at org.springframework.web.servlet.DispatcherServlet.doService(DispatcherServlet.java:964) ~[spring-webmvc-5.3.25.jar:5.3.25]
	at org.springframework.web.servlet.FrameworkServlet.processRequest(FrameworkServlet.java:1006) ~[spring-webmvc-5.3.25.jar:5.3.25]
	at org.springframework.web.servlet.FrameworkServlet.doGet(FrameworkServlet.java:898) ~[spring-webmvc-5.3.25.jar:5.3.25]
	at javax.servlet.http.HttpServlet.service(HttpServlet.java:670) ~[tomcat-embed-core-9.0.71.jar:4.0.FR]
	at org.springframework.web.servlet.FrameworkServlet.service(FrameworkServlet.java:883) ~[spring-webmvc-5.3.25.jar:5.3.25]
	at javax.servlet.http.HttpServlet.service(HttpServlet.java:779) ~[tomcat-embed-core-9.0.71.jar:4.0.FR]
	at org.apache.catalina.core.ApplicationFilterChain.internalDoFilter(ApplicationFilterChain.java:227) ~[tomcat-embed-core-9.0.71.jar:9.0.71]
	at org.apache.catalina.core.ApplicationFilterChain.doFilter(ApplicationFilterChain.java:162) ~[tomcat-embed-core-9.0.71.jar:9.0.71]
	at org.apache.tomcat.websocket.server.WsFilter.doFilter(WsFilter.java:53) ~[tomcat-embed-websocket-9.0.71.jar:9.0.71]
	at org.apache.catalina.core.ApplicationFilterChain.internalDoFilter(ApplicationFilterChain.java:189) ~[tomcat-embed-core-9.0.71.jar:9.0.71]
	at org.apache.catalina.core.ApplicationFilterChain.doFilter(ApplicationFilterChain.java:162) ~[tomcat-embed-core-9.0.71.jar:9.0.71]
	at org.springframework.web.filter.RequestContextFilter.doFilterInternal(RequestContextFilter.java:100) ~[spring-web-5.3.25.jar:5.3.25]
	at org.springframework.web.filter.OncePerRequestFilter.doFilter(OncePerRequestFilter.java:117) ~[spring-web-5.3.25.jar:5.3.25]
	at org.apache.catalina.core.ApplicationFilterChain.internalDoFilter(ApplicationFilterChain.java:189) ~[tomcat-embed-core-9.0.71.jar:9.0.71]
	at org.apache.catalina.core.ApplicationFilterChain.doFilter(ApplicationFilterChain.java:162) ~[tomcat-embed-core-9.0.71.jar:9.0.71]
	at org.springframework.web.filter.FormContentFilter.doFilterInternal(FormContentFilter.java:93) ~[spring-web-5.3.25.jar:5.3.25]
	at org.springframework.web.filter.OncePerRequestFilter.doFilter(OncePerRequestFilter.java:117) ~[spring-web-5.3.25.jar:5.3.25]
	at org.apache.catalina.core.ApplicationFilterChain.internalDoFilter(ApplicationFilterChain.java:189) ~[tomcat-embed-core-9.0.71.jar:9.0.71]
	at org.apache.catalina.core.ApplicationFilterChain.doFilter(ApplicationFilterChain.java:162) ~[tomcat-embed-core-9.0.71.jar:9.0.71]
	at org.springframework.web.filter.CharacterEncodingFilter.doFilterInternal(CharacterEncodingFilter.java:201) ~[spring-web-5.3.25.jar:5.3.25]
	at org.springframework.web.filter.OncePerRequestFilter.doFilter(OncePerRequestFilter.java:117) ~[spring-web-5.3.25.jar:5.3.25]
	at org.apache.catalina.core.ApplicationFilterChain.internalDoFilter(ApplicationFilterChain.java:189) ~[tomcat-embed-core-9.0.71.jar:9.0.71]
	at org.apache.catalina.core.ApplicationFilterChain.doFilter(ApplicationFilterChain.java:162) ~[tomcat-embed-core-9.0.71.jar:9.0.71]
	at org.apache.catalina.core.StandardWrapperValve.invoke(StandardWrapperValve.java:177) ~[tomcat-embed-core-9.0.71.jar:9.0.71]
	at org.apache.catalina.core.StandardContextValve.invoke(StandardContextValve.java:97) ~[tomcat-embed-core-9.0.71.jar:9.0.71]
	at org.apache.catalina.authenticator.AuthenticatorBase.invoke(AuthenticatorBase.java:541) ~[tomcat-embed-core-9.0.71.jar:9.0.71]
	at org.apache.catalina.core.StandardHostValve.invoke(StandardHostValve.java:135) ~[tomcat-embed-core-9.0.71.jar:9.0.71]
	at org.apache.catalina.valves.ErrorReportValve.invoke(ErrorReportValve.java:92) ~[tomcat-embed-core-9.0.71.jar:9.0.71]
	at org.apache.catalina.core.StandardEngineValve.invoke(StandardEngineValve.java:78) ~[tomcat-embed-core-9.0.71.jar:9.0.71]
	at org.apache.catalina.connector.CoyoteAdapter.service(CoyoteAdapter.java:360) ~[tomcat-embed-core-9.0.71.jar:9.0.71]
	at org.apache.coyote.http11.Http11Processor.service(Http11Processor.java:399) ~[tomcat-embed-core-9.0.71.jar:9.0.71]
	at org.apache.coyote.AbstractProcessorLight.process(AbstractProcessorLight.java:65) ~[tomcat-embed-core-9.0.71.jar:9.0.71]
	at org.apache.coyote.AbstractProtocol$ConnectionHandler.process(AbstractProtocol.java:891) ~[tomcat-embed-core-9.0.71.jar:9.0.71]
	at org.apache.tomcat.util.net.NioEndpoint$SocketProcessor.doRun(NioEndpoint.java:1784) ~[tomcat-embed-core-9.0.71.jar:9.0.71]
	at org.apache.tomcat.util.net.SocketProcessorBase.run(SocketProcessorBase.java:49) ~[tomcat-embed-core-9.0.71.jar:9.0.71]
	at org.apache.tomcat.util.threads.ThreadPoolExecutor.runWorker(ThreadPoolExecutor.java:1191) ~[tomcat-embed-core-9.0.71.jar:9.0.71]
	at org.apache.tomcat.util.threads.ThreadPoolExecutor$Worker.run(ThreadPoolExecutor.java:659) ~[tomcat-embed-core-9.0.71.jar:9.0.71]
	at org.apache.tomcat.util.threads.TaskThread$WrappingRunnable.run(TaskThread.java:61) ~[tomcat-embed-core-9.0.71.jar:9.0.71]
	at java.lang.Thread.run(Thread.java:840) ~[?:?]
[2025-03-27 09:45:04:974] [ERROR] - com.zaxxer.hikari.pool.HikariPool.throwPoolInitializationException(HikariPool.java:594) - HikariPool-1 - Exception during pool initialization.
java.sql.SQLException: Access denied for user 'root'@'localhost' (using password: YES)
	at com.mysql.jdbc.SQLError.createSQLException(SQLError.java:965) ~[mysql-connector-java-5.1.49.jar:5.1.49]
	at com.mysql.jdbc.MysqlIO.checkErrorPacket(MysqlIO.java:3933) ~[mysql-connector-java-5.1.49.jar:5.1.49]
	at com.mysql.jdbc.MysqlIO.checkErrorPacket(MysqlIO.java:3869) ~[mysql-connector-java-5.1.49.jar:5.1.49]
	at com.mysql.jdbc.MysqlIO.checkErrorPacket(MysqlIO.java:864) ~[mysql-connector-java-5.1.49.jar:5.1.49]
	at com.mysql.jdbc.MysqlIO.proceedHandshakeWithPluggableAuthentication(MysqlIO.java:1707) ~[mysql-connector-java-5.1.49.jar:5.1.49]
	at com.mysql.jdbc.MysqlIO.doHandshake(MysqlIO.java:1217) ~[mysql-connector-java-5.1.49.jar:5.1.49]
	at com.mysql.jdbc.ConnectionImpl.coreConnect(ConnectionImpl.java:2189) ~[mysql-connector-java-5.1.49.jar:5.1.49]
	at com.mysql.jdbc.ConnectionImpl.connectOneTryOnly(ConnectionImpl.java:2220) ~[mysql-connector-java-5.1.49.jar:5.1.49]
	at com.mysql.jdbc.ConnectionImpl.createNewIO(ConnectionImpl.java:2015) ~[mysql-connector-java-5.1.49.jar:5.1.49]
	at com.mysql.jdbc.ConnectionImpl.<init>(ConnectionImpl.java:768) ~[mysql-connector-java-5.1.49.jar:5.1.49]
	at com.mysql.jdbc.JDBC4Connection.<init>(JDBC4Connection.java:47) ~[mysql-connector-java-5.1.49.jar:5.1.49]
	at jdk.internal.reflect.NativeConstructorAccessorImpl.newInstance0(Native Method) ~[?:?]
	at jdk.internal.reflect.NativeConstructorAccessorImpl.newInstance(NativeConstructorAccessorImpl.java:77) ~[?:?]
	at jdk.internal.reflect.DelegatingConstructorAccessorImpl.newInstance(DelegatingConstructorAccessorImpl.java:45) ~[?:?]
	at java.lang.reflect.Constructor.newInstanceWithCaller(Constructor.java:499) ~[?:?]
	at java.lang.reflect.Constructor.newInstance(Constructor.java:480) ~[?:?]
	at com.mysql.jdbc.Util.handleNewInstance(Util.java:403) ~[mysql-connector-java-5.1.49.jar:5.1.49]
	at com.mysql.jdbc.ConnectionImpl.getInstance(ConnectionImpl.java:385) ~[mysql-connector-java-5.1.49.jar:5.1.49]
	at com.mysql.jdbc.NonRegisteringDriver.connect(NonRegisteringDriver.java:323) ~[mysql-connector-java-5.1.49.jar:5.1.49]
	at com.zaxxer.hikari.util.DriverDataSource.getConnection(DriverDataSource.java:138) ~[HikariCP-4.0.3.jar:?]
	at com.zaxxer.hikari.pool.PoolBase.newConnection(PoolBase.java:364) ~[HikariCP-4.0.3.jar:?]
	at com.zaxxer.hikari.pool.PoolBase.newPoolEntry(PoolBase.java:206) ~[HikariCP-4.0.3.jar:?]
	at com.zaxxer.hikari.pool.HikariPool.createPoolEntry(HikariPool.java:476) ~[HikariCP-4.0.3.jar:?]
	at com.zaxxer.hikari.pool.HikariPool.checkFailFast(HikariPool.java:561) ~[HikariCP-4.0.3.jar:?]
	at com.zaxxer.hikari.pool.HikariPool.<init>(HikariPool.java:115) ~[HikariCP-4.0.3.jar:?]
	at com.zaxxer.hikari.HikariDataSource.getConnection(HikariDataSource.java:112) ~[HikariCP-4.0.3.jar:?]
	at org.springframework.jdbc.datasource.DataSourceUtils.fetchConnection(DataSourceUtils.java:159) ~[spring-jdbc-5.3.25.jar:5.3.25]
	at org.springframework.jdbc.datasource.DataSourceUtils.doGetConnection(DataSourceUtils.java:117) ~[spring-jdbc-5.3.25.jar:5.3.25]
	at org.springframework.jdbc.datasource.DataSourceUtils.getConnection(DataSourceUtils.java:80) ~[spring-jdbc-5.3.25.jar:5.3.25]
	at org.mybatis.spring.transaction.SpringManagedTransaction.openConnection(SpringManagedTransaction.java:80) ~[mybatis-spring-2.1.0.jar:2.1.0]
	at org.mybatis.spring.transaction.SpringManagedTransaction.getConnection(SpringManagedTransaction.java:67) ~[mybatis-spring-2.1.0.jar:2.1.0]
	at org.apache.ibatis.executor.BaseExecutor.getConnection(BaseExecutor.java:337) ~[mybatis-3.5.11.jar:3.5.11]
	at org.apache.ibatis.executor.SimpleExecutor.prepareStatement(SimpleExecutor.java:86) ~[mybatis-3.5.11.jar:3.5.11]
	at org.apache.ibatis.executor.SimpleExecutor.doQuery(SimpleExecutor.java:62) ~[mybatis-3.5.11.jar:3.5.11]
	at org.apache.ibatis.executor.BaseExecutor.queryFromDatabase(BaseExecutor.java:325) ~[mybatis-3.5.11.jar:3.5.11]
	at org.apache.ibatis.executor.BaseExecutor.query(BaseExecutor.java:156) ~[mybatis-3.5.11.jar:3.5.11]
	at org.apache.ibatis.executor.CachingExecutor.query(CachingExecutor.java:109) ~[mybatis-3.5.11.jar:3.5.11]
	at com.github.pagehelper.PageInterceptor.intercept(PageInterceptor.java:151) ~[pagehelper-5.3.2.jar:?]
	at org.apache.ibatis.plugin.Plugin.invoke(Plugin.java:62) ~[mybatis-3.5.11.jar:3.5.11]
	at jdk.proxy2.$Proxy131.query(Unknown Source) ~[?:?]
	at org.apache.ibatis.session.defaults.DefaultSqlSession.selectList(DefaultSqlSession.java:151) ~[mybatis-3.5.11.jar:3.5.11]
	at org.apache.ibatis.session.defaults.DefaultSqlSession.selectList(DefaultSqlSession.java:145) ~[mybatis-3.5.11.jar:3.5.11]
	at org.apache.ibatis.session.defaults.DefaultSqlSession.selectList(DefaultSqlSession.java:140) ~[mybatis-3.5.11.jar:3.5.11]
	at jdk.internal.reflect.NativeMethodAccessorImpl.invoke0(Native Method) ~[?:?]
	at jdk.internal.reflect.NativeMethodAccessorImpl.invoke(NativeMethodAccessorImpl.java:77) ~[?:?]
	at jdk.internal.reflect.DelegatingMethodAccessorImpl.invoke(DelegatingMethodAccessorImpl.java:43) ~[?:?]
	at java.lang.reflect.Method.invoke(Method.java:568) ~[?:?]
	at org.mybatis.spring.SqlSessionTemplate$SqlSessionInterceptor.invoke(SqlSessionTemplate.java:425) ~[mybatis-spring-2.1.0.jar:2.1.0]
	at jdk.proxy2.$Proxy92.selectList(Unknown Source) ~[?:?]
	at org.mybatis.spring.SqlSessionTemplate.selectList(SqlSessionTemplate.java:224) ~[mybatis-spring-2.1.0.jar:2.1.0]
	at org.apache.ibatis.binding.MapperMethod.executeForMany(MapperMethod.java:147) ~[mybatis-3.5.11.jar:3.5.11]
	at org.apache.ibatis.binding.MapperMethod.execute(MapperMethod.java:80) ~[mybatis-3.5.11.jar:3.5.11]
	at org.apache.ibatis.binding.MapperProxy$PlainMethodInvoker.invoke(MapperProxy.java:145) ~[mybatis-3.5.11.jar:3.5.11]
	at org.apache.ibatis.binding.MapperProxy.invoke(MapperProxy.java:86) ~[mybatis-3.5.11.jar:3.5.11]
	at jdk.proxy3.$Proxy103.getCourseByCategory(Unknown Source) ~[?:?]
	at ma.com.serviceImp.CourseServiceImpl.getCourseByCategory(CourseServiceImpl.java:32) ~[classes/:?]
	at ma.com.controller.CourseController.getCourseByCategory(CourseController.java:36) ~[classes/:?]
	at ma.com.controller.CourseController$$FastClassBySpringCGLIB$$32e59b02.invoke(<generated>) ~[classes/:?]
	at org.springframework.cglib.proxy.MethodProxy.invoke(MethodProxy.java:218) ~[spring-core-5.3.25.jar:5.3.25]
	at org.springframework.aop.framework.CglibAopProxy$CglibMethodInvocation.invokeJoinpoint(CglibAopProxy.java:793) ~[spring-aop-5.3.25.jar:5.3.25]
	at org.springframework.aop.framework.ReflectiveMethodInvocation.proceed(ReflectiveMethodInvocation.java:163) ~[spring-aop-5.3.25.jar:5.3.25]
	at org.springframework.aop.framework.CglibAopProxy$CglibMethodInvocation.proceed(CglibAopProxy.java:763) ~[spring-aop-5.3.25.jar:5.3.25]
	at org.springframework.aop.framework.adapter.AfterReturningAdviceInterceptor.invoke(AfterReturningAdviceInterceptor.java:57) ~[spring-aop-5.3.25.jar:5.3.25]
	at org.springframework.aop.framework.ReflectiveMethodInvocation.proceed(ReflectiveMethodInvocation.java:175) ~[spring-aop-5.3.25.jar:5.3.25]
	at org.springframework.aop.framework.CglibAopProxy$CglibMethodInvocation.proceed(CglibAopProxy.java:763) ~[spring-aop-5.3.25.jar:5.3.25]
	at org.springframework.aop.interceptor.ExposeInvocationInterceptor.invoke(ExposeInvocationInterceptor.java:97) ~[spring-aop-5.3.25.jar:5.3.25]
	at org.springframework.aop.framework.ReflectiveMethodInvocation.proceed(ReflectiveMethodInvocation.java:186) ~[spring-aop-5.3.25.jar:5.3.25]
	at org.springframework.aop.framework.CglibAopProxy$CglibMethodInvocation.proceed(CglibAopProxy.java:763) ~[spring-aop-5.3.25.jar:5.3.25]
	at org.springframework.aop.framework.CglibAopProxy$DynamicAdvisedInterceptor.intercept(CglibAopProxy.java:708) ~[spring-aop-5.3.25.jar:5.3.25]
	at ma.com.controller.CourseController$$EnhancerBySpringCGLIB$$5e8b9d6e.getCourseByCategory(<generated>) ~[classes/:?]
	at jdk.internal.reflect.NativeMethodAccessorImpl.invoke0(Native Method) ~[?:?]
	at jdk.internal.reflect.NativeMethodAccessorImpl.invoke(NativeMethodAccessorImpl.java:77) ~[?:?]
	at jdk.internal.reflect.DelegatingMethodAccessorImpl.invoke(DelegatingMethodAccessorImpl.java:43) ~[?:?]
	at java.lang.reflect.Method.invoke(Method.java:568) ~[?:?]
	at org.springframework.web.method.support.InvocableHandlerMethod.doInvoke(InvocableHandlerMethod.java:205) ~[spring-web-5.3.25.jar:5.3.25]
	at org.springframework.web.method.support.InvocableHandlerMethod.invokeForRequest(InvocableHandlerMethod.java:150) ~[spring-web-5.3.25.jar:5.3.25]
	at org.springframework.web.servlet.mvc.method.annotation.ServletInvocableHandlerMethod.invokeAndHandle(ServletInvocableHandlerMethod.java:117) ~[spring-webmvc-5.3.25.jar:5.3.25]
	at org.springframework.web.servlet.mvc.method.annotation.RequestMappingHandlerAdapter.invokeHandlerMethod(RequestMappingHandlerAdapter.java:895) ~[spring-webmvc-5.3.25.jar:5.3.25]
	at org.springframework.web.servlet.mvc.method.annotation.RequestMappingHandlerAdapter.handleInternal(RequestMappingHandlerAdapter.java:808) ~[spring-webmvc-5.3.25.jar:5.3.25]
	at org.springframework.web.servlet.mvc.method.AbstractHandlerMethodAdapter.handle(AbstractHandlerMethodAdapter.java:87) ~[spring-webmvc-5.3.25.jar:5.3.25]
	at org.springframework.web.servlet.DispatcherServlet.doDispatch(DispatcherServlet.java:1071) ~[spring-webmvc-5.3.25.jar:5.3.25]
	at org.springframework.web.servlet.DispatcherServlet.doService(DispatcherServlet.java:964) ~[spring-webmvc-5.3.25.jar:5.3.25]
	at org.springframework.web.servlet.FrameworkServlet.processRequest(FrameworkServlet.java:1006) ~[spring-webmvc-5.3.25.jar:5.3.25]
	at org.springframework.web.servlet.FrameworkServlet.doGet(FrameworkServlet.java:898) ~[spring-webmvc-5.3.25.jar:5.3.25]
	at javax.servlet.http.HttpServlet.service(HttpServlet.java:670) ~[tomcat-embed-core-9.0.71.jar:4.0.FR]
	at org.springframework.web.servlet.FrameworkServlet.service(FrameworkServlet.java:883) ~[spring-webmvc-5.3.25.jar:5.3.25]
	at javax.servlet.http.HttpServlet.service(HttpServlet.java:779) ~[tomcat-embed-core-9.0.71.jar:4.0.FR]
	at org.apache.catalina.core.ApplicationFilterChain.internalDoFilter(ApplicationFilterChain.java:227) ~[tomcat-embed-core-9.0.71.jar:9.0.71]
	at org.apache.catalina.core.ApplicationFilterChain.doFilter(ApplicationFilterChain.java:162) ~[tomcat-embed-core-9.0.71.jar:9.0.71]
	at org.apache.tomcat.websocket.server.WsFilter.doFilter(WsFilter.java:53) ~[tomcat-embed-websocket-9.0.71.jar:9.0.71]
	at org.apache.catalina.core.ApplicationFilterChain.internalDoFilter(ApplicationFilterChain.java:189) ~[tomcat-embed-core-9.0.71.jar:9.0.71]
	at org.apache.catalina.core.ApplicationFilterChain.doFilter(ApplicationFilterChain.java:162) ~[tomcat-embed-core-9.0.71.jar:9.0.71]
	at org.springframework.web.filter.RequestContextFilter.doFilterInternal(RequestContextFilter.java:100) ~[spring-web-5.3.25.jar:5.3.25]
	at org.springframework.web.filter.OncePerRequestFilter.doFilter(OncePerRequestFilter.java:117) ~[spring-web-5.3.25.jar:5.3.25]
	at org.apache.catalina.core.ApplicationFilterChain.internalDoFilter(ApplicationFilterChain.java:189) ~[tomcat-embed-core-9.0.71.jar:9.0.71]
	at org.apache.catalina.core.ApplicationFilterChain.doFilter(ApplicationFilterChain.java:162) ~[tomcat-embed-core-9.0.71.jar:9.0.71]
	at org.springframework.web.filter.FormContentFilter.doFilterInternal(FormContentFilter.java:93) ~[spring-web-5.3.25.jar:5.3.25]
	at org.springframework.web.filter.OncePerRequestFilter.doFilter(OncePerRequestFilter.java:117) ~[spring-web-5.3.25.jar:5.3.25]
	at org.apache.catalina.core.ApplicationFilterChain.internalDoFilter(ApplicationFilterChain.java:189) ~[tomcat-embed-core-9.0.71.jar:9.0.71]
	at org.apache.catalina.core.ApplicationFilterChain.doFilter(ApplicationFilterChain.java:162) ~[tomcat-embed-core-9.0.71.jar:9.0.71]
	at org.springframework.web.filter.CharacterEncodingFilter.doFilterInternal(CharacterEncodingFilter.java:201) ~[spring-web-5.3.25.jar:5.3.25]
	at org.springframework.web.filter.OncePerRequestFilter.doFilter(OncePerRequestFilter.java:117) ~[spring-web-5.3.25.jar:5.3.25]
	at org.apache.catalina.core.ApplicationFilterChain.internalDoFilter(ApplicationFilterChain.java:189) ~[tomcat-embed-core-9.0.71.jar:9.0.71]
	at org.apache.catalina.core.ApplicationFilterChain.doFilter(ApplicationFilterChain.java:162) ~[tomcat-embed-core-9.0.71.jar:9.0.71]
	at org.apache.catalina.core.StandardWrapperValve.invoke(StandardWrapperValve.java:177) ~[tomcat-embed-core-9.0.71.jar:9.0.71]
	at org.apache.catalina.core.StandardContextValve.invoke(StandardContextValve.java:97) ~[tomcat-embed-core-9.0.71.jar:9.0.71]
	at org.apache.catalina.authenticator.AuthenticatorBase.invoke(AuthenticatorBase.java:541) ~[tomcat-embed-core-9.0.71.jar:9.0.71]
	at org.apache.catalina.core.StandardHostValve.invoke(StandardHostValve.java:135) ~[tomcat-embed-core-9.0.71.jar:9.0.71]
	at org.apache.catalina.valves.ErrorReportValve.invoke(ErrorReportValve.java:92) ~[tomcat-embed-core-9.0.71.jar:9.0.71]
	at org.apache.catalina.core.StandardEngineValve.invoke(StandardEngineValve.java:78) ~[tomcat-embed-core-9.0.71.jar:9.0.71]
	at org.apache.catalina.connector.CoyoteAdapter.service(CoyoteAdapter.java:360) ~[tomcat-embed-core-9.0.71.jar:9.0.71]
	at org.apache.coyote.http11.Http11Processor.service(Http11Processor.java:399) ~[tomcat-embed-core-9.0.71.jar:9.0.71]
	at org.apache.coyote.AbstractProcessorLight.process(AbstractProcessorLight.java:65) ~[tomcat-embed-core-9.0.71.jar:9.0.71]
	at org.apache.coyote.AbstractProtocol$ConnectionHandler.process(AbstractProtocol.java:891) ~[tomcat-embed-core-9.0.71.jar:9.0.71]
	at org.apache.tomcat.util.net.NioEndpoint$SocketProcessor.doRun(NioEndpoint.java:1784) ~[tomcat-embed-core-9.0.71.jar:9.0.71]
	at org.apache.tomcat.util.net.SocketProcessorBase.run(SocketProcessorBase.java:49) ~[tomcat-embed-core-9.0.71.jar:9.0.71]
	at org.apache.tomcat.util.threads.ThreadPoolExecutor.runWorker(ThreadPoolExecutor.java:1191) ~[tomcat-embed-core-9.0.71.jar:9.0.71]
	at org.apache.tomcat.util.threads.ThreadPoolExecutor$Worker.run(ThreadPoolExecutor.java:659) ~[tomcat-embed-core-9.0.71.jar:9.0.71]
	at org.apache.tomcat.util.threads.TaskThread$WrappingRunnable.run(TaskThread.java:61) ~[tomcat-embed-core-9.0.71.jar:9.0.71]
	at java.lang.Thread.run(Thread.java:840) ~[?:?]
[2025-03-27 09:45:04:984] [ERROR] - org.apache.juli.logging.DirectJDKLog.log(DirectJDKLog.java:175) - Servlet.service() for servlet [dispatcherServlet] in context with path [] threw exception [Request processing failed; nested exception is org.mybatis.spring.MyBatisSystemException: nested exception is org.apache.ibatis.exceptions.PersistenceException: 
### Error querying database.  Cause: org.springframework.jdbc.CannotGetJdbcConnectionException: Failed to obtain JDBC Connection; nested exception is java.sql.SQLException: Access denied for user 'root'@'localhost' (using password: YES)
### The error may exist in file [E:\computer2\computer1\ifly\target\classes\mapper\CourseMapper.xml]
### The error may involve ma.com.mapper.CourseMapper.getCourseByCategory
### The error occurred while executing a query
### Cause: org.springframework.jdbc.CannotGetJdbcConnectionException: Failed to obtain JDBC Connection; nested exception is java.sql.SQLException: Access denied for user 'root'@'localhost' (using password: YES)] with root cause
java.sql.SQLException: Access denied for user 'root'@'localhost' (using password: YES)
	at com.mysql.jdbc.SQLError.createSQLException(SQLError.java:965) ~[mysql-connector-java-5.1.49.jar:5.1.49]
	at com.mysql.jdbc.MysqlIO.checkErrorPacket(MysqlIO.java:3933) ~[mysql-connector-java-5.1.49.jar:5.1.49]
	at com.mysql.jdbc.MysqlIO.checkErrorPacket(MysqlIO.java:3869) ~[mysql-connector-java-5.1.49.jar:5.1.49]
	at com.mysql.jdbc.MysqlIO.checkErrorPacket(MysqlIO.java:864) ~[mysql-connector-java-5.1.49.jar:5.1.49]
	at com.mysql.jdbc.MysqlIO.proceedHandshakeWithPluggableAuthentication(MysqlIO.java:1707) ~[mysql-connector-java-5.1.49.jar:5.1.49]
	at com.mysql.jdbc.MysqlIO.doHandshake(MysqlIO.java:1217) ~[mysql-connector-java-5.1.49.jar:5.1.49]
	at com.mysql.jdbc.ConnectionImpl.coreConnect(ConnectionImpl.java:2189) ~[mysql-connector-java-5.1.49.jar:5.1.49]
	at com.mysql.jdbc.ConnectionImpl.connectOneTryOnly(ConnectionImpl.java:2220) ~[mysql-connector-java-5.1.49.jar:5.1.49]
	at com.mysql.jdbc.ConnectionImpl.createNewIO(ConnectionImpl.java:2015) ~[mysql-connector-java-5.1.49.jar:5.1.49]
	at com.mysql.jdbc.ConnectionImpl.<init>(ConnectionImpl.java:768) ~[mysql-connector-java-5.1.49.jar:5.1.49]
	at com.mysql.jdbc.JDBC4Connection.<init>(JDBC4Connection.java:47) ~[mysql-connector-java-5.1.49.jar:5.1.49]
	at jdk.internal.reflect.NativeConstructorAccessorImpl.newInstance0(Native Method) ~[?:?]
	at jdk.internal.reflect.NativeConstructorAccessorImpl.newInstance(NativeConstructorAccessorImpl.java:77) ~[?:?]
	at jdk.internal.reflect.DelegatingConstructorAccessorImpl.newInstance(DelegatingConstructorAccessorImpl.java:45) ~[?:?]
	at java.lang.reflect.Constructor.newInstanceWithCaller(Constructor.java:499) ~[?:?]
	at java.lang.reflect.Constructor.newInstance(Constructor.java:480) ~[?:?]
	at com.mysql.jdbc.Util.handleNewInstance(Util.java:403) ~[mysql-connector-java-5.1.49.jar:5.1.49]
	at com.mysql.jdbc.ConnectionImpl.getInstance(ConnectionImpl.java:385) ~[mysql-connector-java-5.1.49.jar:5.1.49]
	at com.mysql.jdbc.NonRegisteringDriver.connect(NonRegisteringDriver.java:323) ~[mysql-connector-java-5.1.49.jar:5.1.49]
	at com.zaxxer.hikari.util.DriverDataSource.getConnection(DriverDataSource.java:138) ~[HikariCP-4.0.3.jar:?]
	at com.zaxxer.hikari.pool.PoolBase.newConnection(PoolBase.java:364) ~[HikariCP-4.0.3.jar:?]
	at com.zaxxer.hikari.pool.PoolBase.newPoolEntry(PoolBase.java:206) ~[HikariCP-4.0.3.jar:?]
	at com.zaxxer.hikari.pool.HikariPool.createPoolEntry(HikariPool.java:476) ~[HikariCP-4.0.3.jar:?]
	at com.zaxxer.hikari.pool.HikariPool.checkFailFast(HikariPool.java:561) ~[HikariCP-4.0.3.jar:?]
	at com.zaxxer.hikari.pool.HikariPool.<init>(HikariPool.java:115) ~[HikariCP-4.0.3.jar:?]
	at com.zaxxer.hikari.HikariDataSource.getConnection(HikariDataSource.java:112) ~[HikariCP-4.0.3.jar:?]
	at org.springframework.jdbc.datasource.DataSourceUtils.fetchConnection(DataSourceUtils.java:159) ~[spring-jdbc-5.3.25.jar:5.3.25]
	at org.springframework.jdbc.datasource.DataSourceUtils.doGetConnection(DataSourceUtils.java:117) ~[spring-jdbc-5.3.25.jar:5.3.25]
	at org.springframework.jdbc.datasource.DataSourceUtils.getConnection(DataSourceUtils.java:80) ~[spring-jdbc-5.3.25.jar:5.3.25]
	at org.mybatis.spring.transaction.SpringManagedTransaction.openConnection(SpringManagedTransaction.java:80) ~[mybatis-spring-2.1.0.jar:2.1.0]
	at org.mybatis.spring.transaction.SpringManagedTransaction.getConnection(SpringManagedTransaction.java:67) ~[mybatis-spring-2.1.0.jar:2.1.0]
	at org.apache.ibatis.executor.BaseExecutor.getConnection(BaseExecutor.java:337) ~[mybatis-3.5.11.jar:3.5.11]
	at org.apache.ibatis.executor.SimpleExecutor.prepareStatement(SimpleExecutor.java:86) ~[mybatis-3.5.11.jar:3.5.11]
	at org.apache.ibatis.executor.SimpleExecutor.doQuery(SimpleExecutor.java:62) ~[mybatis-3.5.11.jar:3.5.11]
	at org.apache.ibatis.executor.BaseExecutor.queryFromDatabase(BaseExecutor.java:325) ~[mybatis-3.5.11.jar:3.5.11]
	at org.apache.ibatis.executor.BaseExecutor.query(BaseExecutor.java:156) ~[mybatis-3.5.11.jar:3.5.11]
	at org.apache.ibatis.executor.CachingExecutor.query(CachingExecutor.java:109) ~[mybatis-3.5.11.jar:3.5.11]
	at com.github.pagehelper.PageInterceptor.intercept(PageInterceptor.java:151) ~[pagehelper-5.3.2.jar:?]
	at org.apache.ibatis.plugin.Plugin.invoke(Plugin.java:62) ~[mybatis-3.5.11.jar:3.5.11]
	at jdk.proxy2.$Proxy131.query(Unknown Source) ~[?:?]
	at org.apache.ibatis.session.defaults.DefaultSqlSession.selectList(DefaultSqlSession.java:151) ~[mybatis-3.5.11.jar:3.5.11]
	at org.apache.ibatis.session.defaults.DefaultSqlSession.selectList(DefaultSqlSession.java:145) ~[mybatis-3.5.11.jar:3.5.11]
	at org.apache.ibatis.session.defaults.DefaultSqlSession.selectList(DefaultSqlSession.java:140) ~[mybatis-3.5.11.jar:3.5.11]
	at jdk.internal.reflect.NativeMethodAccessorImpl.invoke0(Native Method) ~[?:?]
	at jdk.internal.reflect.NativeMethodAccessorImpl.invoke(NativeMethodAccessorImpl.java:77) ~[?:?]
	at jdk.internal.reflect.DelegatingMethodAccessorImpl.invoke(DelegatingMethodAccessorImpl.java:43) ~[?:?]
	at java.lang.reflect.Method.invoke(Method.java:568) ~[?:?]
	at org.mybatis.spring.SqlSessionTemplate$SqlSessionInterceptor.invoke(SqlSessionTemplate.java:425) ~[mybatis-spring-2.1.0.jar:2.1.0]
	at jdk.proxy2.$Proxy92.selectList(Unknown Source) ~[?:?]
	at org.mybatis.spring.SqlSessionTemplate.selectList(SqlSessionTemplate.java:224) ~[mybatis-spring-2.1.0.jar:2.1.0]
	at org.apache.ibatis.binding.MapperMethod.executeForMany(MapperMethod.java:147) ~[mybatis-3.5.11.jar:3.5.11]
	at org.apache.ibatis.binding.MapperMethod.execute(MapperMethod.java:80) ~[mybatis-3.5.11.jar:3.5.11]
	at org.apache.ibatis.binding.MapperProxy$PlainMethodInvoker.invoke(MapperProxy.java:145) ~[mybatis-3.5.11.jar:3.5.11]
	at org.apache.ibatis.binding.MapperProxy.invoke(MapperProxy.java:86) ~[mybatis-3.5.11.jar:3.5.11]
	at jdk.proxy3.$Proxy103.getCourseByCategory(Unknown Source) ~[?:?]
	at ma.com.serviceImp.CourseServiceImpl.getCourseByCategory(CourseServiceImpl.java:32) ~[classes/:?]
	at ma.com.controller.CourseController.getCourseByCategory(CourseController.java:36) ~[classes/:?]
	at ma.com.controller.CourseController$$FastClassBySpringCGLIB$$32e59b02.invoke(<generated>) ~[classes/:?]
	at org.springframework.cglib.proxy.MethodProxy.invoke(MethodProxy.java:218) ~[spring-core-5.3.25.jar:5.3.25]
	at org.springframework.aop.framework.CglibAopProxy$CglibMethodInvocation.invokeJoinpoint(CglibAopProxy.java:793) ~[spring-aop-5.3.25.jar:5.3.25]
	at org.springframework.aop.framework.ReflectiveMethodInvocation.proceed(ReflectiveMethodInvocation.java:163) ~[spring-aop-5.3.25.jar:5.3.25]
	at org.springframework.aop.framework.CglibAopProxy$CglibMethodInvocation.proceed(CglibAopProxy.java:763) ~[spring-aop-5.3.25.jar:5.3.25]
	at org.springframework.aop.framework.adapter.AfterReturningAdviceInterceptor.invoke(AfterReturningAdviceInterceptor.java:57) ~[spring-aop-5.3.25.jar:5.3.25]
	at org.springframework.aop.framework.ReflectiveMethodInvocation.proceed(ReflectiveMethodInvocation.java:175) ~[spring-aop-5.3.25.jar:5.3.25]
	at org.springframework.aop.framework.CglibAopProxy$CglibMethodInvocation.proceed(CglibAopProxy.java:763) ~[spring-aop-5.3.25.jar:5.3.25]
	at org.springframework.aop.interceptor.ExposeInvocationInterceptor.invoke(ExposeInvocationInterceptor.java:97) ~[spring-aop-5.3.25.jar:5.3.25]
	at org.springframework.aop.framework.ReflectiveMethodInvocation.proceed(ReflectiveMethodInvocation.java:186) ~[spring-aop-5.3.25.jar:5.3.25]
	at org.springframework.aop.framework.CglibAopProxy$CglibMethodInvocation.proceed(CglibAopProxy.java:763) ~[spring-aop-5.3.25.jar:5.3.25]
	at org.springframework.aop.framework.CglibAopProxy$DynamicAdvisedInterceptor.intercept(CglibAopProxy.java:708) ~[spring-aop-5.3.25.jar:5.3.25]
	at ma.com.controller.CourseController$$EnhancerBySpringCGLIB$$5e8b9d6e.getCourseByCategory(<generated>) ~[classes/:?]
	at jdk.internal.reflect.NativeMethodAccessorImpl.invoke0(Native Method) ~[?:?]
	at jdk.internal.reflect.NativeMethodAccessorImpl.invoke(NativeMethodAccessorImpl.java:77) ~[?:?]
	at jdk.internal.reflect.DelegatingMethodAccessorImpl.invoke(DelegatingMethodAccessorImpl.java:43) ~[?:?]
	at java.lang.reflect.Method.invoke(Method.java:568) ~[?:?]
	at org.springframework.web.method.support.InvocableHandlerMethod.doInvoke(InvocableHandlerMethod.java:205) ~[spring-web-5.3.25.jar:5.3.25]
	at org.springframework.web.method.support.InvocableHandlerMethod.invokeForRequest(InvocableHandlerMethod.java:150) ~[spring-web-5.3.25.jar:5.3.25]
	at org.springframework.web.servlet.mvc.method.annotation.ServletInvocableHandlerMethod.invokeAndHandle(ServletInvocableHandlerMethod.java:117) ~[spring-webmvc-5.3.25.jar:5.3.25]
	at org.springframework.web.servlet.mvc.method.annotation.RequestMappingHandlerAdapter.invokeHandlerMethod(RequestMappingHandlerAdapter.java:895) ~[spring-webmvc-5.3.25.jar:5.3.25]
	at org.springframework.web.servlet.mvc.method.annotation.RequestMappingHandlerAdapter.handleInternal(RequestMappingHandlerAdapter.java:808) ~[spring-webmvc-5.3.25.jar:5.3.25]
	at org.springframework.web.servlet.mvc.method.AbstractHandlerMethodAdapter.handle(AbstractHandlerMethodAdapter.java:87) ~[spring-webmvc-5.3.25.jar:5.3.25]
	at org.springframework.web.servlet.DispatcherServlet.doDispatch(DispatcherServlet.java:1071) ~[spring-webmvc-5.3.25.jar:5.3.25]
	at org.springframework.web.servlet.DispatcherServlet.doService(DispatcherServlet.java:964) ~[spring-webmvc-5.3.25.jar:5.3.25]
	at org.springframework.web.servlet.FrameworkServlet.processRequest(FrameworkServlet.java:1006) ~[spring-webmvc-5.3.25.jar:5.3.25]
	at org.springframework.web.servlet.FrameworkServlet.doGet(FrameworkServlet.java:898) ~[spring-webmvc-5.3.25.jar:5.3.25]
	at javax.servlet.http.HttpServlet.service(HttpServlet.java:670) ~[tomcat-embed-core-9.0.71.jar:4.0.FR]
	at org.springframework.web.servlet.FrameworkServlet.service(FrameworkServlet.java:883) ~[spring-webmvc-5.3.25.jar:5.3.25]
	at javax.servlet.http.HttpServlet.service(HttpServlet.java:779) ~[tomcat-embed-core-9.0.71.jar:4.0.FR]
	at org.apache.catalina.core.ApplicationFilterChain.internalDoFilter(ApplicationFilterChain.java:227) ~[tomcat-embed-core-9.0.71.jar:9.0.71]
	at org.apache.catalina.core.ApplicationFilterChain.doFilter(ApplicationFilterChain.java:162) ~[tomcat-embed-core-9.0.71.jar:9.0.71]
	at org.apache.tomcat.websocket.server.WsFilter.doFilter(WsFilter.java:53) ~[tomcat-embed-websocket-9.0.71.jar:9.0.71]
	at org.apache.catalina.core.ApplicationFilterChain.internalDoFilter(ApplicationFilterChain.java:189) ~[tomcat-embed-core-9.0.71.jar:9.0.71]
	at org.apache.catalina.core.ApplicationFilterChain.doFilter(ApplicationFilterChain.java:162) ~[tomcat-embed-core-9.0.71.jar:9.0.71]
	at org.springframework.web.filter.RequestContextFilter.doFilterInternal(RequestContextFilter.java:100) ~[spring-web-5.3.25.jar:5.3.25]
	at org.springframework.web.filter.OncePerRequestFilter.doFilter(OncePerRequestFilter.java:117) ~[spring-web-5.3.25.jar:5.3.25]
	at org.apache.catalina.core.ApplicationFilterChain.internalDoFilter(ApplicationFilterChain.java:189) ~[tomcat-embed-core-9.0.71.jar:9.0.71]
	at org.apache.catalina.core.ApplicationFilterChain.doFilter(ApplicationFilterChain.java:162) ~[tomcat-embed-core-9.0.71.jar:9.0.71]
	at org.springframework.web.filter.FormContentFilter.doFilterInternal(FormContentFilter.java:93) ~[spring-web-5.3.25.jar:5.3.25]
	at org.springframework.web.filter.OncePerRequestFilter.doFilter(OncePerRequestFilter.java:117) ~[spring-web-5.3.25.jar:5.3.25]
	at org.apache.catalina.core.ApplicationFilterChain.internalDoFilter(ApplicationFilterChain.java:189) ~[tomcat-embed-core-9.0.71.jar:9.0.71]
	at org.apache.catalina.core.ApplicationFilterChain.doFilter(ApplicationFilterChain.java:162) ~[tomcat-embed-core-9.0.71.jar:9.0.71]
	at org.springframework.web.filter.CharacterEncodingFilter.doFilterInternal(CharacterEncodingFilter.java:201) ~[spring-web-5.3.25.jar:5.3.25]
	at org.springframework.web.filter.OncePerRequestFilter.doFilter(OncePerRequestFilter.java:117) ~[spring-web-5.3.25.jar:5.3.25]
	at org.apache.catalina.core.ApplicationFilterChain.internalDoFilter(ApplicationFilterChain.java:189) ~[tomcat-embed-core-9.0.71.jar:9.0.71]
	at org.apache.catalina.core.ApplicationFilterChain.doFilter(ApplicationFilterChain.java:162) ~[tomcat-embed-core-9.0.71.jar:9.0.71]
	at org.apache.catalina.core.StandardWrapperValve.invoke(StandardWrapperValve.java:177) ~[tomcat-embed-core-9.0.71.jar:9.0.71]
	at org.apache.catalina.core.StandardContextValve.invoke(StandardContextValve.java:97) ~[tomcat-embed-core-9.0.71.jar:9.0.71]
	at org.apache.catalina.authenticator.AuthenticatorBase.invoke(AuthenticatorBase.java:541) ~[tomcat-embed-core-9.0.71.jar:9.0.71]
	at org.apache.catalina.core.StandardHostValve.invoke(StandardHostValve.java:135) ~[tomcat-embed-core-9.0.71.jar:9.0.71]
	at org.apache.catalina.valves.ErrorReportValve.invoke(ErrorReportValve.java:92) ~[tomcat-embed-core-9.0.71.jar:9.0.71]
	at org.apache.catalina.core.StandardEngineValve.invoke(StandardEngineValve.java:78) ~[tomcat-embed-core-9.0.71.jar:9.0.71]
	at org.apache.catalina.connector.CoyoteAdapter.service(CoyoteAdapter.java:360) ~[tomcat-embed-core-9.0.71.jar:9.0.71]
	at org.apache.coyote.http11.Http11Processor.service(Http11Processor.java:399) ~[tomcat-embed-core-9.0.71.jar:9.0.71]
	at org.apache.coyote.AbstractProcessorLight.process(AbstractProcessorLight.java:65) ~[tomcat-embed-core-9.0.71.jar:9.0.71]
	at org.apache.coyote.AbstractProtocol$ConnectionHandler.process(AbstractProtocol.java:891) ~[tomcat-embed-core-9.0.71.jar:9.0.71]
	at org.apache.tomcat.util.net.NioEndpoint$SocketProcessor.doRun(NioEndpoint.java:1784) ~[tomcat-embed-core-9.0.71.jar:9.0.71]
	at org.apache.tomcat.util.net.SocketProcessorBase.run(SocketProcessorBase.java:49) ~[tomcat-embed-core-9.0.71.jar:9.0.71]
	at org.apache.tomcat.util.threads.ThreadPoolExecutor.runWorker(ThreadPoolExecutor.java:1191) ~[tomcat-embed-core-9.0.71.jar:9.0.71]
	at org.apache.tomcat.util.threads.ThreadPoolExecutor$Worker.run(ThreadPoolExecutor.java:659) ~[tomcat-embed-core-9.0.71.jar:9.0.71]
	at org.apache.tomcat.util.threads.TaskThread$WrappingRunnable.run(TaskThread.java:61) ~[tomcat-embed-core-9.0.71.jar:9.0.71]
	at java.lang.Thread.run(Thread.java:840) ~[?:?]
[2025-03-27 09:45:11:525] [ERROR] - com.zaxxer.hikari.pool.HikariPool.throwPoolInitializationException(HikariPool.java:594) - HikariPool-1 - Exception during pool initialization.
java.sql.SQLException: Access denied for user 'root'@'localhost' (using password: YES)
	at com.mysql.jdbc.SQLError.createSQLException(SQLError.java:965) ~[mysql-connector-java-5.1.49.jar:5.1.49]
	at com.mysql.jdbc.MysqlIO.checkErrorPacket(MysqlIO.java:3933) ~[mysql-connector-java-5.1.49.jar:5.1.49]
	at com.mysql.jdbc.MysqlIO.checkErrorPacket(MysqlIO.java:3869) ~[mysql-connector-java-5.1.49.jar:5.1.49]
	at com.mysql.jdbc.MysqlIO.checkErrorPacket(MysqlIO.java:864) ~[mysql-connector-java-5.1.49.jar:5.1.49]
	at com.mysql.jdbc.MysqlIO.proceedHandshakeWithPluggableAuthentication(MysqlIO.java:1707) ~[mysql-connector-java-5.1.49.jar:5.1.49]
	at com.mysql.jdbc.MysqlIO.doHandshake(MysqlIO.java:1217) ~[mysql-connector-java-5.1.49.jar:5.1.49]
	at com.mysql.jdbc.ConnectionImpl.coreConnect(ConnectionImpl.java:2189) ~[mysql-connector-java-5.1.49.jar:5.1.49]
	at com.mysql.jdbc.ConnectionImpl.connectOneTryOnly(ConnectionImpl.java:2220) ~[mysql-connector-java-5.1.49.jar:5.1.49]
	at com.mysql.jdbc.ConnectionImpl.createNewIO(ConnectionImpl.java:2015) ~[mysql-connector-java-5.1.49.jar:5.1.49]
	at com.mysql.jdbc.ConnectionImpl.<init>(ConnectionImpl.java:768) ~[mysql-connector-java-5.1.49.jar:5.1.49]
	at com.mysql.jdbc.JDBC4Connection.<init>(JDBC4Connection.java:47) ~[mysql-connector-java-5.1.49.jar:5.1.49]
	at jdk.internal.reflect.NativeConstructorAccessorImpl.newInstance0(Native Method) ~[?:?]
	at jdk.internal.reflect.NativeConstructorAccessorImpl.newInstance(NativeConstructorAccessorImpl.java:77) ~[?:?]
	at jdk.internal.reflect.DelegatingConstructorAccessorImpl.newInstance(DelegatingConstructorAccessorImpl.java:45) ~[?:?]
	at java.lang.reflect.Constructor.newInstanceWithCaller(Constructor.java:499) ~[?:?]
	at java.lang.reflect.Constructor.newInstance(Constructor.java:480) ~[?:?]
	at com.mysql.jdbc.Util.handleNewInstance(Util.java:403) ~[mysql-connector-java-5.1.49.jar:5.1.49]
	at com.mysql.jdbc.ConnectionImpl.getInstance(ConnectionImpl.java:385) ~[mysql-connector-java-5.1.49.jar:5.1.49]
	at com.mysql.jdbc.NonRegisteringDriver.connect(NonRegisteringDriver.java:323) ~[mysql-connector-java-5.1.49.jar:5.1.49]
	at com.zaxxer.hikari.util.DriverDataSource.getConnection(DriverDataSource.java:138) ~[HikariCP-4.0.3.jar:?]
	at com.zaxxer.hikari.pool.PoolBase.newConnection(PoolBase.java:364) ~[HikariCP-4.0.3.jar:?]
	at com.zaxxer.hikari.pool.PoolBase.newPoolEntry(PoolBase.java:206) ~[HikariCP-4.0.3.jar:?]
	at com.zaxxer.hikari.pool.HikariPool.createPoolEntry(HikariPool.java:476) ~[HikariCP-4.0.3.jar:?]
	at com.zaxxer.hikari.pool.HikariPool.checkFailFast(HikariPool.java:561) ~[HikariCP-4.0.3.jar:?]
	at com.zaxxer.hikari.pool.HikariPool.<init>(HikariPool.java:115) ~[HikariCP-4.0.3.jar:?]
	at com.zaxxer.hikari.HikariDataSource.getConnection(HikariDataSource.java:112) ~[HikariCP-4.0.3.jar:?]
	at org.springframework.jdbc.datasource.DataSourceUtils.fetchConnection(DataSourceUtils.java:159) ~[spring-jdbc-5.3.25.jar:5.3.25]
	at org.springframework.jdbc.datasource.DataSourceUtils.doGetConnection(DataSourceUtils.java:117) ~[spring-jdbc-5.3.25.jar:5.3.25]
	at org.springframework.jdbc.datasource.DataSourceUtils.getConnection(DataSourceUtils.java:80) ~[spring-jdbc-5.3.25.jar:5.3.25]
	at org.mybatis.spring.transaction.SpringManagedTransaction.openConnection(SpringManagedTransaction.java:80) ~[mybatis-spring-2.1.0.jar:2.1.0]
	at org.mybatis.spring.transaction.SpringManagedTransaction.getConnection(SpringManagedTransaction.java:67) ~[mybatis-spring-2.1.0.jar:2.1.0]
	at org.apache.ibatis.executor.BaseExecutor.getConnection(BaseExecutor.java:337) ~[mybatis-3.5.11.jar:3.5.11]
	at org.apache.ibatis.executor.SimpleExecutor.prepareStatement(SimpleExecutor.java:86) ~[mybatis-3.5.11.jar:3.5.11]
	at org.apache.ibatis.executor.SimpleExecutor.doQuery(SimpleExecutor.java:62) ~[mybatis-3.5.11.jar:3.5.11]
	at org.apache.ibatis.executor.BaseExecutor.queryFromDatabase(BaseExecutor.java:325) ~[mybatis-3.5.11.jar:3.5.11]
	at org.apache.ibatis.executor.BaseExecutor.query(BaseExecutor.java:156) ~[mybatis-3.5.11.jar:3.5.11]
	at org.apache.ibatis.executor.CachingExecutor.query(CachingExecutor.java:109) ~[mybatis-3.5.11.jar:3.5.11]
	at com.github.pagehelper.PageInterceptor.intercept(PageInterceptor.java:151) ~[pagehelper-5.3.2.jar:?]
	at org.apache.ibatis.plugin.Plugin.invoke(Plugin.java:62) ~[mybatis-3.5.11.jar:3.5.11]
	at jdk.proxy2.$Proxy131.query(Unknown Source) ~[?:?]
	at org.apache.ibatis.session.defaults.DefaultSqlSession.selectList(DefaultSqlSession.java:151) ~[mybatis-3.5.11.jar:3.5.11]
	at org.apache.ibatis.session.defaults.DefaultSqlSession.selectList(DefaultSqlSession.java:145) ~[mybatis-3.5.11.jar:3.5.11]
	at org.apache.ibatis.session.defaults.DefaultSqlSession.selectList(DefaultSqlSession.java:140) ~[mybatis-3.5.11.jar:3.5.11]
	at jdk.internal.reflect.NativeMethodAccessorImpl.invoke0(Native Method) ~[?:?]
	at jdk.internal.reflect.NativeMethodAccessorImpl.invoke(NativeMethodAccessorImpl.java:77) ~[?:?]
	at jdk.internal.reflect.DelegatingMethodAccessorImpl.invoke(DelegatingMethodAccessorImpl.java:43) ~[?:?]
	at java.lang.reflect.Method.invoke(Method.java:568) ~[?:?]
	at org.mybatis.spring.SqlSessionTemplate$SqlSessionInterceptor.invoke(SqlSessionTemplate.java:425) ~[mybatis-spring-2.1.0.jar:2.1.0]
	at jdk.proxy2.$Proxy92.selectList(Unknown Source) ~[?:?]
	at org.mybatis.spring.SqlSessionTemplate.selectList(SqlSessionTemplate.java:224) ~[mybatis-spring-2.1.0.jar:2.1.0]
	at org.apache.ibatis.binding.MapperMethod.executeForMany(MapperMethod.java:147) ~[mybatis-3.5.11.jar:3.5.11]
	at org.apache.ibatis.binding.MapperMethod.execute(MapperMethod.java:80) ~[mybatis-3.5.11.jar:3.5.11]
	at org.apache.ibatis.binding.MapperProxy$PlainMethodInvoker.invoke(MapperProxy.java:145) ~[mybatis-3.5.11.jar:3.5.11]
	at org.apache.ibatis.binding.MapperProxy.invoke(MapperProxy.java:86) ~[mybatis-3.5.11.jar:3.5.11]
	at jdk.proxy3.$Proxy110.getUserList(Unknown Source) ~[?:?]
	at ma.com.serviceImp.UserServiceImp.getAllUser(UserServiceImp.java:19) ~[classes/:?]
	at ma.com.controller.UserController.getAllUser(UserController.java:103) ~[classes/:?]
	at jdk.internal.reflect.NativeMethodAccessorImpl.invoke0(Native Method) ~[?:?]
	at jdk.internal.reflect.NativeMethodAccessorImpl.invoke(NativeMethodAccessorImpl.java:77) ~[?:?]
	at jdk.internal.reflect.DelegatingMethodAccessorImpl.invoke(DelegatingMethodAccessorImpl.java:43) ~[?:?]
	at java.lang.reflect.Method.invoke(Method.java:568) ~[?:?]
	at org.springframework.web.method.support.InvocableHandlerMethod.doInvoke(InvocableHandlerMethod.java:205) ~[spring-web-5.3.25.jar:5.3.25]
	at org.springframework.web.method.support.InvocableHandlerMethod.invokeForRequest(InvocableHandlerMethod.java:150) ~[spring-web-5.3.25.jar:5.3.25]
	at org.springframework.web.servlet.mvc.method.annotation.ServletInvocableHandlerMethod.invokeAndHandle(ServletInvocableHandlerMethod.java:117) ~[spring-webmvc-5.3.25.jar:5.3.25]
	at org.springframework.web.servlet.mvc.method.annotation.RequestMappingHandlerAdapter.invokeHandlerMethod(RequestMappingHandlerAdapter.java:895) ~[spring-webmvc-5.3.25.jar:5.3.25]
	at org.springframework.web.servlet.mvc.method.annotation.RequestMappingHandlerAdapter.handleInternal(RequestMappingHandlerAdapter.java:808) ~[spring-webmvc-5.3.25.jar:5.3.25]
	at org.springframework.web.servlet.mvc.method.AbstractHandlerMethodAdapter.handle(AbstractHandlerMethodAdapter.java:87) ~[spring-webmvc-5.3.25.jar:5.3.25]
	at org.springframework.web.servlet.DispatcherServlet.doDispatch(DispatcherServlet.java:1071) ~[spring-webmvc-5.3.25.jar:5.3.25]
	at org.springframework.web.servlet.DispatcherServlet.doService(DispatcherServlet.java:964) ~[spring-webmvc-5.3.25.jar:5.3.25]
	at org.springframework.web.servlet.FrameworkServlet.processRequest(FrameworkServlet.java:1006) ~[spring-webmvc-5.3.25.jar:5.3.25]
	at org.springframework.web.servlet.FrameworkServlet.doGet(FrameworkServlet.java:898) ~[spring-webmvc-5.3.25.jar:5.3.25]
	at javax.servlet.http.HttpServlet.service(HttpServlet.java:670) ~[tomcat-embed-core-9.0.71.jar:4.0.FR]
	at org.springframework.web.servlet.FrameworkServlet.service(FrameworkServlet.java:883) ~[spring-webmvc-5.3.25.jar:5.3.25]
	at javax.servlet.http.HttpServlet.service(HttpServlet.java:779) ~[tomcat-embed-core-9.0.71.jar:4.0.FR]
	at org.apache.catalina.core.ApplicationFilterChain.internalDoFilter(ApplicationFilterChain.java:227) ~[tomcat-embed-core-9.0.71.jar:9.0.71]
	at org.apache.catalina.core.ApplicationFilterChain.doFilter(ApplicationFilterChain.java:162) ~[tomcat-embed-core-9.0.71.jar:9.0.71]
	at org.apache.tomcat.websocket.server.WsFilter.doFilter(WsFilter.java:53) ~[tomcat-embed-websocket-9.0.71.jar:9.0.71]
	at org.apache.catalina.core.ApplicationFilterChain.internalDoFilter(ApplicationFilterChain.java:189) ~[tomcat-embed-core-9.0.71.jar:9.0.71]
	at org.apache.catalina.core.ApplicationFilterChain.doFilter(ApplicationFilterChain.java:162) ~[tomcat-embed-core-9.0.71.jar:9.0.71]
	at org.springframework.web.filter.RequestContextFilter.doFilterInternal(RequestContextFilter.java:100) ~[spring-web-5.3.25.jar:5.3.25]
	at org.springframework.web.filter.OncePerRequestFilter.doFilter(OncePerRequestFilter.java:117) ~[spring-web-5.3.25.jar:5.3.25]
	at org.apache.catalina.core.ApplicationFilterChain.internalDoFilter(ApplicationFilterChain.java:189) ~[tomcat-embed-core-9.0.71.jar:9.0.71]
	at org.apache.catalina.core.ApplicationFilterChain.doFilter(ApplicationFilterChain.java:162) ~[tomcat-embed-core-9.0.71.jar:9.0.71]
	at org.springframework.web.filter.FormContentFilter.doFilterInternal(FormContentFilter.java:93) ~[spring-web-5.3.25.jar:5.3.25]
	at org.springframework.web.filter.OncePerRequestFilter.doFilter(OncePerRequestFilter.java:117) ~[spring-web-5.3.25.jar:5.3.25]
	at org.apache.catalina.core.ApplicationFilterChain.internalDoFilter(ApplicationFilterChain.java:189) ~[tomcat-embed-core-9.0.71.jar:9.0.71]
	at org.apache.catalina.core.ApplicationFilterChain.doFilter(ApplicationFilterChain.java:162) ~[tomcat-embed-core-9.0.71.jar:9.0.71]
	at org.springframework.web.filter.CharacterEncodingFilter.doFilterInternal(CharacterEncodingFilter.java:201) ~[spring-web-5.3.25.jar:5.3.25]
	at org.springframework.web.filter.OncePerRequestFilter.doFilter(OncePerRequestFilter.java:117) ~[spring-web-5.3.25.jar:5.3.25]
	at org.apache.catalina.core.ApplicationFilterChain.internalDoFilter(ApplicationFilterChain.java:189) ~[tomcat-embed-core-9.0.71.jar:9.0.71]
	at org.apache.catalina.core.ApplicationFilterChain.doFilter(ApplicationFilterChain.java:162) ~[tomcat-embed-core-9.0.71.jar:9.0.71]
	at org.apache.catalina.core.StandardWrapperValve.invoke(StandardWrapperValve.java:177) ~[tomcat-embed-core-9.0.71.jar:9.0.71]
	at org.apache.catalina.core.StandardContextValve.invoke(StandardContextValve.java:97) ~[tomcat-embed-core-9.0.71.jar:9.0.71]
	at org.apache.catalina.authenticator.AuthenticatorBase.invoke(AuthenticatorBase.java:541) ~[tomcat-embed-core-9.0.71.jar:9.0.71]
	at org.apache.catalina.core.StandardHostValve.invoke(StandardHostValve.java:135) ~[tomcat-embed-core-9.0.71.jar:9.0.71]
	at org.apache.catalina.valves.ErrorReportValve.invoke(ErrorReportValve.java:92) ~[tomcat-embed-core-9.0.71.jar:9.0.71]
	at org.apache.catalina.core.StandardEngineValve.invoke(StandardEngineValve.java:78) ~[tomcat-embed-core-9.0.71.jar:9.0.71]
	at org.apache.catalina.connector.CoyoteAdapter.service(CoyoteAdapter.java:360) ~[tomcat-embed-core-9.0.71.jar:9.0.71]
	at org.apache.coyote.http11.Http11Processor.service(Http11Processor.java:399) ~[tomcat-embed-core-9.0.71.jar:9.0.71]
	at org.apache.coyote.AbstractProcessorLight.process(AbstractProcessorLight.java:65) ~[tomcat-embed-core-9.0.71.jar:9.0.71]
	at org.apache.coyote.AbstractProtocol$ConnectionHandler.process(AbstractProtocol.java:891) ~[tomcat-embed-core-9.0.71.jar:9.0.71]
	at org.apache.tomcat.util.net.NioEndpoint$SocketProcessor.doRun(NioEndpoint.java:1784) ~[tomcat-embed-core-9.0.71.jar:9.0.71]
	at org.apache.tomcat.util.net.SocketProcessorBase.run(SocketProcessorBase.java:49) ~[tomcat-embed-core-9.0.71.jar:9.0.71]
	at org.apache.tomcat.util.threads.ThreadPoolExecutor.runWorker(ThreadPoolExecutor.java:1191) ~[tomcat-embed-core-9.0.71.jar:9.0.71]
	at org.apache.tomcat.util.threads.ThreadPoolExecutor$Worker.run(ThreadPoolExecutor.java:659) ~[tomcat-embed-core-9.0.71.jar:9.0.71]
	at org.apache.tomcat.util.threads.TaskThread$WrappingRunnable.run(TaskThread.java:61) ~[tomcat-embed-core-9.0.71.jar:9.0.71]
	at java.lang.Thread.run(Thread.java:840) ~[?:?]
[2025-03-27 09:45:11:558] [ERROR] - org.apache.juli.logging.DirectJDKLog.log(DirectJDKLog.java:175) - Servlet.service() for servlet [dispatcherServlet] in context with path [] threw exception [Request processing failed; nested exception is org.mybatis.spring.MyBatisSystemException: nested exception is org.apache.ibatis.exceptions.PersistenceException: 
### Error querying database.  Cause: org.springframework.jdbc.CannotGetJdbcConnectionException: Failed to obtain JDBC Connection; nested exception is java.sql.SQLException: Access denied for user 'root'@'localhost' (using password: YES)
### The error may exist in file [E:\computer2\computer1\ifly\target\classes\mapper\userMapper.xml]
### The error may involve ma.com.mapper.UserMapper.getUserList
### The error occurred while executing a query
### Cause: org.springframework.jdbc.CannotGetJdbcConnectionException: Failed to obtain JDBC Connection; nested exception is java.sql.SQLException: Access denied for user 'root'@'localhost' (using password: YES)] with root cause
java.sql.SQLException: Access denied for user 'root'@'localhost' (using password: YES)
	at com.mysql.jdbc.SQLError.createSQLException(SQLError.java:965) ~[mysql-connector-java-5.1.49.jar:5.1.49]
	at com.mysql.jdbc.MysqlIO.checkErrorPacket(MysqlIO.java:3933) ~[mysql-connector-java-5.1.49.jar:5.1.49]
	at com.mysql.jdbc.MysqlIO.checkErrorPacket(MysqlIO.java:3869) ~[mysql-connector-java-5.1.49.jar:5.1.49]
	at com.mysql.jdbc.MysqlIO.checkErrorPacket(MysqlIO.java:864) ~[mysql-connector-java-5.1.49.jar:5.1.49]
	at com.mysql.jdbc.MysqlIO.proceedHandshakeWithPluggableAuthentication(MysqlIO.java:1707) ~[mysql-connector-java-5.1.49.jar:5.1.49]
	at com.mysql.jdbc.MysqlIO.doHandshake(MysqlIO.java:1217) ~[mysql-connector-java-5.1.49.jar:5.1.49]
	at com.mysql.jdbc.ConnectionImpl.coreConnect(ConnectionImpl.java:2189) ~[mysql-connector-java-5.1.49.jar:5.1.49]
	at com.mysql.jdbc.ConnectionImpl.connectOneTryOnly(ConnectionImpl.java:2220) ~[mysql-connector-java-5.1.49.jar:5.1.49]
	at com.mysql.jdbc.ConnectionImpl.createNewIO(ConnectionImpl.java:2015) ~[mysql-connector-java-5.1.49.jar:5.1.49]
	at com.mysql.jdbc.ConnectionImpl.<init>(ConnectionImpl.java:768) ~[mysql-connector-java-5.1.49.jar:5.1.49]
	at com.mysql.jdbc.JDBC4Connection.<init>(JDBC4Connection.java:47) ~[mysql-connector-java-5.1.49.jar:5.1.49]
	at jdk.internal.reflect.NativeConstructorAccessorImpl.newInstance0(Native Method) ~[?:?]
	at jdk.internal.reflect.NativeConstructorAccessorImpl.newInstance(NativeConstructorAccessorImpl.java:77) ~[?:?]
	at jdk.internal.reflect.DelegatingConstructorAccessorImpl.newInstance(DelegatingConstructorAccessorImpl.java:45) ~[?:?]
	at java.lang.reflect.Constructor.newInstanceWithCaller(Constructor.java:499) ~[?:?]
	at java.lang.reflect.Constructor.newInstance(Constructor.java:480) ~[?:?]
	at com.mysql.jdbc.Util.handleNewInstance(Util.java:403) ~[mysql-connector-java-5.1.49.jar:5.1.49]
	at com.mysql.jdbc.ConnectionImpl.getInstance(ConnectionImpl.java:385) ~[mysql-connector-java-5.1.49.jar:5.1.49]
	at com.mysql.jdbc.NonRegisteringDriver.connect(NonRegisteringDriver.java:323) ~[mysql-connector-java-5.1.49.jar:5.1.49]
	at com.zaxxer.hikari.util.DriverDataSource.getConnection(DriverDataSource.java:138) ~[HikariCP-4.0.3.jar:?]
	at com.zaxxer.hikari.pool.PoolBase.newConnection(PoolBase.java:364) ~[HikariCP-4.0.3.jar:?]
	at com.zaxxer.hikari.pool.PoolBase.newPoolEntry(PoolBase.java:206) ~[HikariCP-4.0.3.jar:?]
	at com.zaxxer.hikari.pool.HikariPool.createPoolEntry(HikariPool.java:476) ~[HikariCP-4.0.3.jar:?]
	at com.zaxxer.hikari.pool.HikariPool.checkFailFast(HikariPool.java:561) ~[HikariCP-4.0.3.jar:?]
	at com.zaxxer.hikari.pool.HikariPool.<init>(HikariPool.java:115) ~[HikariCP-4.0.3.jar:?]
	at com.zaxxer.hikari.HikariDataSource.getConnection(HikariDataSource.java:112) ~[HikariCP-4.0.3.jar:?]
	at org.springframework.jdbc.datasource.DataSourceUtils.fetchConnection(DataSourceUtils.java:159) ~[spring-jdbc-5.3.25.jar:5.3.25]
	at org.springframework.jdbc.datasource.DataSourceUtils.doGetConnection(DataSourceUtils.java:117) ~[spring-jdbc-5.3.25.jar:5.3.25]
	at org.springframework.jdbc.datasource.DataSourceUtils.getConnection(DataSourceUtils.java:80) ~[spring-jdbc-5.3.25.jar:5.3.25]
	at org.mybatis.spring.transaction.SpringManagedTransaction.openConnection(SpringManagedTransaction.java:80) ~[mybatis-spring-2.1.0.jar:2.1.0]
	at org.mybatis.spring.transaction.SpringManagedTransaction.getConnection(SpringManagedTransaction.java:67) ~[mybatis-spring-2.1.0.jar:2.1.0]
	at org.apache.ibatis.executor.BaseExecutor.getConnection(BaseExecutor.java:337) ~[mybatis-3.5.11.jar:3.5.11]
	at org.apache.ibatis.executor.SimpleExecutor.prepareStatement(SimpleExecutor.java:86) ~[mybatis-3.5.11.jar:3.5.11]
	at org.apache.ibatis.executor.SimpleExecutor.doQuery(SimpleExecutor.java:62) ~[mybatis-3.5.11.jar:3.5.11]
	at org.apache.ibatis.executor.BaseExecutor.queryFromDatabase(BaseExecutor.java:325) ~[mybatis-3.5.11.jar:3.5.11]
	at org.apache.ibatis.executor.BaseExecutor.query(BaseExecutor.java:156) ~[mybatis-3.5.11.jar:3.5.11]
	at org.apache.ibatis.executor.CachingExecutor.query(CachingExecutor.java:109) ~[mybatis-3.5.11.jar:3.5.11]
	at com.github.pagehelper.PageInterceptor.intercept(PageInterceptor.java:151) ~[pagehelper-5.3.2.jar:?]
	at org.apache.ibatis.plugin.Plugin.invoke(Plugin.java:62) ~[mybatis-3.5.11.jar:3.5.11]
	at jdk.proxy2.$Proxy131.query(Unknown Source) ~[?:?]
	at org.apache.ibatis.session.defaults.DefaultSqlSession.selectList(DefaultSqlSession.java:151) ~[mybatis-3.5.11.jar:3.5.11]
	at org.apache.ibatis.session.defaults.DefaultSqlSession.selectList(DefaultSqlSession.java:145) ~[mybatis-3.5.11.jar:3.5.11]
	at org.apache.ibatis.session.defaults.DefaultSqlSession.selectList(DefaultSqlSession.java:140) ~[mybatis-3.5.11.jar:3.5.11]
	at jdk.internal.reflect.NativeMethodAccessorImpl.invoke0(Native Method) ~[?:?]
	at jdk.internal.reflect.NativeMethodAccessorImpl.invoke(NativeMethodAccessorImpl.java:77) ~[?:?]
	at jdk.internal.reflect.DelegatingMethodAccessorImpl.invoke(DelegatingMethodAccessorImpl.java:43) ~[?:?]
	at java.lang.reflect.Method.invoke(Method.java:568) ~[?:?]
	at org.mybatis.spring.SqlSessionTemplate$SqlSessionInterceptor.invoke(SqlSessionTemplate.java:425) ~[mybatis-spring-2.1.0.jar:2.1.0]
	at jdk.proxy2.$Proxy92.selectList(Unknown Source) ~[?:?]
	at org.mybatis.spring.SqlSessionTemplate.selectList(SqlSessionTemplate.java:224) ~[mybatis-spring-2.1.0.jar:2.1.0]
	at org.apache.ibatis.binding.MapperMethod.executeForMany(MapperMethod.java:147) ~[mybatis-3.5.11.jar:3.5.11]
	at org.apache.ibatis.binding.MapperMethod.execute(MapperMethod.java:80) ~[mybatis-3.5.11.jar:3.5.11]
	at org.apache.ibatis.binding.MapperProxy$PlainMethodInvoker.invoke(MapperProxy.java:145) ~[mybatis-3.5.11.jar:3.5.11]
	at org.apache.ibatis.binding.MapperProxy.invoke(MapperProxy.java:86) ~[mybatis-3.5.11.jar:3.5.11]
	at jdk.proxy3.$Proxy110.getUserList(Unknown Source) ~[?:?]
	at ma.com.serviceImp.UserServiceImp.getAllUser(UserServiceImp.java:19) ~[classes/:?]
	at ma.com.controller.UserController.getAllUser(UserController.java:103) ~[classes/:?]
	at jdk.internal.reflect.NativeMethodAccessorImpl.invoke0(Native Method) ~[?:?]
	at jdk.internal.reflect.NativeMethodAccessorImpl.invoke(NativeMethodAccessorImpl.java:77) ~[?:?]
	at jdk.internal.reflect.DelegatingMethodAccessorImpl.invoke(DelegatingMethodAccessorImpl.java:43) ~[?:?]
	at java.lang.reflect.Method.invoke(Method.java:568) ~[?:?]
	at org.springframework.web.method.support.InvocableHandlerMethod.doInvoke(InvocableHandlerMethod.java:205) ~[spring-web-5.3.25.jar:5.3.25]
	at org.springframework.web.method.support.InvocableHandlerMethod.invokeForRequest(InvocableHandlerMethod.java:150) ~[spring-web-5.3.25.jar:5.3.25]
	at org.springframework.web.servlet.mvc.method.annotation.ServletInvocableHandlerMethod.invokeAndHandle(ServletInvocableHandlerMethod.java:117) ~[spring-webmvc-5.3.25.jar:5.3.25]
	at org.springframework.web.servlet.mvc.method.annotation.RequestMappingHandlerAdapter.invokeHandlerMethod(RequestMappingHandlerAdapter.java:895) ~[spring-webmvc-5.3.25.jar:5.3.25]
	at org.springframework.web.servlet.mvc.method.annotation.RequestMappingHandlerAdapter.handleInternal(RequestMappingHandlerAdapter.java:808) ~[spring-webmvc-5.3.25.jar:5.3.25]
	at org.springframework.web.servlet.mvc.method.AbstractHandlerMethodAdapter.handle(AbstractHandlerMethodAdapter.java:87) ~[spring-webmvc-5.3.25.jar:5.3.25]
	at org.springframework.web.servlet.DispatcherServlet.doDispatch(DispatcherServlet.java:1071) ~[spring-webmvc-5.3.25.jar:5.3.25]
	at org.springframework.web.servlet.DispatcherServlet.doService(DispatcherServlet.java:964) ~[spring-webmvc-5.3.25.jar:5.3.25]
	at org.springframework.web.servlet.FrameworkServlet.processRequest(FrameworkServlet.java:1006) ~[spring-webmvc-5.3.25.jar:5.3.25]
	at org.springframework.web.servlet.FrameworkServlet.doGet(FrameworkServlet.java:898) ~[spring-webmvc-5.3.25.jar:5.3.25]
	at javax.servlet.http.HttpServlet.service(HttpServlet.java:670) ~[tomcat-embed-core-9.0.71.jar:4.0.FR]
	at org.springframework.web.servlet.FrameworkServlet.service(FrameworkServlet.java:883) ~[spring-webmvc-5.3.25.jar:5.3.25]
	at javax.servlet.http.HttpServlet.service(HttpServlet.java:779) ~[tomcat-embed-core-9.0.71.jar:4.0.FR]
	at org.apache.catalina.core.ApplicationFilterChain.internalDoFilter(ApplicationFilterChain.java:227) ~[tomcat-embed-core-9.0.71.jar:9.0.71]
	at org.apache.catalina.core.ApplicationFilterChain.doFilter(ApplicationFilterChain.java:162) ~[tomcat-embed-core-9.0.71.jar:9.0.71]
	at org.apache.tomcat.websocket.server.WsFilter.doFilter(WsFilter.java:53) ~[tomcat-embed-websocket-9.0.71.jar:9.0.71]
	at org.apache.catalina.core.ApplicationFilterChain.internalDoFilter(ApplicationFilterChain.java:189) ~[tomcat-embed-core-9.0.71.jar:9.0.71]
	at org.apache.catalina.core.ApplicationFilterChain.doFilter(ApplicationFilterChain.java:162) ~[tomcat-embed-core-9.0.71.jar:9.0.71]
	at org.springframework.web.filter.RequestContextFilter.doFilterInternal(RequestContextFilter.java:100) ~[spring-web-5.3.25.jar:5.3.25]
	at org.springframework.web.filter.OncePerRequestFilter.doFilter(OncePerRequestFilter.java:117) ~[spring-web-5.3.25.jar:5.3.25]
	at org.apache.catalina.core.ApplicationFilterChain.internalDoFilter(ApplicationFilterChain.java:189) ~[tomcat-embed-core-9.0.71.jar:9.0.71]
	at org.apache.catalina.core.ApplicationFilterChain.doFilter(ApplicationFilterChain.java:162) ~[tomcat-embed-core-9.0.71.jar:9.0.71]
	at org.springframework.web.filter.FormContentFilter.doFilterInternal(FormContentFilter.java:93) ~[spring-web-5.3.25.jar:5.3.25]
	at org.springframework.web.filter.OncePerRequestFilter.doFilter(OncePerRequestFilter.java:117) ~[spring-web-5.3.25.jar:5.3.25]
	at org.apache.catalina.core.ApplicationFilterChain.internalDoFilter(ApplicationFilterChain.java:189) ~[tomcat-embed-core-9.0.71.jar:9.0.71]
	at org.apache.catalina.core.ApplicationFilterChain.doFilter(ApplicationFilterChain.java:162) ~[tomcat-embed-core-9.0.71.jar:9.0.71]
	at org.springframework.web.filter.CharacterEncodingFilter.doFilterInternal(CharacterEncodingFilter.java:201) ~[spring-web-5.3.25.jar:5.3.25]
	at org.springframework.web.filter.OncePerRequestFilter.doFilter(OncePerRequestFilter.java:117) ~[spring-web-5.3.25.jar:5.3.25]
	at org.apache.catalina.core.ApplicationFilterChain.internalDoFilter(ApplicationFilterChain.java:189) ~[tomcat-embed-core-9.0.71.jar:9.0.71]
	at org.apache.catalina.core.ApplicationFilterChain.doFilter(ApplicationFilterChain.java:162) ~[tomcat-embed-core-9.0.71.jar:9.0.71]
	at org.apache.catalina.core.StandardWrapperValve.invoke(StandardWrapperValve.java:177) ~[tomcat-embed-core-9.0.71.jar:9.0.71]
	at org.apache.catalina.core.StandardContextValve.invoke(StandardContextValve.java:97) ~[tomcat-embed-core-9.0.71.jar:9.0.71]
	at org.apache.catalina.authenticator.AuthenticatorBase.invoke(AuthenticatorBase.java:541) ~[tomcat-embed-core-9.0.71.jar:9.0.71]
	at org.apache.catalina.core.StandardHostValve.invoke(StandardHostValve.java:135) ~[tomcat-embed-core-9.0.71.jar:9.0.71]
	at org.apache.catalina.valves.ErrorReportValve.invoke(ErrorReportValve.java:92) ~[tomcat-embed-core-9.0.71.jar:9.0.71]
	at org.apache.catalina.core.StandardEngineValve.invoke(StandardEngineValve.java:78) ~[tomcat-embed-core-9.0.71.jar:9.0.71]
	at org.apache.catalina.connector.CoyoteAdapter.service(CoyoteAdapter.java:360) ~[tomcat-embed-core-9.0.71.jar:9.0.71]
	at org.apache.coyote.http11.Http11Processor.service(Http11Processor.java:399) ~[tomcat-embed-core-9.0.71.jar:9.0.71]
	at org.apache.coyote.AbstractProcessorLight.process(AbstractProcessorLight.java:65) ~[tomcat-embed-core-9.0.71.jar:9.0.71]
	at org.apache.coyote.AbstractProtocol$ConnectionHandler.process(AbstractProtocol.java:891) ~[tomcat-embed-core-9.0.71.jar:9.0.71]
	at org.apache.tomcat.util.net.NioEndpoint$SocketProcessor.doRun(NioEndpoint.java:1784) ~[tomcat-embed-core-9.0.71.jar:9.0.71]
	at org.apache.tomcat.util.net.SocketProcessorBase.run(SocketProcessorBase.java:49) ~[tomcat-embed-core-9.0.71.jar:9.0.71]
	at org.apache.tomcat.util.threads.ThreadPoolExecutor.runWorker(ThreadPoolExecutor.java:1191) ~[tomcat-embed-core-9.0.71.jar:9.0.71]
	at org.apache.tomcat.util.threads.ThreadPoolExecutor$Worker.run(ThreadPoolExecutor.java:659) ~[tomcat-embed-core-9.0.71.jar:9.0.71]
	at org.apache.tomcat.util.threads.TaskThread$WrappingRunnable.run(TaskThread.java:61) ~[tomcat-embed-core-9.0.71.jar:9.0.71]
	at java.lang.Thread.run(Thread.java:840) ~[?:?]
[2025-03-27 09:45:12:595] [ERROR] - com.zaxxer.hikari.pool.HikariPool.throwPoolInitializationException(HikariPool.java:594) - HikariPool-1 - Exception during pool initialization.
java.sql.SQLException: Access denied for user 'root'@'localhost' (using password: YES)
	at com.mysql.jdbc.SQLError.createSQLException(SQLError.java:965) ~[mysql-connector-java-5.1.49.jar:5.1.49]
	at com.mysql.jdbc.MysqlIO.checkErrorPacket(MysqlIO.java:3933) ~[mysql-connector-java-5.1.49.jar:5.1.49]
	at com.mysql.jdbc.MysqlIO.checkErrorPacket(MysqlIO.java:3869) ~[mysql-connector-java-5.1.49.jar:5.1.49]
	at com.mysql.jdbc.MysqlIO.checkErrorPacket(MysqlIO.java:864) ~[mysql-connector-java-5.1.49.jar:5.1.49]
	at com.mysql.jdbc.MysqlIO.proceedHandshakeWithPluggableAuthentication(MysqlIO.java:1707) ~[mysql-connector-java-5.1.49.jar:5.1.49]
	at com.mysql.jdbc.MysqlIO.doHandshake(MysqlIO.java:1217) ~[mysql-connector-java-5.1.49.jar:5.1.49]
	at com.mysql.jdbc.ConnectionImpl.coreConnect(ConnectionImpl.java:2189) ~[mysql-connector-java-5.1.49.jar:5.1.49]
	at com.mysql.jdbc.ConnectionImpl.connectOneTryOnly(ConnectionImpl.java:2220) ~[mysql-connector-java-5.1.49.jar:5.1.49]
	at com.mysql.jdbc.ConnectionImpl.createNewIO(ConnectionImpl.java:2015) ~[mysql-connector-java-5.1.49.jar:5.1.49]
	at com.mysql.jdbc.ConnectionImpl.<init>(ConnectionImpl.java:768) ~[mysql-connector-java-5.1.49.jar:5.1.49]
	at com.mysql.jdbc.JDBC4Connection.<init>(JDBC4Connection.java:47) ~[mysql-connector-java-5.1.49.jar:5.1.49]
	at jdk.internal.reflect.NativeConstructorAccessorImpl.newInstance0(Native Method) ~[?:?]
	at jdk.internal.reflect.NativeConstructorAccessorImpl.newInstance(NativeConstructorAccessorImpl.java:77) ~[?:?]
	at jdk.internal.reflect.DelegatingConstructorAccessorImpl.newInstance(DelegatingConstructorAccessorImpl.java:45) ~[?:?]
	at java.lang.reflect.Constructor.newInstanceWithCaller(Constructor.java:499) ~[?:?]
	at java.lang.reflect.Constructor.newInstance(Constructor.java:480) ~[?:?]
	at com.mysql.jdbc.Util.handleNewInstance(Util.java:403) ~[mysql-connector-java-5.1.49.jar:5.1.49]
	at com.mysql.jdbc.ConnectionImpl.getInstance(ConnectionImpl.java:385) ~[mysql-connector-java-5.1.49.jar:5.1.49]
	at com.mysql.jdbc.NonRegisteringDriver.connect(NonRegisteringDriver.java:323) ~[mysql-connector-java-5.1.49.jar:5.1.49]
	at com.zaxxer.hikari.util.DriverDataSource.getConnection(DriverDataSource.java:138) ~[HikariCP-4.0.3.jar:?]
	at com.zaxxer.hikari.pool.PoolBase.newConnection(PoolBase.java:364) ~[HikariCP-4.0.3.jar:?]
	at com.zaxxer.hikari.pool.PoolBase.newPoolEntry(PoolBase.java:206) ~[HikariCP-4.0.3.jar:?]
	at com.zaxxer.hikari.pool.HikariPool.createPoolEntry(HikariPool.java:476) ~[HikariCP-4.0.3.jar:?]
	at com.zaxxer.hikari.pool.HikariPool.checkFailFast(HikariPool.java:561) ~[HikariCP-4.0.3.jar:?]
	at com.zaxxer.hikari.pool.HikariPool.<init>(HikariPool.java:115) ~[HikariCP-4.0.3.jar:?]
	at com.zaxxer.hikari.HikariDataSource.getConnection(HikariDataSource.java:112) ~[HikariCP-4.0.3.jar:?]
	at org.springframework.jdbc.datasource.DataSourceUtils.fetchConnection(DataSourceUtils.java:159) ~[spring-jdbc-5.3.25.jar:5.3.25]
	at org.springframework.jdbc.datasource.DataSourceUtils.doGetConnection(DataSourceUtils.java:117) ~[spring-jdbc-5.3.25.jar:5.3.25]
	at org.springframework.jdbc.datasource.DataSourceUtils.getConnection(DataSourceUtils.java:80) ~[spring-jdbc-5.3.25.jar:5.3.25]
	at org.mybatis.spring.transaction.SpringManagedTransaction.openConnection(SpringManagedTransaction.java:80) ~[mybatis-spring-2.1.0.jar:2.1.0]
	at org.mybatis.spring.transaction.SpringManagedTransaction.getConnection(SpringManagedTransaction.java:67) ~[mybatis-spring-2.1.0.jar:2.1.0]
	at org.apache.ibatis.executor.BaseExecutor.getConnection(BaseExecutor.java:337) ~[mybatis-3.5.11.jar:3.5.11]
	at org.apache.ibatis.executor.SimpleExecutor.prepareStatement(SimpleExecutor.java:86) ~[mybatis-3.5.11.jar:3.5.11]
	at org.apache.ibatis.executor.SimpleExecutor.doQuery(SimpleExecutor.java:62) ~[mybatis-3.5.11.jar:3.5.11]
	at org.apache.ibatis.executor.BaseExecutor.queryFromDatabase(BaseExecutor.java:325) ~[mybatis-3.5.11.jar:3.5.11]
	at org.apache.ibatis.executor.BaseExecutor.query(BaseExecutor.java:156) ~[mybatis-3.5.11.jar:3.5.11]
	at org.apache.ibatis.executor.CachingExecutor.query(CachingExecutor.java:109) ~[mybatis-3.5.11.jar:3.5.11]
	at com.github.pagehelper.PageInterceptor.intercept(PageInterceptor.java:151) ~[pagehelper-5.3.2.jar:?]
	at org.apache.ibatis.plugin.Plugin.invoke(Plugin.java:62) ~[mybatis-3.5.11.jar:3.5.11]
	at jdk.proxy2.$Proxy131.query(Unknown Source) ~[?:?]
	at org.apache.ibatis.session.defaults.DefaultSqlSession.selectList(DefaultSqlSession.java:151) ~[mybatis-3.5.11.jar:3.5.11]
	at org.apache.ibatis.session.defaults.DefaultSqlSession.selectList(DefaultSqlSession.java:145) ~[mybatis-3.5.11.jar:3.5.11]
	at org.apache.ibatis.session.defaults.DefaultSqlSession.selectList(DefaultSqlSession.java:140) ~[mybatis-3.5.11.jar:3.5.11]
	at jdk.internal.reflect.NativeMethodAccessorImpl.invoke0(Native Method) ~[?:?]
	at jdk.internal.reflect.NativeMethodAccessorImpl.invoke(NativeMethodAccessorImpl.java:77) ~[?:?]
	at jdk.internal.reflect.DelegatingMethodAccessorImpl.invoke(DelegatingMethodAccessorImpl.java:43) ~[?:?]
	at java.lang.reflect.Method.invoke(Method.java:568) ~[?:?]
	at org.mybatis.spring.SqlSessionTemplate$SqlSessionInterceptor.invoke(SqlSessionTemplate.java:425) ~[mybatis-spring-2.1.0.jar:2.1.0]
	at jdk.proxy2.$Proxy92.selectList(Unknown Source) ~[?:?]
	at org.mybatis.spring.SqlSessionTemplate.selectList(SqlSessionTemplate.java:224) ~[mybatis-spring-2.1.0.jar:2.1.0]
	at org.apache.ibatis.binding.MapperMethod.executeForMany(MapperMethod.java:147) ~[mybatis-3.5.11.jar:3.5.11]
	at org.apache.ibatis.binding.MapperMethod.execute(MapperMethod.java:80) ~[mybatis-3.5.11.jar:3.5.11]
	at org.apache.ibatis.binding.MapperProxy$PlainMethodInvoker.invoke(MapperProxy.java:145) ~[mybatis-3.5.11.jar:3.5.11]
	at org.apache.ibatis.binding.MapperProxy.invoke(MapperProxy.java:86) ~[mybatis-3.5.11.jar:3.5.11]
	at jdk.proxy3.$Proxy103.getCourseByCategory(Unknown Source) ~[?:?]
	at ma.com.serviceImp.CourseServiceImpl.getCourseByCategory(CourseServiceImpl.java:32) ~[classes/:?]
	at ma.com.controller.CourseController.getCourseByCategory(CourseController.java:36) ~[classes/:?]
	at ma.com.controller.CourseController$$FastClassBySpringCGLIB$$32e59b02.invoke(<generated>) ~[classes/:?]
	at org.springframework.cglib.proxy.MethodProxy.invoke(MethodProxy.java:218) ~[spring-core-5.3.25.jar:5.3.25]
	at org.springframework.aop.framework.CglibAopProxy$CglibMethodInvocation.invokeJoinpoint(CglibAopProxy.java:793) ~[spring-aop-5.3.25.jar:5.3.25]
	at org.springframework.aop.framework.ReflectiveMethodInvocation.proceed(ReflectiveMethodInvocation.java:163) ~[spring-aop-5.3.25.jar:5.3.25]
	at org.springframework.aop.framework.CglibAopProxy$CglibMethodInvocation.proceed(CglibAopProxy.java:763) ~[spring-aop-5.3.25.jar:5.3.25]
	at org.springframework.aop.framework.adapter.AfterReturningAdviceInterceptor.invoke(AfterReturningAdviceInterceptor.java:57) ~[spring-aop-5.3.25.jar:5.3.25]
	at org.springframework.aop.framework.ReflectiveMethodInvocation.proceed(ReflectiveMethodInvocation.java:175) ~[spring-aop-5.3.25.jar:5.3.25]
	at org.springframework.aop.framework.CglibAopProxy$CglibMethodInvocation.proceed(CglibAopProxy.java:763) ~[spring-aop-5.3.25.jar:5.3.25]
	at org.springframework.aop.interceptor.ExposeInvocationInterceptor.invoke(ExposeInvocationInterceptor.java:97) ~[spring-aop-5.3.25.jar:5.3.25]
	at org.springframework.aop.framework.ReflectiveMethodInvocation.proceed(ReflectiveMethodInvocation.java:186) ~[spring-aop-5.3.25.jar:5.3.25]
	at org.springframework.aop.framework.CglibAopProxy$CglibMethodInvocation.proceed(CglibAopProxy.java:763) ~[spring-aop-5.3.25.jar:5.3.25]
	at org.springframework.aop.framework.CglibAopProxy$DynamicAdvisedInterceptor.intercept(CglibAopProxy.java:708) ~[spring-aop-5.3.25.jar:5.3.25]
	at ma.com.controller.CourseController$$EnhancerBySpringCGLIB$$5e8b9d6e.getCourseByCategory(<generated>) ~[classes/:?]
	at jdk.internal.reflect.NativeMethodAccessorImpl.invoke0(Native Method) ~[?:?]
	at jdk.internal.reflect.NativeMethodAccessorImpl.invoke(NativeMethodAccessorImpl.java:77) ~[?:?]
	at jdk.internal.reflect.DelegatingMethodAccessorImpl.invoke(DelegatingMethodAccessorImpl.java:43) ~[?:?]
	at java.lang.reflect.Method.invoke(Method.java:568) ~[?:?]
	at org.springframework.web.method.support.InvocableHandlerMethod.doInvoke(InvocableHandlerMethod.java:205) ~[spring-web-5.3.25.jar:5.3.25]
	at org.springframework.web.method.support.InvocableHandlerMethod.invokeForRequest(InvocableHandlerMethod.java:150) ~[spring-web-5.3.25.jar:5.3.25]
	at org.springframework.web.servlet.mvc.method.annotation.ServletInvocableHandlerMethod.invokeAndHandle(ServletInvocableHandlerMethod.java:117) ~[spring-webmvc-5.3.25.jar:5.3.25]
	at org.springframework.web.servlet.mvc.method.annotation.RequestMappingHandlerAdapter.invokeHandlerMethod(RequestMappingHandlerAdapter.java:895) ~[spring-webmvc-5.3.25.jar:5.3.25]
	at org.springframework.web.servlet.mvc.method.annotation.RequestMappingHandlerAdapter.handleInternal(RequestMappingHandlerAdapter.java:808) ~[spring-webmvc-5.3.25.jar:5.3.25]
	at org.springframework.web.servlet.mvc.method.AbstractHandlerMethodAdapter.handle(AbstractHandlerMethodAdapter.java:87) ~[spring-webmvc-5.3.25.jar:5.3.25]
	at org.springframework.web.servlet.DispatcherServlet.doDispatch(DispatcherServlet.java:1071) ~[spring-webmvc-5.3.25.jar:5.3.25]
	at org.springframework.web.servlet.DispatcherServlet.doService(DispatcherServlet.java:964) ~[spring-webmvc-5.3.25.jar:5.3.25]
	at org.springframework.web.servlet.FrameworkServlet.processRequest(FrameworkServlet.java:1006) ~[spring-webmvc-5.3.25.jar:5.3.25]
	at org.springframework.web.servlet.FrameworkServlet.doGet(FrameworkServlet.java:898) ~[spring-webmvc-5.3.25.jar:5.3.25]
	at javax.servlet.http.HttpServlet.service(HttpServlet.java:670) ~[tomcat-embed-core-9.0.71.jar:4.0.FR]
	at org.springframework.web.servlet.FrameworkServlet.service(FrameworkServlet.java:883) ~[spring-webmvc-5.3.25.jar:5.3.25]
	at javax.servlet.http.HttpServlet.service(HttpServlet.java:779) ~[tomcat-embed-core-9.0.71.jar:4.0.FR]
	at org.apache.catalina.core.ApplicationFilterChain.internalDoFilter(ApplicationFilterChain.java:227) ~[tomcat-embed-core-9.0.71.jar:9.0.71]
	at org.apache.catalina.core.ApplicationFilterChain.doFilter(ApplicationFilterChain.java:162) ~[tomcat-embed-core-9.0.71.jar:9.0.71]
	at org.apache.tomcat.websocket.server.WsFilter.doFilter(WsFilter.java:53) ~[tomcat-embed-websocket-9.0.71.jar:9.0.71]
	at org.apache.catalina.core.ApplicationFilterChain.internalDoFilter(ApplicationFilterChain.java:189) ~[tomcat-embed-core-9.0.71.jar:9.0.71]
	at org.apache.catalina.core.ApplicationFilterChain.doFilter(ApplicationFilterChain.java:162) ~[tomcat-embed-core-9.0.71.jar:9.0.71]
	at org.springframework.web.filter.RequestContextFilter.doFilterInternal(RequestContextFilter.java:100) ~[spring-web-5.3.25.jar:5.3.25]
	at org.springframework.web.filter.OncePerRequestFilter.doFilter(OncePerRequestFilter.java:117) ~[spring-web-5.3.25.jar:5.3.25]
	at org.apache.catalina.core.ApplicationFilterChain.internalDoFilter(ApplicationFilterChain.java:189) ~[tomcat-embed-core-9.0.71.jar:9.0.71]
	at org.apache.catalina.core.ApplicationFilterChain.doFilter(ApplicationFilterChain.java:162) ~[tomcat-embed-core-9.0.71.jar:9.0.71]
	at org.springframework.web.filter.FormContentFilter.doFilterInternal(FormContentFilter.java:93) ~[spring-web-5.3.25.jar:5.3.25]
	at org.springframework.web.filter.OncePerRequestFilter.doFilter(OncePerRequestFilter.java:117) ~[spring-web-5.3.25.jar:5.3.25]
	at org.apache.catalina.core.ApplicationFilterChain.internalDoFilter(ApplicationFilterChain.java:189) ~[tomcat-embed-core-9.0.71.jar:9.0.71]
	at org.apache.catalina.core.ApplicationFilterChain.doFilter(ApplicationFilterChain.java:162) ~[tomcat-embed-core-9.0.71.jar:9.0.71]
	at org.springframework.web.filter.CharacterEncodingFilter.doFilterInternal(CharacterEncodingFilter.java:201) ~[spring-web-5.3.25.jar:5.3.25]
	at org.springframework.web.filter.OncePerRequestFilter.doFilter(OncePerRequestFilter.java:117) ~[spring-web-5.3.25.jar:5.3.25]
	at org.apache.catalina.core.ApplicationFilterChain.internalDoFilter(ApplicationFilterChain.java:189) ~[tomcat-embed-core-9.0.71.jar:9.0.71]
	at org.apache.catalina.core.ApplicationFilterChain.doFilter(ApplicationFilterChain.java:162) ~[tomcat-embed-core-9.0.71.jar:9.0.71]
	at org.apache.catalina.core.StandardWrapperValve.invoke(StandardWrapperValve.java:177) ~[tomcat-embed-core-9.0.71.jar:9.0.71]
	at org.apache.catalina.core.StandardContextValve.invoke(StandardContextValve.java:97) ~[tomcat-embed-core-9.0.71.jar:9.0.71]
	at org.apache.catalina.authenticator.AuthenticatorBase.invoke(AuthenticatorBase.java:541) ~[tomcat-embed-core-9.0.71.jar:9.0.71]
	at org.apache.catalina.core.StandardHostValve.invoke(StandardHostValve.java:135) ~[tomcat-embed-core-9.0.71.jar:9.0.71]
	at org.apache.catalina.valves.ErrorReportValve.invoke(ErrorReportValve.java:92) ~[tomcat-embed-core-9.0.71.jar:9.0.71]
	at org.apache.catalina.core.StandardEngineValve.invoke(StandardEngineValve.java:78) ~[tomcat-embed-core-9.0.71.jar:9.0.71]
	at org.apache.catalina.connector.CoyoteAdapter.service(CoyoteAdapter.java:360) ~[tomcat-embed-core-9.0.71.jar:9.0.71]
	at org.apache.coyote.http11.Http11Processor.service(Http11Processor.java:399) ~[tomcat-embed-core-9.0.71.jar:9.0.71]
	at org.apache.coyote.AbstractProcessorLight.process(AbstractProcessorLight.java:65) ~[tomcat-embed-core-9.0.71.jar:9.0.71]
	at org.apache.coyote.AbstractProtocol$ConnectionHandler.process(AbstractProtocol.java:891) ~[tomcat-embed-core-9.0.71.jar:9.0.71]
	at org.apache.tomcat.util.net.NioEndpoint$SocketProcessor.doRun(NioEndpoint.java:1784) ~[tomcat-embed-core-9.0.71.jar:9.0.71]
	at org.apache.tomcat.util.net.SocketProcessorBase.run(SocketProcessorBase.java:49) ~[tomcat-embed-core-9.0.71.jar:9.0.71]
	at org.apache.tomcat.util.threads.ThreadPoolExecutor.runWorker(ThreadPoolExecutor.java:1191) ~[tomcat-embed-core-9.0.71.jar:9.0.71]
	at org.apache.tomcat.util.threads.ThreadPoolExecutor$Worker.run(ThreadPoolExecutor.java:659) ~[tomcat-embed-core-9.0.71.jar:9.0.71]
	at org.apache.tomcat.util.threads.TaskThread$WrappingRunnable.run(TaskThread.java:61) ~[tomcat-embed-core-9.0.71.jar:9.0.71]
	at java.lang.Thread.run(Thread.java:840) ~[?:?]
[2025-03-27 09:45:12:601] [ERROR] - org.apache.juli.logging.DirectJDKLog.log(DirectJDKLog.java:175) - Servlet.service() for servlet [dispatcherServlet] in context with path [] threw exception [Request processing failed; nested exception is org.mybatis.spring.MyBatisSystemException: nested exception is org.apache.ibatis.exceptions.PersistenceException: 
### Error querying database.  Cause: org.springframework.jdbc.CannotGetJdbcConnectionException: Failed to obtain JDBC Connection; nested exception is java.sql.SQLException: Access denied for user 'root'@'localhost' (using password: YES)
### The error may exist in file [E:\computer2\computer1\ifly\target\classes\mapper\CourseMapper.xml]
### The error may involve ma.com.mapper.CourseMapper.getCourseByCategory
### The error occurred while executing a query
### Cause: org.springframework.jdbc.CannotGetJdbcConnectionException: Failed to obtain JDBC Connection; nested exception is java.sql.SQLException: Access denied for user 'root'@'localhost' (using password: YES)] with root cause
java.sql.SQLException: Access denied for user 'root'@'localhost' (using password: YES)
	at com.mysql.jdbc.SQLError.createSQLException(SQLError.java:965) ~[mysql-connector-java-5.1.49.jar:5.1.49]
	at com.mysql.jdbc.MysqlIO.checkErrorPacket(MysqlIO.java:3933) ~[mysql-connector-java-5.1.49.jar:5.1.49]
	at com.mysql.jdbc.MysqlIO.checkErrorPacket(MysqlIO.java:3869) ~[mysql-connector-java-5.1.49.jar:5.1.49]
	at com.mysql.jdbc.MysqlIO.checkErrorPacket(MysqlIO.java:864) ~[mysql-connector-java-5.1.49.jar:5.1.49]
	at com.mysql.jdbc.MysqlIO.proceedHandshakeWithPluggableAuthentication(MysqlIO.java:1707) ~[mysql-connector-java-5.1.49.jar:5.1.49]
	at com.mysql.jdbc.MysqlIO.doHandshake(MysqlIO.java:1217) ~[mysql-connector-java-5.1.49.jar:5.1.49]
	at com.mysql.jdbc.ConnectionImpl.coreConnect(ConnectionImpl.java:2189) ~[mysql-connector-java-5.1.49.jar:5.1.49]
	at com.mysql.jdbc.ConnectionImpl.connectOneTryOnly(ConnectionImpl.java:2220) ~[mysql-connector-java-5.1.49.jar:5.1.49]
	at com.mysql.jdbc.ConnectionImpl.createNewIO(ConnectionImpl.java:2015) ~[mysql-connector-java-5.1.49.jar:5.1.49]
	at com.mysql.jdbc.ConnectionImpl.<init>(ConnectionImpl.java:768) ~[mysql-connector-java-5.1.49.jar:5.1.49]
	at com.mysql.jdbc.JDBC4Connection.<init>(JDBC4Connection.java:47) ~[mysql-connector-java-5.1.49.jar:5.1.49]
	at jdk.internal.reflect.NativeConstructorAccessorImpl.newInstance0(Native Method) ~[?:?]
	at jdk.internal.reflect.NativeConstructorAccessorImpl.newInstance(NativeConstructorAccessorImpl.java:77) ~[?:?]
	at jdk.internal.reflect.DelegatingConstructorAccessorImpl.newInstance(DelegatingConstructorAccessorImpl.java:45) ~[?:?]
	at java.lang.reflect.Constructor.newInstanceWithCaller(Constructor.java:499) ~[?:?]
	at java.lang.reflect.Constructor.newInstance(Constructor.java:480) ~[?:?]
	at com.mysql.jdbc.Util.handleNewInstance(Util.java:403) ~[mysql-connector-java-5.1.49.jar:5.1.49]
	at com.mysql.jdbc.ConnectionImpl.getInstance(ConnectionImpl.java:385) ~[mysql-connector-java-5.1.49.jar:5.1.49]
	at com.mysql.jdbc.NonRegisteringDriver.connect(NonRegisteringDriver.java:323) ~[mysql-connector-java-5.1.49.jar:5.1.49]
	at com.zaxxer.hikari.util.DriverDataSource.getConnection(DriverDataSource.java:138) ~[HikariCP-4.0.3.jar:?]
	at com.zaxxer.hikari.pool.PoolBase.newConnection(PoolBase.java:364) ~[HikariCP-4.0.3.jar:?]
	at com.zaxxer.hikari.pool.PoolBase.newPoolEntry(PoolBase.java:206) ~[HikariCP-4.0.3.jar:?]
	at com.zaxxer.hikari.pool.HikariPool.createPoolEntry(HikariPool.java:476) ~[HikariCP-4.0.3.jar:?]
	at com.zaxxer.hikari.pool.HikariPool.checkFailFast(HikariPool.java:561) ~[HikariCP-4.0.3.jar:?]
	at com.zaxxer.hikari.pool.HikariPool.<init>(HikariPool.java:115) ~[HikariCP-4.0.3.jar:?]
	at com.zaxxer.hikari.HikariDataSource.getConnection(HikariDataSource.java:112) ~[HikariCP-4.0.3.jar:?]
	at org.springframework.jdbc.datasource.DataSourceUtils.fetchConnection(DataSourceUtils.java:159) ~[spring-jdbc-5.3.25.jar:5.3.25]
	at org.springframework.jdbc.datasource.DataSourceUtils.doGetConnection(DataSourceUtils.java:117) ~[spring-jdbc-5.3.25.jar:5.3.25]
	at org.springframework.jdbc.datasource.DataSourceUtils.getConnection(DataSourceUtils.java:80) ~[spring-jdbc-5.3.25.jar:5.3.25]
	at org.mybatis.spring.transaction.SpringManagedTransaction.openConnection(SpringManagedTransaction.java:80) ~[mybatis-spring-2.1.0.jar:2.1.0]
	at org.mybatis.spring.transaction.SpringManagedTransaction.getConnection(SpringManagedTransaction.java:67) ~[mybatis-spring-2.1.0.jar:2.1.0]
	at org.apache.ibatis.executor.BaseExecutor.getConnection(BaseExecutor.java:337) ~[mybatis-3.5.11.jar:3.5.11]
	at org.apache.ibatis.executor.SimpleExecutor.prepareStatement(SimpleExecutor.java:86) ~[mybatis-3.5.11.jar:3.5.11]
	at org.apache.ibatis.executor.SimpleExecutor.doQuery(SimpleExecutor.java:62) ~[mybatis-3.5.11.jar:3.5.11]
	at org.apache.ibatis.executor.BaseExecutor.queryFromDatabase(BaseExecutor.java:325) ~[mybatis-3.5.11.jar:3.5.11]
	at org.apache.ibatis.executor.BaseExecutor.query(BaseExecutor.java:156) ~[mybatis-3.5.11.jar:3.5.11]
	at org.apache.ibatis.executor.CachingExecutor.query(CachingExecutor.java:109) ~[mybatis-3.5.11.jar:3.5.11]
	at com.github.pagehelper.PageInterceptor.intercept(PageInterceptor.java:151) ~[pagehelper-5.3.2.jar:?]
	at org.apache.ibatis.plugin.Plugin.invoke(Plugin.java:62) ~[mybatis-3.5.11.jar:3.5.11]
	at jdk.proxy2.$Proxy131.query(Unknown Source) ~[?:?]
	at org.apache.ibatis.session.defaults.DefaultSqlSession.selectList(DefaultSqlSession.java:151) ~[mybatis-3.5.11.jar:3.5.11]
	at org.apache.ibatis.session.defaults.DefaultSqlSession.selectList(DefaultSqlSession.java:145) ~[mybatis-3.5.11.jar:3.5.11]
	at org.apache.ibatis.session.defaults.DefaultSqlSession.selectList(DefaultSqlSession.java:140) ~[mybatis-3.5.11.jar:3.5.11]
	at jdk.internal.reflect.NativeMethodAccessorImpl.invoke0(Native Method) ~[?:?]
	at jdk.internal.reflect.NativeMethodAccessorImpl.invoke(NativeMethodAccessorImpl.java:77) ~[?:?]
	at jdk.internal.reflect.DelegatingMethodAccessorImpl.invoke(DelegatingMethodAccessorImpl.java:43) ~[?:?]
	at java.lang.reflect.Method.invoke(Method.java:568) ~[?:?]
	at org.mybatis.spring.SqlSessionTemplate$SqlSessionInterceptor.invoke(SqlSessionTemplate.java:425) ~[mybatis-spring-2.1.0.jar:2.1.0]
	at jdk.proxy2.$Proxy92.selectList(Unknown Source) ~[?:?]
	at org.mybatis.spring.SqlSessionTemplate.selectList(SqlSessionTemplate.java:224) ~[mybatis-spring-2.1.0.jar:2.1.0]
	at org.apache.ibatis.binding.MapperMethod.executeForMany(MapperMethod.java:147) ~[mybatis-3.5.11.jar:3.5.11]
	at org.apache.ibatis.binding.MapperMethod.execute(MapperMethod.java:80) ~[mybatis-3.5.11.jar:3.5.11]
	at org.apache.ibatis.binding.MapperProxy$PlainMethodInvoker.invoke(MapperProxy.java:145) ~[mybatis-3.5.11.jar:3.5.11]
	at org.apache.ibatis.binding.MapperProxy.invoke(MapperProxy.java:86) ~[mybatis-3.5.11.jar:3.5.11]
	at jdk.proxy3.$Proxy103.getCourseByCategory(Unknown Source) ~[?:?]
	at ma.com.serviceImp.CourseServiceImpl.getCourseByCategory(CourseServiceImpl.java:32) ~[classes/:?]
	at ma.com.controller.CourseController.getCourseByCategory(CourseController.java:36) ~[classes/:?]
	at ma.com.controller.CourseController$$FastClassBySpringCGLIB$$32e59b02.invoke(<generated>) ~[classes/:?]
	at org.springframework.cglib.proxy.MethodProxy.invoke(MethodProxy.java:218) ~[spring-core-5.3.25.jar:5.3.25]
	at org.springframework.aop.framework.CglibAopProxy$CglibMethodInvocation.invokeJoinpoint(CglibAopProxy.java:793) ~[spring-aop-5.3.25.jar:5.3.25]
	at org.springframework.aop.framework.ReflectiveMethodInvocation.proceed(ReflectiveMethodInvocation.java:163) ~[spring-aop-5.3.25.jar:5.3.25]
	at org.springframework.aop.framework.CglibAopProxy$CglibMethodInvocation.proceed(CglibAopProxy.java:763) ~[spring-aop-5.3.25.jar:5.3.25]
	at org.springframework.aop.framework.adapter.AfterReturningAdviceInterceptor.invoke(AfterReturningAdviceInterceptor.java:57) ~[spring-aop-5.3.25.jar:5.3.25]
	at org.springframework.aop.framework.ReflectiveMethodInvocation.proceed(ReflectiveMethodInvocation.java:175) ~[spring-aop-5.3.25.jar:5.3.25]
	at org.springframework.aop.framework.CglibAopProxy$CglibMethodInvocation.proceed(CglibAopProxy.java:763) ~[spring-aop-5.3.25.jar:5.3.25]
	at org.springframework.aop.interceptor.ExposeInvocationInterceptor.invoke(ExposeInvocationInterceptor.java:97) ~[spring-aop-5.3.25.jar:5.3.25]
	at org.springframework.aop.framework.ReflectiveMethodInvocation.proceed(ReflectiveMethodInvocation.java:186) ~[spring-aop-5.3.25.jar:5.3.25]
	at org.springframework.aop.framework.CglibAopProxy$CglibMethodInvocation.proceed(CglibAopProxy.java:763) ~[spring-aop-5.3.25.jar:5.3.25]
	at org.springframework.aop.framework.CglibAopProxy$DynamicAdvisedInterceptor.intercept(CglibAopProxy.java:708) ~[spring-aop-5.3.25.jar:5.3.25]
	at ma.com.controller.CourseController$$EnhancerBySpringCGLIB$$5e8b9d6e.getCourseByCategory(<generated>) ~[classes/:?]
	at jdk.internal.reflect.NativeMethodAccessorImpl.invoke0(Native Method) ~[?:?]
	at jdk.internal.reflect.NativeMethodAccessorImpl.invoke(NativeMethodAccessorImpl.java:77) ~[?:?]
	at jdk.internal.reflect.DelegatingMethodAccessorImpl.invoke(DelegatingMethodAccessorImpl.java:43) ~[?:?]
	at java.lang.reflect.Method.invoke(Method.java:568) ~[?:?]
	at org.springframework.web.method.support.InvocableHandlerMethod.doInvoke(InvocableHandlerMethod.java:205) ~[spring-web-5.3.25.jar:5.3.25]
	at org.springframework.web.method.support.InvocableHandlerMethod.invokeForRequest(InvocableHandlerMethod.java:150) ~[spring-web-5.3.25.jar:5.3.25]
	at org.springframework.web.servlet.mvc.method.annotation.ServletInvocableHandlerMethod.invokeAndHandle(ServletInvocableHandlerMethod.java:117) ~[spring-webmvc-5.3.25.jar:5.3.25]
	at org.springframework.web.servlet.mvc.method.annotation.RequestMappingHandlerAdapter.invokeHandlerMethod(RequestMappingHandlerAdapter.java:895) ~[spring-webmvc-5.3.25.jar:5.3.25]
	at org.springframework.web.servlet.mvc.method.annotation.RequestMappingHandlerAdapter.handleInternal(RequestMappingHandlerAdapter.java:808) ~[spring-webmvc-5.3.25.jar:5.3.25]
	at org.springframework.web.servlet.mvc.method.AbstractHandlerMethodAdapter.handle(AbstractHandlerMethodAdapter.java:87) ~[spring-webmvc-5.3.25.jar:5.3.25]
	at org.springframework.web.servlet.DispatcherServlet.doDispatch(DispatcherServlet.java:1071) ~[spring-webmvc-5.3.25.jar:5.3.25]
	at org.springframework.web.servlet.DispatcherServlet.doService(DispatcherServlet.java:964) ~[spring-webmvc-5.3.25.jar:5.3.25]
	at org.springframework.web.servlet.FrameworkServlet.processRequest(FrameworkServlet.java:1006) ~[spring-webmvc-5.3.25.jar:5.3.25]
	at org.springframework.web.servlet.FrameworkServlet.doGet(FrameworkServlet.java:898) ~[spring-webmvc-5.3.25.jar:5.3.25]
	at javax.servlet.http.HttpServlet.service(HttpServlet.java:670) ~[tomcat-embed-core-9.0.71.jar:4.0.FR]
	at org.springframework.web.servlet.FrameworkServlet.service(FrameworkServlet.java:883) ~[spring-webmvc-5.3.25.jar:5.3.25]
	at javax.servlet.http.HttpServlet.service(HttpServlet.java:779) ~[tomcat-embed-core-9.0.71.jar:4.0.FR]
	at org.apache.catalina.core.ApplicationFilterChain.internalDoFilter(ApplicationFilterChain.java:227) ~[tomcat-embed-core-9.0.71.jar:9.0.71]
	at org.apache.catalina.core.ApplicationFilterChain.doFilter(ApplicationFilterChain.java:162) ~[tomcat-embed-core-9.0.71.jar:9.0.71]
	at org.apache.tomcat.websocket.server.WsFilter.doFilter(WsFilter.java:53) ~[tomcat-embed-websocket-9.0.71.jar:9.0.71]
	at org.apache.catalina.core.ApplicationFilterChain.internalDoFilter(ApplicationFilterChain.java:189) ~[tomcat-embed-core-9.0.71.jar:9.0.71]
	at org.apache.catalina.core.ApplicationFilterChain.doFilter(ApplicationFilterChain.java:162) ~[tomcat-embed-core-9.0.71.jar:9.0.71]
	at org.springframework.web.filter.RequestContextFilter.doFilterInternal(RequestContextFilter.java:100) ~[spring-web-5.3.25.jar:5.3.25]
	at org.springframework.web.filter.OncePerRequestFilter.doFilter(OncePerRequestFilter.java:117) ~[spring-web-5.3.25.jar:5.3.25]
	at org.apache.catalina.core.ApplicationFilterChain.internalDoFilter(ApplicationFilterChain.java:189) ~[tomcat-embed-core-9.0.71.jar:9.0.71]
	at org.apache.catalina.core.ApplicationFilterChain.doFilter(ApplicationFilterChain.java:162) ~[tomcat-embed-core-9.0.71.jar:9.0.71]
	at org.springframework.web.filter.FormContentFilter.doFilterInternal(FormContentFilter.java:93) ~[spring-web-5.3.25.jar:5.3.25]
	at org.springframework.web.filter.OncePerRequestFilter.doFilter(OncePerRequestFilter.java:117) ~[spring-web-5.3.25.jar:5.3.25]
	at org.apache.catalina.core.ApplicationFilterChain.internalDoFilter(ApplicationFilterChain.java:189) ~[tomcat-embed-core-9.0.71.jar:9.0.71]
	at org.apache.catalina.core.ApplicationFilterChain.doFilter(ApplicationFilterChain.java:162) ~[tomcat-embed-core-9.0.71.jar:9.0.71]
	at org.springframework.web.filter.CharacterEncodingFilter.doFilterInternal(CharacterEncodingFilter.java:201) ~[spring-web-5.3.25.jar:5.3.25]
	at org.springframework.web.filter.OncePerRequestFilter.doFilter(OncePerRequestFilter.java:117) ~[spring-web-5.3.25.jar:5.3.25]
	at org.apache.catalina.core.ApplicationFilterChain.internalDoFilter(ApplicationFilterChain.java:189) ~[tomcat-embed-core-9.0.71.jar:9.0.71]
	at org.apache.catalina.core.ApplicationFilterChain.doFilter(ApplicationFilterChain.java:162) ~[tomcat-embed-core-9.0.71.jar:9.0.71]
	at org.apache.catalina.core.StandardWrapperValve.invoke(StandardWrapperValve.java:177) ~[tomcat-embed-core-9.0.71.jar:9.0.71]
	at org.apache.catalina.core.StandardContextValve.invoke(StandardContextValve.java:97) ~[tomcat-embed-core-9.0.71.jar:9.0.71]
	at org.apache.catalina.authenticator.AuthenticatorBase.invoke(AuthenticatorBase.java:541) ~[tomcat-embed-core-9.0.71.jar:9.0.71]
	at org.apache.catalina.core.StandardHostValve.invoke(StandardHostValve.java:135) ~[tomcat-embed-core-9.0.71.jar:9.0.71]
	at org.apache.catalina.valves.ErrorReportValve.invoke(ErrorReportValve.java:92) ~[tomcat-embed-core-9.0.71.jar:9.0.71]
	at org.apache.catalina.core.StandardEngineValve.invoke(StandardEngineValve.java:78) ~[tomcat-embed-core-9.0.71.jar:9.0.71]
	at org.apache.catalina.connector.CoyoteAdapter.service(CoyoteAdapter.java:360) ~[tomcat-embed-core-9.0.71.jar:9.0.71]
	at org.apache.coyote.http11.Http11Processor.service(Http11Processor.java:399) ~[tomcat-embed-core-9.0.71.jar:9.0.71]
	at org.apache.coyote.AbstractProcessorLight.process(AbstractProcessorLight.java:65) ~[tomcat-embed-core-9.0.71.jar:9.0.71]
	at org.apache.coyote.AbstractProtocol$ConnectionHandler.process(AbstractProtocol.java:891) ~[tomcat-embed-core-9.0.71.jar:9.0.71]
	at org.apache.tomcat.util.net.NioEndpoint$SocketProcessor.doRun(NioEndpoint.java:1784) ~[tomcat-embed-core-9.0.71.jar:9.0.71]
	at org.apache.tomcat.util.net.SocketProcessorBase.run(SocketProcessorBase.java:49) ~[tomcat-embed-core-9.0.71.jar:9.0.71]
	at org.apache.tomcat.util.threads.ThreadPoolExecutor.runWorker(ThreadPoolExecutor.java:1191) ~[tomcat-embed-core-9.0.71.jar:9.0.71]
	at org.apache.tomcat.util.threads.ThreadPoolExecutor$Worker.run(ThreadPoolExecutor.java:659) ~[tomcat-embed-core-9.0.71.jar:9.0.71]
	at org.apache.tomcat.util.threads.TaskThread$WrappingRunnable.run(TaskThread.java:61) ~[tomcat-embed-core-9.0.71.jar:9.0.71]
	at java.lang.Thread.run(Thread.java:840) ~[?:?]
[2025-03-27 09:45:19:383] [ERROR] - com.zaxxer.hikari.pool.HikariPool.throwPoolInitializationException(HikariPool.java:594) - HikariPool-1 - Exception during pool initialization.
java.sql.SQLException: Access denied for user 'root'@'localhost' (using password: YES)
	at com.mysql.jdbc.SQLError.createSQLException(SQLError.java:965) ~[mysql-connector-java-5.1.49.jar:5.1.49]
	at com.mysql.jdbc.MysqlIO.checkErrorPacket(MysqlIO.java:3933) ~[mysql-connector-java-5.1.49.jar:5.1.49]
	at com.mysql.jdbc.MysqlIO.checkErrorPacket(MysqlIO.java:3869) ~[mysql-connector-java-5.1.49.jar:5.1.49]
	at com.mysql.jdbc.MysqlIO.checkErrorPacket(MysqlIO.java:864) ~[mysql-connector-java-5.1.49.jar:5.1.49]
	at com.mysql.jdbc.MysqlIO.proceedHandshakeWithPluggableAuthentication(MysqlIO.java:1707) ~[mysql-connector-java-5.1.49.jar:5.1.49]
	at com.mysql.jdbc.MysqlIO.doHandshake(MysqlIO.java:1217) ~[mysql-connector-java-5.1.49.jar:5.1.49]
	at com.mysql.jdbc.ConnectionImpl.coreConnect(ConnectionImpl.java:2189) ~[mysql-connector-java-5.1.49.jar:5.1.49]
	at com.mysql.jdbc.ConnectionImpl.connectOneTryOnly(ConnectionImpl.java:2220) ~[mysql-connector-java-5.1.49.jar:5.1.49]
	at com.mysql.jdbc.ConnectionImpl.createNewIO(ConnectionImpl.java:2015) ~[mysql-connector-java-5.1.49.jar:5.1.49]
	at com.mysql.jdbc.ConnectionImpl.<init>(ConnectionImpl.java:768) ~[mysql-connector-java-5.1.49.jar:5.1.49]
	at com.mysql.jdbc.JDBC4Connection.<init>(JDBC4Connection.java:47) ~[mysql-connector-java-5.1.49.jar:5.1.49]
	at jdk.internal.reflect.NativeConstructorAccessorImpl.newInstance0(Native Method) ~[?:?]
	at jdk.internal.reflect.NativeConstructorAccessorImpl.newInstance(NativeConstructorAccessorImpl.java:77) ~[?:?]
	at jdk.internal.reflect.DelegatingConstructorAccessorImpl.newInstance(DelegatingConstructorAccessorImpl.java:45) ~[?:?]
	at java.lang.reflect.Constructor.newInstanceWithCaller(Constructor.java:499) ~[?:?]
	at java.lang.reflect.Constructor.newInstance(Constructor.java:480) ~[?:?]
	at com.mysql.jdbc.Util.handleNewInstance(Util.java:403) ~[mysql-connector-java-5.1.49.jar:5.1.49]
	at com.mysql.jdbc.ConnectionImpl.getInstance(ConnectionImpl.java:385) ~[mysql-connector-java-5.1.49.jar:5.1.49]
	at com.mysql.jdbc.NonRegisteringDriver.connect(NonRegisteringDriver.java:323) ~[mysql-connector-java-5.1.49.jar:5.1.49]
	at com.zaxxer.hikari.util.DriverDataSource.getConnection(DriverDataSource.java:138) ~[HikariCP-4.0.3.jar:?]
	at com.zaxxer.hikari.pool.PoolBase.newConnection(PoolBase.java:364) ~[HikariCP-4.0.3.jar:?]
	at com.zaxxer.hikari.pool.PoolBase.newPoolEntry(PoolBase.java:206) ~[HikariCP-4.0.3.jar:?]
	at com.zaxxer.hikari.pool.HikariPool.createPoolEntry(HikariPool.java:476) ~[HikariCP-4.0.3.jar:?]
	at com.zaxxer.hikari.pool.HikariPool.checkFailFast(HikariPool.java:561) ~[HikariCP-4.0.3.jar:?]
	at com.zaxxer.hikari.pool.HikariPool.<init>(HikariPool.java:115) ~[HikariCP-4.0.3.jar:?]
	at com.zaxxer.hikari.HikariDataSource.getConnection(HikariDataSource.java:112) ~[HikariCP-4.0.3.jar:?]
	at org.springframework.jdbc.datasource.DataSourceUtils.fetchConnection(DataSourceUtils.java:159) ~[spring-jdbc-5.3.25.jar:5.3.25]
	at org.springframework.jdbc.datasource.DataSourceUtils.doGetConnection(DataSourceUtils.java:117) ~[spring-jdbc-5.3.25.jar:5.3.25]
	at org.springframework.jdbc.datasource.DataSourceUtils.getConnection(DataSourceUtils.java:80) ~[spring-jdbc-5.3.25.jar:5.3.25]
	at org.mybatis.spring.transaction.SpringManagedTransaction.openConnection(SpringManagedTransaction.java:80) ~[mybatis-spring-2.1.0.jar:2.1.0]
	at org.mybatis.spring.transaction.SpringManagedTransaction.getConnection(SpringManagedTransaction.java:67) ~[mybatis-spring-2.1.0.jar:2.1.0]
	at org.apache.ibatis.executor.BaseExecutor.getConnection(BaseExecutor.java:337) ~[mybatis-3.5.11.jar:3.5.11]
	at org.apache.ibatis.executor.SimpleExecutor.prepareStatement(SimpleExecutor.java:86) ~[mybatis-3.5.11.jar:3.5.11]
	at org.apache.ibatis.executor.SimpleExecutor.doQuery(SimpleExecutor.java:62) ~[mybatis-3.5.11.jar:3.5.11]
	at org.apache.ibatis.executor.BaseExecutor.queryFromDatabase(BaseExecutor.java:325) ~[mybatis-3.5.11.jar:3.5.11]
	at org.apache.ibatis.executor.BaseExecutor.query(BaseExecutor.java:156) ~[mybatis-3.5.11.jar:3.5.11]
	at org.apache.ibatis.executor.CachingExecutor.query(CachingExecutor.java:109) ~[mybatis-3.5.11.jar:3.5.11]
	at com.github.pagehelper.PageInterceptor.intercept(PageInterceptor.java:151) ~[pagehelper-5.3.2.jar:?]
	at org.apache.ibatis.plugin.Plugin.invoke(Plugin.java:62) ~[mybatis-3.5.11.jar:3.5.11]
	at jdk.proxy2.$Proxy131.query(Unknown Source) ~[?:?]
	at org.apache.ibatis.session.defaults.DefaultSqlSession.selectList(DefaultSqlSession.java:151) ~[mybatis-3.5.11.jar:3.5.11]
	at org.apache.ibatis.session.defaults.DefaultSqlSession.selectList(DefaultSqlSession.java:145) ~[mybatis-3.5.11.jar:3.5.11]
	at org.apache.ibatis.session.defaults.DefaultSqlSession.selectList(DefaultSqlSession.java:140) ~[mybatis-3.5.11.jar:3.5.11]
	at jdk.internal.reflect.NativeMethodAccessorImpl.invoke0(Native Method) ~[?:?]
	at jdk.internal.reflect.NativeMethodAccessorImpl.invoke(NativeMethodAccessorImpl.java:77) ~[?:?]
	at jdk.internal.reflect.DelegatingMethodAccessorImpl.invoke(DelegatingMethodAccessorImpl.java:43) ~[?:?]
	at java.lang.reflect.Method.invoke(Method.java:568) ~[?:?]
	at org.mybatis.spring.SqlSessionTemplate$SqlSessionInterceptor.invoke(SqlSessionTemplate.java:425) ~[mybatis-spring-2.1.0.jar:2.1.0]
	at jdk.proxy2.$Proxy92.selectList(Unknown Source) ~[?:?]
	at org.mybatis.spring.SqlSessionTemplate.selectList(SqlSessionTemplate.java:224) ~[mybatis-spring-2.1.0.jar:2.1.0]
	at org.apache.ibatis.binding.MapperMethod.executeForMany(MapperMethod.java:147) ~[mybatis-3.5.11.jar:3.5.11]
	at org.apache.ibatis.binding.MapperMethod.execute(MapperMethod.java:80) ~[mybatis-3.5.11.jar:3.5.11]
	at org.apache.ibatis.binding.MapperProxy$PlainMethodInvoker.invoke(MapperProxy.java:145) ~[mybatis-3.5.11.jar:3.5.11]
	at org.apache.ibatis.binding.MapperProxy.invoke(MapperProxy.java:86) ~[mybatis-3.5.11.jar:3.5.11]
	at jdk.proxy3.$Proxy110.getUserList(Unknown Source) ~[?:?]
	at ma.com.serviceImp.UserServiceImp.getAllUser(UserServiceImp.java:19) ~[classes/:?]
	at ma.com.controller.UserController.getAllUser(UserController.java:103) ~[classes/:?]
	at jdk.internal.reflect.NativeMethodAccessorImpl.invoke0(Native Method) ~[?:?]
	at jdk.internal.reflect.NativeMethodAccessorImpl.invoke(NativeMethodAccessorImpl.java:77) ~[?:?]
	at jdk.internal.reflect.DelegatingMethodAccessorImpl.invoke(DelegatingMethodAccessorImpl.java:43) ~[?:?]
	at java.lang.reflect.Method.invoke(Method.java:568) ~[?:?]
	at org.springframework.web.method.support.InvocableHandlerMethod.doInvoke(InvocableHandlerMethod.java:205) ~[spring-web-5.3.25.jar:5.3.25]
	at org.springframework.web.method.support.InvocableHandlerMethod.invokeForRequest(InvocableHandlerMethod.java:150) ~[spring-web-5.3.25.jar:5.3.25]
	at org.springframework.web.servlet.mvc.method.annotation.ServletInvocableHandlerMethod.invokeAndHandle(ServletInvocableHandlerMethod.java:117) ~[spring-webmvc-5.3.25.jar:5.3.25]
	at org.springframework.web.servlet.mvc.method.annotation.RequestMappingHandlerAdapter.invokeHandlerMethod(RequestMappingHandlerAdapter.java:895) ~[spring-webmvc-5.3.25.jar:5.3.25]
	at org.springframework.web.servlet.mvc.method.annotation.RequestMappingHandlerAdapter.handleInternal(RequestMappingHandlerAdapter.java:808) ~[spring-webmvc-5.3.25.jar:5.3.25]
	at org.springframework.web.servlet.mvc.method.AbstractHandlerMethodAdapter.handle(AbstractHandlerMethodAdapter.java:87) ~[spring-webmvc-5.3.25.jar:5.3.25]
	at org.springframework.web.servlet.DispatcherServlet.doDispatch(DispatcherServlet.java:1071) ~[spring-webmvc-5.3.25.jar:5.3.25]
	at org.springframework.web.servlet.DispatcherServlet.doService(DispatcherServlet.java:964) ~[spring-webmvc-5.3.25.jar:5.3.25]
	at org.springframework.web.servlet.FrameworkServlet.processRequest(FrameworkServlet.java:1006) ~[spring-webmvc-5.3.25.jar:5.3.25]
	at org.springframework.web.servlet.FrameworkServlet.doGet(FrameworkServlet.java:898) ~[spring-webmvc-5.3.25.jar:5.3.25]
	at javax.servlet.http.HttpServlet.service(HttpServlet.java:670) ~[tomcat-embed-core-9.0.71.jar:4.0.FR]
	at org.springframework.web.servlet.FrameworkServlet.service(FrameworkServlet.java:883) ~[spring-webmvc-5.3.25.jar:5.3.25]
	at javax.servlet.http.HttpServlet.service(HttpServlet.java:779) ~[tomcat-embed-core-9.0.71.jar:4.0.FR]
	at org.apache.catalina.core.ApplicationFilterChain.internalDoFilter(ApplicationFilterChain.java:227) ~[tomcat-embed-core-9.0.71.jar:9.0.71]
	at org.apache.catalina.core.ApplicationFilterChain.doFilter(ApplicationFilterChain.java:162) ~[tomcat-embed-core-9.0.71.jar:9.0.71]
	at org.apache.tomcat.websocket.server.WsFilter.doFilter(WsFilter.java:53) ~[tomcat-embed-websocket-9.0.71.jar:9.0.71]
	at org.apache.catalina.core.ApplicationFilterChain.internalDoFilter(ApplicationFilterChain.java:189) ~[tomcat-embed-core-9.0.71.jar:9.0.71]
	at org.apache.catalina.core.ApplicationFilterChain.doFilter(ApplicationFilterChain.java:162) ~[tomcat-embed-core-9.0.71.jar:9.0.71]
	at org.springframework.web.filter.RequestContextFilter.doFilterInternal(RequestContextFilter.java:100) ~[spring-web-5.3.25.jar:5.3.25]
	at org.springframework.web.filter.OncePerRequestFilter.doFilter(OncePerRequestFilter.java:117) ~[spring-web-5.3.25.jar:5.3.25]
	at org.apache.catalina.core.ApplicationFilterChain.internalDoFilter(ApplicationFilterChain.java:189) ~[tomcat-embed-core-9.0.71.jar:9.0.71]
	at org.apache.catalina.core.ApplicationFilterChain.doFilter(ApplicationFilterChain.java:162) ~[tomcat-embed-core-9.0.71.jar:9.0.71]
	at org.springframework.web.filter.FormContentFilter.doFilterInternal(FormContentFilter.java:93) ~[spring-web-5.3.25.jar:5.3.25]
	at org.springframework.web.filter.OncePerRequestFilter.doFilter(OncePerRequestFilter.java:117) ~[spring-web-5.3.25.jar:5.3.25]
	at org.apache.catalina.core.ApplicationFilterChain.internalDoFilter(ApplicationFilterChain.java:189) ~[tomcat-embed-core-9.0.71.jar:9.0.71]
	at org.apache.catalina.core.ApplicationFilterChain.doFilter(ApplicationFilterChain.java:162) ~[tomcat-embed-core-9.0.71.jar:9.0.71]
	at org.springframework.web.filter.CharacterEncodingFilter.doFilterInternal(CharacterEncodingFilter.java:201) ~[spring-web-5.3.25.jar:5.3.25]
	at org.springframework.web.filter.OncePerRequestFilter.doFilter(OncePerRequestFilter.java:117) ~[spring-web-5.3.25.jar:5.3.25]
	at org.apache.catalina.core.ApplicationFilterChain.internalDoFilter(ApplicationFilterChain.java:189) ~[tomcat-embed-core-9.0.71.jar:9.0.71]
	at org.apache.catalina.core.ApplicationFilterChain.doFilter(ApplicationFilterChain.java:162) ~[tomcat-embed-core-9.0.71.jar:9.0.71]
	at org.apache.catalina.core.StandardWrapperValve.invoke(StandardWrapperValve.java:177) ~[tomcat-embed-core-9.0.71.jar:9.0.71]
	at org.apache.catalina.core.StandardContextValve.invoke(StandardContextValve.java:97) ~[tomcat-embed-core-9.0.71.jar:9.0.71]
	at org.apache.catalina.authenticator.AuthenticatorBase.invoke(AuthenticatorBase.java:541) ~[tomcat-embed-core-9.0.71.jar:9.0.71]
	at org.apache.catalina.core.StandardHostValve.invoke(StandardHostValve.java:135) ~[tomcat-embed-core-9.0.71.jar:9.0.71]
	at org.apache.catalina.valves.ErrorReportValve.invoke(ErrorReportValve.java:92) ~[tomcat-embed-core-9.0.71.jar:9.0.71]
	at org.apache.catalina.core.StandardEngineValve.invoke(StandardEngineValve.java:78) ~[tomcat-embed-core-9.0.71.jar:9.0.71]
	at org.apache.catalina.connector.CoyoteAdapter.service(CoyoteAdapter.java:360) ~[tomcat-embed-core-9.0.71.jar:9.0.71]
	at org.apache.coyote.http11.Http11Processor.service(Http11Processor.java:399) ~[tomcat-embed-core-9.0.71.jar:9.0.71]
	at org.apache.coyote.AbstractProcessorLight.process(AbstractProcessorLight.java:65) ~[tomcat-embed-core-9.0.71.jar:9.0.71]
	at org.apache.coyote.AbstractProtocol$ConnectionHandler.process(AbstractProtocol.java:891) ~[tomcat-embed-core-9.0.71.jar:9.0.71]
	at org.apache.tomcat.util.net.NioEndpoint$SocketProcessor.doRun(NioEndpoint.java:1784) ~[tomcat-embed-core-9.0.71.jar:9.0.71]
	at org.apache.tomcat.util.net.SocketProcessorBase.run(SocketProcessorBase.java:49) ~[tomcat-embed-core-9.0.71.jar:9.0.71]
	at org.apache.tomcat.util.threads.ThreadPoolExecutor.runWorker(ThreadPoolExecutor.java:1191) ~[tomcat-embed-core-9.0.71.jar:9.0.71]
	at org.apache.tomcat.util.threads.ThreadPoolExecutor$Worker.run(ThreadPoolExecutor.java:659) ~[tomcat-embed-core-9.0.71.jar:9.0.71]
	at org.apache.tomcat.util.threads.TaskThread$WrappingRunnable.run(TaskThread.java:61) ~[tomcat-embed-core-9.0.71.jar:9.0.71]
	at java.lang.Thread.run(Thread.java:840) ~[?:?]
[2025-03-27 09:45:19:386] [ERROR] - org.apache.juli.logging.DirectJDKLog.log(DirectJDKLog.java:175) - Servlet.service() for servlet [dispatcherServlet] in context with path [] threw exception [Request processing failed; nested exception is org.mybatis.spring.MyBatisSystemException: nested exception is org.apache.ibatis.exceptions.PersistenceException: 
### Error querying database.  Cause: org.springframework.jdbc.CannotGetJdbcConnectionException: Failed to obtain JDBC Connection; nested exception is java.sql.SQLException: Access denied for user 'root'@'localhost' (using password: YES)
### The error may exist in file [E:\computer2\computer1\ifly\target\classes\mapper\userMapper.xml]
### The error may involve ma.com.mapper.UserMapper.getUserList
### The error occurred while executing a query
### Cause: org.springframework.jdbc.CannotGetJdbcConnectionException: Failed to obtain JDBC Connection; nested exception is java.sql.SQLException: Access denied for user 'root'@'localhost' (using password: YES)] with root cause
java.sql.SQLException: Access denied for user 'root'@'localhost' (using password: YES)
	at com.mysql.jdbc.SQLError.createSQLException(SQLError.java:965) ~[mysql-connector-java-5.1.49.jar:5.1.49]
	at com.mysql.jdbc.MysqlIO.checkErrorPacket(MysqlIO.java:3933) ~[mysql-connector-java-5.1.49.jar:5.1.49]
	at com.mysql.jdbc.MysqlIO.checkErrorPacket(MysqlIO.java:3869) ~[mysql-connector-java-5.1.49.jar:5.1.49]
	at com.mysql.jdbc.MysqlIO.checkErrorPacket(MysqlIO.java:864) ~[mysql-connector-java-5.1.49.jar:5.1.49]
	at com.mysql.jdbc.MysqlIO.proceedHandshakeWithPluggableAuthentication(MysqlIO.java:1707) ~[mysql-connector-java-5.1.49.jar:5.1.49]
	at com.mysql.jdbc.MysqlIO.doHandshake(MysqlIO.java:1217) ~[mysql-connector-java-5.1.49.jar:5.1.49]
	at com.mysql.jdbc.ConnectionImpl.coreConnect(ConnectionImpl.java:2189) ~[mysql-connector-java-5.1.49.jar:5.1.49]
	at com.mysql.jdbc.ConnectionImpl.connectOneTryOnly(ConnectionImpl.java:2220) ~[mysql-connector-java-5.1.49.jar:5.1.49]
	at com.mysql.jdbc.ConnectionImpl.createNewIO(ConnectionImpl.java:2015) ~[mysql-connector-java-5.1.49.jar:5.1.49]
	at com.mysql.jdbc.ConnectionImpl.<init>(ConnectionImpl.java:768) ~[mysql-connector-java-5.1.49.jar:5.1.49]
	at com.mysql.jdbc.JDBC4Connection.<init>(JDBC4Connection.java:47) ~[mysql-connector-java-5.1.49.jar:5.1.49]
	at jdk.internal.reflect.NativeConstructorAccessorImpl.newInstance0(Native Method) ~[?:?]
	at jdk.internal.reflect.NativeConstructorAccessorImpl.newInstance(NativeConstructorAccessorImpl.java:77) ~[?:?]
	at jdk.internal.reflect.DelegatingConstructorAccessorImpl.newInstance(DelegatingConstructorAccessorImpl.java:45) ~[?:?]
	at java.lang.reflect.Constructor.newInstanceWithCaller(Constructor.java:499) ~[?:?]
	at java.lang.reflect.Constructor.newInstance(Constructor.java:480) ~[?:?]
	at com.mysql.jdbc.Util.handleNewInstance(Util.java:403) ~[mysql-connector-java-5.1.49.jar:5.1.49]
	at com.mysql.jdbc.ConnectionImpl.getInstance(ConnectionImpl.java:385) ~[mysql-connector-java-5.1.49.jar:5.1.49]
	at com.mysql.jdbc.NonRegisteringDriver.connect(NonRegisteringDriver.java:323) ~[mysql-connector-java-5.1.49.jar:5.1.49]
	at com.zaxxer.hikari.util.DriverDataSource.getConnection(DriverDataSource.java:138) ~[HikariCP-4.0.3.jar:?]
	at com.zaxxer.hikari.pool.PoolBase.newConnection(PoolBase.java:364) ~[HikariCP-4.0.3.jar:?]
	at com.zaxxer.hikari.pool.PoolBase.newPoolEntry(PoolBase.java:206) ~[HikariCP-4.0.3.jar:?]
	at com.zaxxer.hikari.pool.HikariPool.createPoolEntry(HikariPool.java:476) ~[HikariCP-4.0.3.jar:?]
	at com.zaxxer.hikari.pool.HikariPool.checkFailFast(HikariPool.java:561) ~[HikariCP-4.0.3.jar:?]
	at com.zaxxer.hikari.pool.HikariPool.<init>(HikariPool.java:115) ~[HikariCP-4.0.3.jar:?]
	at com.zaxxer.hikari.HikariDataSource.getConnection(HikariDataSource.java:112) ~[HikariCP-4.0.3.jar:?]
	at org.springframework.jdbc.datasource.DataSourceUtils.fetchConnection(DataSourceUtils.java:159) ~[spring-jdbc-5.3.25.jar:5.3.25]
	at org.springframework.jdbc.datasource.DataSourceUtils.doGetConnection(DataSourceUtils.java:117) ~[spring-jdbc-5.3.25.jar:5.3.25]
	at org.springframework.jdbc.datasource.DataSourceUtils.getConnection(DataSourceUtils.java:80) ~[spring-jdbc-5.3.25.jar:5.3.25]
	at org.mybatis.spring.transaction.SpringManagedTransaction.openConnection(SpringManagedTransaction.java:80) ~[mybatis-spring-2.1.0.jar:2.1.0]
	at org.mybatis.spring.transaction.SpringManagedTransaction.getConnection(SpringManagedTransaction.java:67) ~[mybatis-spring-2.1.0.jar:2.1.0]
	at org.apache.ibatis.executor.BaseExecutor.getConnection(BaseExecutor.java:337) ~[mybatis-3.5.11.jar:3.5.11]
	at org.apache.ibatis.executor.SimpleExecutor.prepareStatement(SimpleExecutor.java:86) ~[mybatis-3.5.11.jar:3.5.11]
	at org.apache.ibatis.executor.SimpleExecutor.doQuery(SimpleExecutor.java:62) ~[mybatis-3.5.11.jar:3.5.11]
	at org.apache.ibatis.executor.BaseExecutor.queryFromDatabase(BaseExecutor.java:325) ~[mybatis-3.5.11.jar:3.5.11]
	at org.apache.ibatis.executor.BaseExecutor.query(BaseExecutor.java:156) ~[mybatis-3.5.11.jar:3.5.11]
	at org.apache.ibatis.executor.CachingExecutor.query(CachingExecutor.java:109) ~[mybatis-3.5.11.jar:3.5.11]
	at com.github.pagehelper.PageInterceptor.intercept(PageInterceptor.java:151) ~[pagehelper-5.3.2.jar:?]
	at org.apache.ibatis.plugin.Plugin.invoke(Plugin.java:62) ~[mybatis-3.5.11.jar:3.5.11]
	at jdk.proxy2.$Proxy131.query(Unknown Source) ~[?:?]
	at org.apache.ibatis.session.defaults.DefaultSqlSession.selectList(DefaultSqlSession.java:151) ~[mybatis-3.5.11.jar:3.5.11]
	at org.apache.ibatis.session.defaults.DefaultSqlSession.selectList(DefaultSqlSession.java:145) ~[mybatis-3.5.11.jar:3.5.11]
	at org.apache.ibatis.session.defaults.DefaultSqlSession.selectList(DefaultSqlSession.java:140) ~[mybatis-3.5.11.jar:3.5.11]
	at jdk.internal.reflect.NativeMethodAccessorImpl.invoke0(Native Method) ~[?:?]
	at jdk.internal.reflect.NativeMethodAccessorImpl.invoke(NativeMethodAccessorImpl.java:77) ~[?:?]
	at jdk.internal.reflect.DelegatingMethodAccessorImpl.invoke(DelegatingMethodAccessorImpl.java:43) ~[?:?]
	at java.lang.reflect.Method.invoke(Method.java:568) ~[?:?]
	at org.mybatis.spring.SqlSessionTemplate$SqlSessionInterceptor.invoke(SqlSessionTemplate.java:425) ~[mybatis-spring-2.1.0.jar:2.1.0]
	at jdk.proxy2.$Proxy92.selectList(Unknown Source) ~[?:?]
	at org.mybatis.spring.SqlSessionTemplate.selectList(SqlSessionTemplate.java:224) ~[mybatis-spring-2.1.0.jar:2.1.0]
	at org.apache.ibatis.binding.MapperMethod.executeForMany(MapperMethod.java:147) ~[mybatis-3.5.11.jar:3.5.11]
	at org.apache.ibatis.binding.MapperMethod.execute(MapperMethod.java:80) ~[mybatis-3.5.11.jar:3.5.11]
	at org.apache.ibatis.binding.MapperProxy$PlainMethodInvoker.invoke(MapperProxy.java:145) ~[mybatis-3.5.11.jar:3.5.11]
	at org.apache.ibatis.binding.MapperProxy.invoke(MapperProxy.java:86) ~[mybatis-3.5.11.jar:3.5.11]
	at jdk.proxy3.$Proxy110.getUserList(Unknown Source) ~[?:?]
	at ma.com.serviceImp.UserServiceImp.getAllUser(UserServiceImp.java:19) ~[classes/:?]
	at ma.com.controller.UserController.getAllUser(UserController.java:103) ~[classes/:?]
	at jdk.internal.reflect.NativeMethodAccessorImpl.invoke0(Native Method) ~[?:?]
	at jdk.internal.reflect.NativeMethodAccessorImpl.invoke(NativeMethodAccessorImpl.java:77) ~[?:?]
	at jdk.internal.reflect.DelegatingMethodAccessorImpl.invoke(DelegatingMethodAccessorImpl.java:43) ~[?:?]
	at java.lang.reflect.Method.invoke(Method.java:568) ~[?:?]
	at org.springframework.web.method.support.InvocableHandlerMethod.doInvoke(InvocableHandlerMethod.java:205) ~[spring-web-5.3.25.jar:5.3.25]
	at org.springframework.web.method.support.InvocableHandlerMethod.invokeForRequest(InvocableHandlerMethod.java:150) ~[spring-web-5.3.25.jar:5.3.25]
	at org.springframework.web.servlet.mvc.method.annotation.ServletInvocableHandlerMethod.invokeAndHandle(ServletInvocableHandlerMethod.java:117) ~[spring-webmvc-5.3.25.jar:5.3.25]
	at org.springframework.web.servlet.mvc.method.annotation.RequestMappingHandlerAdapter.invokeHandlerMethod(RequestMappingHandlerAdapter.java:895) ~[spring-webmvc-5.3.25.jar:5.3.25]
	at org.springframework.web.servlet.mvc.method.annotation.RequestMappingHandlerAdapter.handleInternal(RequestMappingHandlerAdapter.java:808) ~[spring-webmvc-5.3.25.jar:5.3.25]
	at org.springframework.web.servlet.mvc.method.AbstractHandlerMethodAdapter.handle(AbstractHandlerMethodAdapter.java:87) ~[spring-webmvc-5.3.25.jar:5.3.25]
	at org.springframework.web.servlet.DispatcherServlet.doDispatch(DispatcherServlet.java:1071) ~[spring-webmvc-5.3.25.jar:5.3.25]
	at org.springframework.web.servlet.DispatcherServlet.doService(DispatcherServlet.java:964) ~[spring-webmvc-5.3.25.jar:5.3.25]
	at org.springframework.web.servlet.FrameworkServlet.processRequest(FrameworkServlet.java:1006) ~[spring-webmvc-5.3.25.jar:5.3.25]
	at org.springframework.web.servlet.FrameworkServlet.doGet(FrameworkServlet.java:898) ~[spring-webmvc-5.3.25.jar:5.3.25]
	at javax.servlet.http.HttpServlet.service(HttpServlet.java:670) ~[tomcat-embed-core-9.0.71.jar:4.0.FR]
	at org.springframework.web.servlet.FrameworkServlet.service(FrameworkServlet.java:883) ~[spring-webmvc-5.3.25.jar:5.3.25]
	at javax.servlet.http.HttpServlet.service(HttpServlet.java:779) ~[tomcat-embed-core-9.0.71.jar:4.0.FR]
	at org.apache.catalina.core.ApplicationFilterChain.internalDoFilter(ApplicationFilterChain.java:227) ~[tomcat-embed-core-9.0.71.jar:9.0.71]
	at org.apache.catalina.core.ApplicationFilterChain.doFilter(ApplicationFilterChain.java:162) ~[tomcat-embed-core-9.0.71.jar:9.0.71]
	at org.apache.tomcat.websocket.server.WsFilter.doFilter(WsFilter.java:53) ~[tomcat-embed-websocket-9.0.71.jar:9.0.71]
	at org.apache.catalina.core.ApplicationFilterChain.internalDoFilter(ApplicationFilterChain.java:189) ~[tomcat-embed-core-9.0.71.jar:9.0.71]
	at org.apache.catalina.core.ApplicationFilterChain.doFilter(ApplicationFilterChain.java:162) ~[tomcat-embed-core-9.0.71.jar:9.0.71]
	at org.springframework.web.filter.RequestContextFilter.doFilterInternal(RequestContextFilter.java:100) ~[spring-web-5.3.25.jar:5.3.25]
	at org.springframework.web.filter.OncePerRequestFilter.doFilter(OncePerRequestFilter.java:117) ~[spring-web-5.3.25.jar:5.3.25]
	at org.apache.catalina.core.ApplicationFilterChain.internalDoFilter(ApplicationFilterChain.java:189) ~[tomcat-embed-core-9.0.71.jar:9.0.71]
	at org.apache.catalina.core.ApplicationFilterChain.doFilter(ApplicationFilterChain.java:162) ~[tomcat-embed-core-9.0.71.jar:9.0.71]
	at org.springframework.web.filter.FormContentFilter.doFilterInternal(FormContentFilter.java:93) ~[spring-web-5.3.25.jar:5.3.25]
	at org.springframework.web.filter.OncePerRequestFilter.doFilter(OncePerRequestFilter.java:117) ~[spring-web-5.3.25.jar:5.3.25]
	at org.apache.catalina.core.ApplicationFilterChain.internalDoFilter(ApplicationFilterChain.java:189) ~[tomcat-embed-core-9.0.71.jar:9.0.71]
	at org.apache.catalina.core.ApplicationFilterChain.doFilter(ApplicationFilterChain.java:162) ~[tomcat-embed-core-9.0.71.jar:9.0.71]
	at org.springframework.web.filter.CharacterEncodingFilter.doFilterInternal(CharacterEncodingFilter.java:201) ~[spring-web-5.3.25.jar:5.3.25]
	at org.springframework.web.filter.OncePerRequestFilter.doFilter(OncePerRequestFilter.java:117) ~[spring-web-5.3.25.jar:5.3.25]
	at org.apache.catalina.core.ApplicationFilterChain.internalDoFilter(ApplicationFilterChain.java:189) ~[tomcat-embed-core-9.0.71.jar:9.0.71]
	at org.apache.catalina.core.ApplicationFilterChain.doFilter(ApplicationFilterChain.java:162) ~[tomcat-embed-core-9.0.71.jar:9.0.71]
	at org.apache.catalina.core.StandardWrapperValve.invoke(StandardWrapperValve.java:177) ~[tomcat-embed-core-9.0.71.jar:9.0.71]
	at org.apache.catalina.core.StandardContextValve.invoke(StandardContextValve.java:97) ~[tomcat-embed-core-9.0.71.jar:9.0.71]
	at org.apache.catalina.authenticator.AuthenticatorBase.invoke(AuthenticatorBase.java:541) ~[tomcat-embed-core-9.0.71.jar:9.0.71]
	at org.apache.catalina.core.StandardHostValve.invoke(StandardHostValve.java:135) ~[tomcat-embed-core-9.0.71.jar:9.0.71]
	at org.apache.catalina.valves.ErrorReportValve.invoke(ErrorReportValve.java:92) ~[tomcat-embed-core-9.0.71.jar:9.0.71]
	at org.apache.catalina.core.StandardEngineValve.invoke(StandardEngineValve.java:78) ~[tomcat-embed-core-9.0.71.jar:9.0.71]
	at org.apache.catalina.connector.CoyoteAdapter.service(CoyoteAdapter.java:360) ~[tomcat-embed-core-9.0.71.jar:9.0.71]
	at org.apache.coyote.http11.Http11Processor.service(Http11Processor.java:399) ~[tomcat-embed-core-9.0.71.jar:9.0.71]
	at org.apache.coyote.AbstractProcessorLight.process(AbstractProcessorLight.java:65) ~[tomcat-embed-core-9.0.71.jar:9.0.71]
	at org.apache.coyote.AbstractProtocol$ConnectionHandler.process(AbstractProtocol.java:891) ~[tomcat-embed-core-9.0.71.jar:9.0.71]
	at org.apache.tomcat.util.net.NioEndpoint$SocketProcessor.doRun(NioEndpoint.java:1784) ~[tomcat-embed-core-9.0.71.jar:9.0.71]
	at org.apache.tomcat.util.net.SocketProcessorBase.run(SocketProcessorBase.java:49) ~[tomcat-embed-core-9.0.71.jar:9.0.71]
	at org.apache.tomcat.util.threads.ThreadPoolExecutor.runWorker(ThreadPoolExecutor.java:1191) ~[tomcat-embed-core-9.0.71.jar:9.0.71]
	at org.apache.tomcat.util.threads.ThreadPoolExecutor$Worker.run(ThreadPoolExecutor.java:659) ~[tomcat-embed-core-9.0.71.jar:9.0.71]
	at org.apache.tomcat.util.threads.TaskThread$WrappingRunnable.run(TaskThread.java:61) ~[tomcat-embed-core-9.0.71.jar:9.0.71]
	at java.lang.Thread.run(Thread.java:840) ~[?:?]
[2025-03-27 09:45:21:941] [ERROR] - com.zaxxer.hikari.pool.HikariPool.throwPoolInitializationException(HikariPool.java:594) - HikariPool-1 - Exception during pool initialization.
java.sql.SQLException: Access denied for user 'root'@'localhost' (using password: YES)
	at com.mysql.jdbc.SQLError.createSQLException(SQLError.java:965) ~[mysql-connector-java-5.1.49.jar:5.1.49]
	at com.mysql.jdbc.MysqlIO.checkErrorPacket(MysqlIO.java:3933) ~[mysql-connector-java-5.1.49.jar:5.1.49]
	at com.mysql.jdbc.MysqlIO.checkErrorPacket(MysqlIO.java:3869) ~[mysql-connector-java-5.1.49.jar:5.1.49]
	at com.mysql.jdbc.MysqlIO.checkErrorPacket(MysqlIO.java:864) ~[mysql-connector-java-5.1.49.jar:5.1.49]
	at com.mysql.jdbc.MysqlIO.proceedHandshakeWithPluggableAuthentication(MysqlIO.java:1707) ~[mysql-connector-java-5.1.49.jar:5.1.49]
	at com.mysql.jdbc.MysqlIO.doHandshake(MysqlIO.java:1217) ~[mysql-connector-java-5.1.49.jar:5.1.49]
	at com.mysql.jdbc.ConnectionImpl.coreConnect(ConnectionImpl.java:2189) ~[mysql-connector-java-5.1.49.jar:5.1.49]
	at com.mysql.jdbc.ConnectionImpl.connectOneTryOnly(ConnectionImpl.java:2220) ~[mysql-connector-java-5.1.49.jar:5.1.49]
	at com.mysql.jdbc.ConnectionImpl.createNewIO(ConnectionImpl.java:2015) ~[mysql-connector-java-5.1.49.jar:5.1.49]
	at com.mysql.jdbc.ConnectionImpl.<init>(ConnectionImpl.java:768) ~[mysql-connector-java-5.1.49.jar:5.1.49]
	at com.mysql.jdbc.JDBC4Connection.<init>(JDBC4Connection.java:47) ~[mysql-connector-java-5.1.49.jar:5.1.49]
	at jdk.internal.reflect.NativeConstructorAccessorImpl.newInstance0(Native Method) ~[?:?]
	at jdk.internal.reflect.NativeConstructorAccessorImpl.newInstance(NativeConstructorAccessorImpl.java:77) ~[?:?]
	at jdk.internal.reflect.DelegatingConstructorAccessorImpl.newInstance(DelegatingConstructorAccessorImpl.java:45) ~[?:?]
	at java.lang.reflect.Constructor.newInstanceWithCaller(Constructor.java:499) ~[?:?]
	at java.lang.reflect.Constructor.newInstance(Constructor.java:480) ~[?:?]
	at com.mysql.jdbc.Util.handleNewInstance(Util.java:403) ~[mysql-connector-java-5.1.49.jar:5.1.49]
	at com.mysql.jdbc.ConnectionImpl.getInstance(ConnectionImpl.java:385) ~[mysql-connector-java-5.1.49.jar:5.1.49]
	at com.mysql.jdbc.NonRegisteringDriver.connect(NonRegisteringDriver.java:323) ~[mysql-connector-java-5.1.49.jar:5.1.49]
	at com.zaxxer.hikari.util.DriverDataSource.getConnection(DriverDataSource.java:138) ~[HikariCP-4.0.3.jar:?]
	at com.zaxxer.hikari.pool.PoolBase.newConnection(PoolBase.java:364) ~[HikariCP-4.0.3.jar:?]
	at com.zaxxer.hikari.pool.PoolBase.newPoolEntry(PoolBase.java:206) ~[HikariCP-4.0.3.jar:?]
	at com.zaxxer.hikari.pool.HikariPool.createPoolEntry(HikariPool.java:476) ~[HikariCP-4.0.3.jar:?]
	at com.zaxxer.hikari.pool.HikariPool.checkFailFast(HikariPool.java:561) ~[HikariCP-4.0.3.jar:?]
	at com.zaxxer.hikari.pool.HikariPool.<init>(HikariPool.java:115) ~[HikariCP-4.0.3.jar:?]
	at com.zaxxer.hikari.HikariDataSource.getConnection(HikariDataSource.java:112) ~[HikariCP-4.0.3.jar:?]
	at org.springframework.jdbc.datasource.DataSourceUtils.fetchConnection(DataSourceUtils.java:159) ~[spring-jdbc-5.3.25.jar:5.3.25]
	at org.springframework.jdbc.datasource.DataSourceUtils.doGetConnection(DataSourceUtils.java:117) ~[spring-jdbc-5.3.25.jar:5.3.25]
	at org.springframework.jdbc.datasource.DataSourceUtils.getConnection(DataSourceUtils.java:80) ~[spring-jdbc-5.3.25.jar:5.3.25]
	at org.mybatis.spring.transaction.SpringManagedTransaction.openConnection(SpringManagedTransaction.java:80) ~[mybatis-spring-2.1.0.jar:2.1.0]
	at org.mybatis.spring.transaction.SpringManagedTransaction.getConnection(SpringManagedTransaction.java:67) ~[mybatis-spring-2.1.0.jar:2.1.0]
	at org.apache.ibatis.executor.BaseExecutor.getConnection(BaseExecutor.java:337) ~[mybatis-3.5.11.jar:3.5.11]
	at org.apache.ibatis.executor.SimpleExecutor.prepareStatement(SimpleExecutor.java:86) ~[mybatis-3.5.11.jar:3.5.11]
	at org.apache.ibatis.executor.SimpleExecutor.doQuery(SimpleExecutor.java:62) ~[mybatis-3.5.11.jar:3.5.11]
	at org.apache.ibatis.executor.BaseExecutor.queryFromDatabase(BaseExecutor.java:325) ~[mybatis-3.5.11.jar:3.5.11]
	at org.apache.ibatis.executor.BaseExecutor.query(BaseExecutor.java:156) ~[mybatis-3.5.11.jar:3.5.11]
	at org.apache.ibatis.executor.CachingExecutor.query(CachingExecutor.java:109) ~[mybatis-3.5.11.jar:3.5.11]
	at com.github.pagehelper.PageInterceptor.intercept(PageInterceptor.java:151) ~[pagehelper-5.3.2.jar:?]
	at org.apache.ibatis.plugin.Plugin.invoke(Plugin.java:62) ~[mybatis-3.5.11.jar:3.5.11]
	at jdk.proxy2.$Proxy131.query(Unknown Source) ~[?:?]
	at org.apache.ibatis.session.defaults.DefaultSqlSession.selectList(DefaultSqlSession.java:151) ~[mybatis-3.5.11.jar:3.5.11]
	at org.apache.ibatis.session.defaults.DefaultSqlSession.selectList(DefaultSqlSession.java:145) ~[mybatis-3.5.11.jar:3.5.11]
	at org.apache.ibatis.session.defaults.DefaultSqlSession.selectList(DefaultSqlSession.java:140) ~[mybatis-3.5.11.jar:3.5.11]
	at jdk.internal.reflect.NativeMethodAccessorImpl.invoke0(Native Method) ~[?:?]
	at jdk.internal.reflect.NativeMethodAccessorImpl.invoke(NativeMethodAccessorImpl.java:77) ~[?:?]
	at jdk.internal.reflect.DelegatingMethodAccessorImpl.invoke(DelegatingMethodAccessorImpl.java:43) ~[?:?]
	at java.lang.reflect.Method.invoke(Method.java:568) ~[?:?]
	at org.mybatis.spring.SqlSessionTemplate$SqlSessionInterceptor.invoke(SqlSessionTemplate.java:425) ~[mybatis-spring-2.1.0.jar:2.1.0]
	at jdk.proxy2.$Proxy92.selectList(Unknown Source) ~[?:?]
	at org.mybatis.spring.SqlSessionTemplate.selectList(SqlSessionTemplate.java:224) ~[mybatis-spring-2.1.0.jar:2.1.0]
	at org.apache.ibatis.binding.MapperMethod.executeForMany(MapperMethod.java:147) ~[mybatis-3.5.11.jar:3.5.11]
	at org.apache.ibatis.binding.MapperMethod.execute(MapperMethod.java:80) ~[mybatis-3.5.11.jar:3.5.11]
	at org.apache.ibatis.binding.MapperProxy$PlainMethodInvoker.invoke(MapperProxy.java:145) ~[mybatis-3.5.11.jar:3.5.11]
	at org.apache.ibatis.binding.MapperProxy.invoke(MapperProxy.java:86) ~[mybatis-3.5.11.jar:3.5.11]
	at jdk.proxy3.$Proxy103.getCourseByCategory(Unknown Source) ~[?:?]
	at ma.com.serviceImp.CourseServiceImpl.getCourseByCategory(CourseServiceImpl.java:32) ~[classes/:?]
	at ma.com.controller.CourseController.getCourseByCategory(CourseController.java:36) ~[classes/:?]
	at ma.com.controller.CourseController$$FastClassBySpringCGLIB$$32e59b02.invoke(<generated>) ~[classes/:?]
	at org.springframework.cglib.proxy.MethodProxy.invoke(MethodProxy.java:218) ~[spring-core-5.3.25.jar:5.3.25]
	at org.springframework.aop.framework.CglibAopProxy$CglibMethodInvocation.invokeJoinpoint(CglibAopProxy.java:793) ~[spring-aop-5.3.25.jar:5.3.25]
	at org.springframework.aop.framework.ReflectiveMethodInvocation.proceed(ReflectiveMethodInvocation.java:163) ~[spring-aop-5.3.25.jar:5.3.25]
	at org.springframework.aop.framework.CglibAopProxy$CglibMethodInvocation.proceed(CglibAopProxy.java:763) ~[spring-aop-5.3.25.jar:5.3.25]
	at org.springframework.aop.framework.adapter.AfterReturningAdviceInterceptor.invoke(AfterReturningAdviceInterceptor.java:57) ~[spring-aop-5.3.25.jar:5.3.25]
	at org.springframework.aop.framework.ReflectiveMethodInvocation.proceed(ReflectiveMethodInvocation.java:175) ~[spring-aop-5.3.25.jar:5.3.25]
	at org.springframework.aop.framework.CglibAopProxy$CglibMethodInvocation.proceed(CglibAopProxy.java:763) ~[spring-aop-5.3.25.jar:5.3.25]
	at org.springframework.aop.interceptor.ExposeInvocationInterceptor.invoke(ExposeInvocationInterceptor.java:97) ~[spring-aop-5.3.25.jar:5.3.25]
	at org.springframework.aop.framework.ReflectiveMethodInvocation.proceed(ReflectiveMethodInvocation.java:186) ~[spring-aop-5.3.25.jar:5.3.25]
	at org.springframework.aop.framework.CglibAopProxy$CglibMethodInvocation.proceed(CglibAopProxy.java:763) ~[spring-aop-5.3.25.jar:5.3.25]
	at org.springframework.aop.framework.CglibAopProxy$DynamicAdvisedInterceptor.intercept(CglibAopProxy.java:708) ~[spring-aop-5.3.25.jar:5.3.25]
	at ma.com.controller.CourseController$$EnhancerBySpringCGLIB$$5e8b9d6e.getCourseByCategory(<generated>) ~[classes/:?]
	at jdk.internal.reflect.NativeMethodAccessorImpl.invoke0(Native Method) ~[?:?]
	at jdk.internal.reflect.NativeMethodAccessorImpl.invoke(NativeMethodAccessorImpl.java:77) ~[?:?]
	at jdk.internal.reflect.DelegatingMethodAccessorImpl.invoke(DelegatingMethodAccessorImpl.java:43) ~[?:?]
	at java.lang.reflect.Method.invoke(Method.java:568) ~[?:?]
	at org.springframework.web.method.support.InvocableHandlerMethod.doInvoke(InvocableHandlerMethod.java:205) ~[spring-web-5.3.25.jar:5.3.25]
	at org.springframework.web.method.support.InvocableHandlerMethod.invokeForRequest(InvocableHandlerMethod.java:150) ~[spring-web-5.3.25.jar:5.3.25]
	at org.springframework.web.servlet.mvc.method.annotation.ServletInvocableHandlerMethod.invokeAndHandle(ServletInvocableHandlerMethod.java:117) ~[spring-webmvc-5.3.25.jar:5.3.25]
	at org.springframework.web.servlet.mvc.method.annotation.RequestMappingHandlerAdapter.invokeHandlerMethod(RequestMappingHandlerAdapter.java:895) ~[spring-webmvc-5.3.25.jar:5.3.25]
	at org.springframework.web.servlet.mvc.method.annotation.RequestMappingHandlerAdapter.handleInternal(RequestMappingHandlerAdapter.java:808) ~[spring-webmvc-5.3.25.jar:5.3.25]
	at org.springframework.web.servlet.mvc.method.AbstractHandlerMethodAdapter.handle(AbstractHandlerMethodAdapter.java:87) ~[spring-webmvc-5.3.25.jar:5.3.25]
	at org.springframework.web.servlet.DispatcherServlet.doDispatch(DispatcherServlet.java:1071) ~[spring-webmvc-5.3.25.jar:5.3.25]
	at org.springframework.web.servlet.DispatcherServlet.doService(DispatcherServlet.java:964) ~[spring-webmvc-5.3.25.jar:5.3.25]
	at org.springframework.web.servlet.FrameworkServlet.processRequest(FrameworkServlet.java:1006) ~[spring-webmvc-5.3.25.jar:5.3.25]
	at org.springframework.web.servlet.FrameworkServlet.doGet(FrameworkServlet.java:898) ~[spring-webmvc-5.3.25.jar:5.3.25]
	at javax.servlet.http.HttpServlet.service(HttpServlet.java:670) ~[tomcat-embed-core-9.0.71.jar:4.0.FR]
	at org.springframework.web.servlet.FrameworkServlet.service(FrameworkServlet.java:883) ~[spring-webmvc-5.3.25.jar:5.3.25]
	at javax.servlet.http.HttpServlet.service(HttpServlet.java:779) ~[tomcat-embed-core-9.0.71.jar:4.0.FR]
	at org.apache.catalina.core.ApplicationFilterChain.internalDoFilter(ApplicationFilterChain.java:227) ~[tomcat-embed-core-9.0.71.jar:9.0.71]
	at org.apache.catalina.core.ApplicationFilterChain.doFilter(ApplicationFilterChain.java:162) ~[tomcat-embed-core-9.0.71.jar:9.0.71]
	at org.apache.tomcat.websocket.server.WsFilter.doFilter(WsFilter.java:53) ~[tomcat-embed-websocket-9.0.71.jar:9.0.71]
	at org.apache.catalina.core.ApplicationFilterChain.internalDoFilter(ApplicationFilterChain.java:189) ~[tomcat-embed-core-9.0.71.jar:9.0.71]
	at org.apache.catalina.core.ApplicationFilterChain.doFilter(ApplicationFilterChain.java:162) ~[tomcat-embed-core-9.0.71.jar:9.0.71]
	at org.springframework.web.filter.RequestContextFilter.doFilterInternal(RequestContextFilter.java:100) ~[spring-web-5.3.25.jar:5.3.25]
	at org.springframework.web.filter.OncePerRequestFilter.doFilter(OncePerRequestFilter.java:117) ~[spring-web-5.3.25.jar:5.3.25]
	at org.apache.catalina.core.ApplicationFilterChain.internalDoFilter(ApplicationFilterChain.java:189) ~[tomcat-embed-core-9.0.71.jar:9.0.71]
	at org.apache.catalina.core.ApplicationFilterChain.doFilter(ApplicationFilterChain.java:162) ~[tomcat-embed-core-9.0.71.jar:9.0.71]
	at org.springframework.web.filter.FormContentFilter.doFilterInternal(FormContentFilter.java:93) ~[spring-web-5.3.25.jar:5.3.25]
	at org.springframework.web.filter.OncePerRequestFilter.doFilter(OncePerRequestFilter.java:117) ~[spring-web-5.3.25.jar:5.3.25]
	at org.apache.catalina.core.ApplicationFilterChain.internalDoFilter(ApplicationFilterChain.java:189) ~[tomcat-embed-core-9.0.71.jar:9.0.71]
	at org.apache.catalina.core.ApplicationFilterChain.doFilter(ApplicationFilterChain.java:162) ~[tomcat-embed-core-9.0.71.jar:9.0.71]
	at org.springframework.web.filter.CharacterEncodingFilter.doFilterInternal(CharacterEncodingFilter.java:201) ~[spring-web-5.3.25.jar:5.3.25]
	at org.springframework.web.filter.OncePerRequestFilter.doFilter(OncePerRequestFilter.java:117) ~[spring-web-5.3.25.jar:5.3.25]
	at org.apache.catalina.core.ApplicationFilterChain.internalDoFilter(ApplicationFilterChain.java:189) ~[tomcat-embed-core-9.0.71.jar:9.0.71]
	at org.apache.catalina.core.ApplicationFilterChain.doFilter(ApplicationFilterChain.java:162) ~[tomcat-embed-core-9.0.71.jar:9.0.71]
	at org.apache.catalina.core.StandardWrapperValve.invoke(StandardWrapperValve.java:177) ~[tomcat-embed-core-9.0.71.jar:9.0.71]
	at org.apache.catalina.core.StandardContextValve.invoke(StandardContextValve.java:97) ~[tomcat-embed-core-9.0.71.jar:9.0.71]
	at org.apache.catalina.authenticator.AuthenticatorBase.invoke(AuthenticatorBase.java:541) ~[tomcat-embed-core-9.0.71.jar:9.0.71]
	at org.apache.catalina.core.StandardHostValve.invoke(StandardHostValve.java:135) ~[tomcat-embed-core-9.0.71.jar:9.0.71]
	at org.apache.catalina.valves.ErrorReportValve.invoke(ErrorReportValve.java:92) ~[tomcat-embed-core-9.0.71.jar:9.0.71]
	at org.apache.catalina.core.StandardEngineValve.invoke(StandardEngineValve.java:78) ~[tomcat-embed-core-9.0.71.jar:9.0.71]
	at org.apache.catalina.connector.CoyoteAdapter.service(CoyoteAdapter.java:360) ~[tomcat-embed-core-9.0.71.jar:9.0.71]
	at org.apache.coyote.http11.Http11Processor.service(Http11Processor.java:399) ~[tomcat-embed-core-9.0.71.jar:9.0.71]
	at org.apache.coyote.AbstractProcessorLight.process(AbstractProcessorLight.java:65) ~[tomcat-embed-core-9.0.71.jar:9.0.71]
	at org.apache.coyote.AbstractProtocol$ConnectionHandler.process(AbstractProtocol.java:891) ~[tomcat-embed-core-9.0.71.jar:9.0.71]
	at org.apache.tomcat.util.net.NioEndpoint$SocketProcessor.doRun(NioEndpoint.java:1784) ~[tomcat-embed-core-9.0.71.jar:9.0.71]
	at org.apache.tomcat.util.net.SocketProcessorBase.run(SocketProcessorBase.java:49) ~[tomcat-embed-core-9.0.71.jar:9.0.71]
	at org.apache.tomcat.util.threads.ThreadPoolExecutor.runWorker(ThreadPoolExecutor.java:1191) ~[tomcat-embed-core-9.0.71.jar:9.0.71]
	at org.apache.tomcat.util.threads.ThreadPoolExecutor$Worker.run(ThreadPoolExecutor.java:659) ~[tomcat-embed-core-9.0.71.jar:9.0.71]
	at org.apache.tomcat.util.threads.TaskThread$WrappingRunnable.run(TaskThread.java:61) ~[tomcat-embed-core-9.0.71.jar:9.0.71]
	at java.lang.Thread.run(Thread.java:840) ~[?:?]
[2025-03-27 09:45:21:947] [ERROR] - org.apache.juli.logging.DirectJDKLog.log(DirectJDKLog.java:175) - Servlet.service() for servlet [dispatcherServlet] in context with path [] threw exception [Request processing failed; nested exception is org.mybatis.spring.MyBatisSystemException: nested exception is org.apache.ibatis.exceptions.PersistenceException: 
### Error querying database.  Cause: org.springframework.jdbc.CannotGetJdbcConnectionException: Failed to obtain JDBC Connection; nested exception is java.sql.SQLException: Access denied for user 'root'@'localhost' (using password: YES)
### The error may exist in file [E:\computer2\computer1\ifly\target\classes\mapper\CourseMapper.xml]
### The error may involve ma.com.mapper.CourseMapper.getCourseByCategory
### The error occurred while executing a query
### Cause: org.springframework.jdbc.CannotGetJdbcConnectionException: Failed to obtain JDBC Connection; nested exception is java.sql.SQLException: Access denied for user 'root'@'localhost' (using password: YES)] with root cause
java.sql.SQLException: Access denied for user 'root'@'localhost' (using password: YES)
	at com.mysql.jdbc.SQLError.createSQLException(SQLError.java:965) ~[mysql-connector-java-5.1.49.jar:5.1.49]
	at com.mysql.jdbc.MysqlIO.checkErrorPacket(MysqlIO.java:3933) ~[mysql-connector-java-5.1.49.jar:5.1.49]
	at com.mysql.jdbc.MysqlIO.checkErrorPacket(MysqlIO.java:3869) ~[mysql-connector-java-5.1.49.jar:5.1.49]
	at com.mysql.jdbc.MysqlIO.checkErrorPacket(MysqlIO.java:864) ~[mysql-connector-java-5.1.49.jar:5.1.49]
	at com.mysql.jdbc.MysqlIO.proceedHandshakeWithPluggableAuthentication(MysqlIO.java:1707) ~[mysql-connector-java-5.1.49.jar:5.1.49]
	at com.mysql.jdbc.MysqlIO.doHandshake(MysqlIO.java:1217) ~[mysql-connector-java-5.1.49.jar:5.1.49]
	at com.mysql.jdbc.ConnectionImpl.coreConnect(ConnectionImpl.java:2189) ~[mysql-connector-java-5.1.49.jar:5.1.49]
	at com.mysql.jdbc.ConnectionImpl.connectOneTryOnly(ConnectionImpl.java:2220) ~[mysql-connector-java-5.1.49.jar:5.1.49]
	at com.mysql.jdbc.ConnectionImpl.createNewIO(ConnectionImpl.java:2015) ~[mysql-connector-java-5.1.49.jar:5.1.49]
	at com.mysql.jdbc.ConnectionImpl.<init>(ConnectionImpl.java:768) ~[mysql-connector-java-5.1.49.jar:5.1.49]
	at com.mysql.jdbc.JDBC4Connection.<init>(JDBC4Connection.java:47) ~[mysql-connector-java-5.1.49.jar:5.1.49]
	at jdk.internal.reflect.NativeConstructorAccessorImpl.newInstance0(Native Method) ~[?:?]
	at jdk.internal.reflect.NativeConstructorAccessorImpl.newInstance(NativeConstructorAccessorImpl.java:77) ~[?:?]
	at jdk.internal.reflect.DelegatingConstructorAccessorImpl.newInstance(DelegatingConstructorAccessorImpl.java:45) ~[?:?]
	at java.lang.reflect.Constructor.newInstanceWithCaller(Constructor.java:499) ~[?:?]
	at java.lang.reflect.Constructor.newInstance(Constructor.java:480) ~[?:?]
	at com.mysql.jdbc.Util.handleNewInstance(Util.java:403) ~[mysql-connector-java-5.1.49.jar:5.1.49]
	at com.mysql.jdbc.ConnectionImpl.getInstance(ConnectionImpl.java:385) ~[mysql-connector-java-5.1.49.jar:5.1.49]
	at com.mysql.jdbc.NonRegisteringDriver.connect(NonRegisteringDriver.java:323) ~[mysql-connector-java-5.1.49.jar:5.1.49]
	at com.zaxxer.hikari.util.DriverDataSource.getConnection(DriverDataSource.java:138) ~[HikariCP-4.0.3.jar:?]
	at com.zaxxer.hikari.pool.PoolBase.newConnection(PoolBase.java:364) ~[HikariCP-4.0.3.jar:?]
	at com.zaxxer.hikari.pool.PoolBase.newPoolEntry(PoolBase.java:206) ~[HikariCP-4.0.3.jar:?]
	at com.zaxxer.hikari.pool.HikariPool.createPoolEntry(HikariPool.java:476) ~[HikariCP-4.0.3.jar:?]
	at com.zaxxer.hikari.pool.HikariPool.checkFailFast(HikariPool.java:561) ~[HikariCP-4.0.3.jar:?]
	at com.zaxxer.hikari.pool.HikariPool.<init>(HikariPool.java:115) ~[HikariCP-4.0.3.jar:?]
	at com.zaxxer.hikari.HikariDataSource.getConnection(HikariDataSource.java:112) ~[HikariCP-4.0.3.jar:?]
	at org.springframework.jdbc.datasource.DataSourceUtils.fetchConnection(DataSourceUtils.java:159) ~[spring-jdbc-5.3.25.jar:5.3.25]
	at org.springframework.jdbc.datasource.DataSourceUtils.doGetConnection(DataSourceUtils.java:117) ~[spring-jdbc-5.3.25.jar:5.3.25]
	at org.springframework.jdbc.datasource.DataSourceUtils.getConnection(DataSourceUtils.java:80) ~[spring-jdbc-5.3.25.jar:5.3.25]
	at org.mybatis.spring.transaction.SpringManagedTransaction.openConnection(SpringManagedTransaction.java:80) ~[mybatis-spring-2.1.0.jar:2.1.0]
	at org.mybatis.spring.transaction.SpringManagedTransaction.getConnection(SpringManagedTransaction.java:67) ~[mybatis-spring-2.1.0.jar:2.1.0]
	at org.apache.ibatis.executor.BaseExecutor.getConnection(BaseExecutor.java:337) ~[mybatis-3.5.11.jar:3.5.11]
	at org.apache.ibatis.executor.SimpleExecutor.prepareStatement(SimpleExecutor.java:86) ~[mybatis-3.5.11.jar:3.5.11]
	at org.apache.ibatis.executor.SimpleExecutor.doQuery(SimpleExecutor.java:62) ~[mybatis-3.5.11.jar:3.5.11]
	at org.apache.ibatis.executor.BaseExecutor.queryFromDatabase(BaseExecutor.java:325) ~[mybatis-3.5.11.jar:3.5.11]
	at org.apache.ibatis.executor.BaseExecutor.query(BaseExecutor.java:156) ~[mybatis-3.5.11.jar:3.5.11]
	at org.apache.ibatis.executor.CachingExecutor.query(CachingExecutor.java:109) ~[mybatis-3.5.11.jar:3.5.11]
	at com.github.pagehelper.PageInterceptor.intercept(PageInterceptor.java:151) ~[pagehelper-5.3.2.jar:?]
	at org.apache.ibatis.plugin.Plugin.invoke(Plugin.java:62) ~[mybatis-3.5.11.jar:3.5.11]
	at jdk.proxy2.$Proxy131.query(Unknown Source) ~[?:?]
	at org.apache.ibatis.session.defaults.DefaultSqlSession.selectList(DefaultSqlSession.java:151) ~[mybatis-3.5.11.jar:3.5.11]
	at org.apache.ibatis.session.defaults.DefaultSqlSession.selectList(DefaultSqlSession.java:145) ~[mybatis-3.5.11.jar:3.5.11]
	at org.apache.ibatis.session.defaults.DefaultSqlSession.selectList(DefaultSqlSession.java:140) ~[mybatis-3.5.11.jar:3.5.11]
	at jdk.internal.reflect.NativeMethodAccessorImpl.invoke0(Native Method) ~[?:?]
	at jdk.internal.reflect.NativeMethodAccessorImpl.invoke(NativeMethodAccessorImpl.java:77) ~[?:?]
	at jdk.internal.reflect.DelegatingMethodAccessorImpl.invoke(DelegatingMethodAccessorImpl.java:43) ~[?:?]
	at java.lang.reflect.Method.invoke(Method.java:568) ~[?:?]
	at org.mybatis.spring.SqlSessionTemplate$SqlSessionInterceptor.invoke(SqlSessionTemplate.java:425) ~[mybatis-spring-2.1.0.jar:2.1.0]
	at jdk.proxy2.$Proxy92.selectList(Unknown Source) ~[?:?]
	at org.mybatis.spring.SqlSessionTemplate.selectList(SqlSessionTemplate.java:224) ~[mybatis-spring-2.1.0.jar:2.1.0]
	at org.apache.ibatis.binding.MapperMethod.executeForMany(MapperMethod.java:147) ~[mybatis-3.5.11.jar:3.5.11]
	at org.apache.ibatis.binding.MapperMethod.execute(MapperMethod.java:80) ~[mybatis-3.5.11.jar:3.5.11]
	at org.apache.ibatis.binding.MapperProxy$PlainMethodInvoker.invoke(MapperProxy.java:145) ~[mybatis-3.5.11.jar:3.5.11]
	at org.apache.ibatis.binding.MapperProxy.invoke(MapperProxy.java:86) ~[mybatis-3.5.11.jar:3.5.11]
	at jdk.proxy3.$Proxy103.getCourseByCategory(Unknown Source) ~[?:?]
	at ma.com.serviceImp.CourseServiceImpl.getCourseByCategory(CourseServiceImpl.java:32) ~[classes/:?]
	at ma.com.controller.CourseController.getCourseByCategory(CourseController.java:36) ~[classes/:?]
	at ma.com.controller.CourseController$$FastClassBySpringCGLIB$$32e59b02.invoke(<generated>) ~[classes/:?]
	at org.springframework.cglib.proxy.MethodProxy.invoke(MethodProxy.java:218) ~[spring-core-5.3.25.jar:5.3.25]
	at org.springframework.aop.framework.CglibAopProxy$CglibMethodInvocation.invokeJoinpoint(CglibAopProxy.java:793) ~[spring-aop-5.3.25.jar:5.3.25]
	at org.springframework.aop.framework.ReflectiveMethodInvocation.proceed(ReflectiveMethodInvocation.java:163) ~[spring-aop-5.3.25.jar:5.3.25]
	at org.springframework.aop.framework.CglibAopProxy$CglibMethodInvocation.proceed(CglibAopProxy.java:763) ~[spring-aop-5.3.25.jar:5.3.25]
	at org.springframework.aop.framework.adapter.AfterReturningAdviceInterceptor.invoke(AfterReturningAdviceInterceptor.java:57) ~[spring-aop-5.3.25.jar:5.3.25]
	at org.springframework.aop.framework.ReflectiveMethodInvocation.proceed(ReflectiveMethodInvocation.java:175) ~[spring-aop-5.3.25.jar:5.3.25]
	at org.springframework.aop.framework.CglibAopProxy$CglibMethodInvocation.proceed(CglibAopProxy.java:763) ~[spring-aop-5.3.25.jar:5.3.25]
	at org.springframework.aop.interceptor.ExposeInvocationInterceptor.invoke(ExposeInvocationInterceptor.java:97) ~[spring-aop-5.3.25.jar:5.3.25]
	at org.springframework.aop.framework.ReflectiveMethodInvocation.proceed(ReflectiveMethodInvocation.java:186) ~[spring-aop-5.3.25.jar:5.3.25]
	at org.springframework.aop.framework.CglibAopProxy$CglibMethodInvocation.proceed(CglibAopProxy.java:763) ~[spring-aop-5.3.25.jar:5.3.25]
	at org.springframework.aop.framework.CglibAopProxy$DynamicAdvisedInterceptor.intercept(CglibAopProxy.java:708) ~[spring-aop-5.3.25.jar:5.3.25]
	at ma.com.controller.CourseController$$EnhancerBySpringCGLIB$$5e8b9d6e.getCourseByCategory(<generated>) ~[classes/:?]
	at jdk.internal.reflect.NativeMethodAccessorImpl.invoke0(Native Method) ~[?:?]
	at jdk.internal.reflect.NativeMethodAccessorImpl.invoke(NativeMethodAccessorImpl.java:77) ~[?:?]
	at jdk.internal.reflect.DelegatingMethodAccessorImpl.invoke(DelegatingMethodAccessorImpl.java:43) ~[?:?]
	at java.lang.reflect.Method.invoke(Method.java:568) ~[?:?]
	at org.springframework.web.method.support.InvocableHandlerMethod.doInvoke(InvocableHandlerMethod.java:205) ~[spring-web-5.3.25.jar:5.3.25]
	at org.springframework.web.method.support.InvocableHandlerMethod.invokeForRequest(InvocableHandlerMethod.java:150) ~[spring-web-5.3.25.jar:5.3.25]
	at org.springframework.web.servlet.mvc.method.annotation.ServletInvocableHandlerMethod.invokeAndHandle(ServletInvocableHandlerMethod.java:117) ~[spring-webmvc-5.3.25.jar:5.3.25]
	at org.springframework.web.servlet.mvc.method.annotation.RequestMappingHandlerAdapter.invokeHandlerMethod(RequestMappingHandlerAdapter.java:895) ~[spring-webmvc-5.3.25.jar:5.3.25]
	at org.springframework.web.servlet.mvc.method.annotation.RequestMappingHandlerAdapter.handleInternal(RequestMappingHandlerAdapter.java:808) ~[spring-webmvc-5.3.25.jar:5.3.25]
	at org.springframework.web.servlet.mvc.method.AbstractHandlerMethodAdapter.handle(AbstractHandlerMethodAdapter.java:87) ~[spring-webmvc-5.3.25.jar:5.3.25]
	at org.springframework.web.servlet.DispatcherServlet.doDispatch(DispatcherServlet.java:1071) ~[spring-webmvc-5.3.25.jar:5.3.25]
	at org.springframework.web.servlet.DispatcherServlet.doService(DispatcherServlet.java:964) ~[spring-webmvc-5.3.25.jar:5.3.25]
	at org.springframework.web.servlet.FrameworkServlet.processRequest(FrameworkServlet.java:1006) ~[spring-webmvc-5.3.25.jar:5.3.25]
	at org.springframework.web.servlet.FrameworkServlet.doGet(FrameworkServlet.java:898) ~[spring-webmvc-5.3.25.jar:5.3.25]
	at javax.servlet.http.HttpServlet.service(HttpServlet.java:670) ~[tomcat-embed-core-9.0.71.jar:4.0.FR]
	at org.springframework.web.servlet.FrameworkServlet.service(FrameworkServlet.java:883) ~[spring-webmvc-5.3.25.jar:5.3.25]
	at javax.servlet.http.HttpServlet.service(HttpServlet.java:779) ~[tomcat-embed-core-9.0.71.jar:4.0.FR]
	at org.apache.catalina.core.ApplicationFilterChain.internalDoFilter(ApplicationFilterChain.java:227) ~[tomcat-embed-core-9.0.71.jar:9.0.71]
	at org.apache.catalina.core.ApplicationFilterChain.doFilter(ApplicationFilterChain.java:162) ~[tomcat-embed-core-9.0.71.jar:9.0.71]
	at org.apache.tomcat.websocket.server.WsFilter.doFilter(WsFilter.java:53) ~[tomcat-embed-websocket-9.0.71.jar:9.0.71]
	at org.apache.catalina.core.ApplicationFilterChain.internalDoFilter(ApplicationFilterChain.java:189) ~[tomcat-embed-core-9.0.71.jar:9.0.71]
	at org.apache.catalina.core.ApplicationFilterChain.doFilter(ApplicationFilterChain.java:162) ~[tomcat-embed-core-9.0.71.jar:9.0.71]
	at org.springframework.web.filter.RequestContextFilter.doFilterInternal(RequestContextFilter.java:100) ~[spring-web-5.3.25.jar:5.3.25]
	at org.springframework.web.filter.OncePerRequestFilter.doFilter(OncePerRequestFilter.java:117) ~[spring-web-5.3.25.jar:5.3.25]
	at org.apache.catalina.core.ApplicationFilterChain.internalDoFilter(ApplicationFilterChain.java:189) ~[tomcat-embed-core-9.0.71.jar:9.0.71]
	at org.apache.catalina.core.ApplicationFilterChain.doFilter(ApplicationFilterChain.java:162) ~[tomcat-embed-core-9.0.71.jar:9.0.71]
	at org.springframework.web.filter.FormContentFilter.doFilterInternal(FormContentFilter.java:93) ~[spring-web-5.3.25.jar:5.3.25]
	at org.springframework.web.filter.OncePerRequestFilter.doFilter(OncePerRequestFilter.java:117) ~[spring-web-5.3.25.jar:5.3.25]
	at org.apache.catalina.core.ApplicationFilterChain.internalDoFilter(ApplicationFilterChain.java:189) ~[tomcat-embed-core-9.0.71.jar:9.0.71]
	at org.apache.catalina.core.ApplicationFilterChain.doFilter(ApplicationFilterChain.java:162) ~[tomcat-embed-core-9.0.71.jar:9.0.71]
	at org.springframework.web.filter.CharacterEncodingFilter.doFilterInternal(CharacterEncodingFilter.java:201) ~[spring-web-5.3.25.jar:5.3.25]
	at org.springframework.web.filter.OncePerRequestFilter.doFilter(OncePerRequestFilter.java:117) ~[spring-web-5.3.25.jar:5.3.25]
	at org.apache.catalina.core.ApplicationFilterChain.internalDoFilter(ApplicationFilterChain.java:189) ~[tomcat-embed-core-9.0.71.jar:9.0.71]
	at org.apache.catalina.core.ApplicationFilterChain.doFilter(ApplicationFilterChain.java:162) ~[tomcat-embed-core-9.0.71.jar:9.0.71]
	at org.apache.catalina.core.StandardWrapperValve.invoke(StandardWrapperValve.java:177) ~[tomcat-embed-core-9.0.71.jar:9.0.71]
	at org.apache.catalina.core.StandardContextValve.invoke(StandardContextValve.java:97) ~[tomcat-embed-core-9.0.71.jar:9.0.71]
	at org.apache.catalina.authenticator.AuthenticatorBase.invoke(AuthenticatorBase.java:541) ~[tomcat-embed-core-9.0.71.jar:9.0.71]
	at org.apache.catalina.core.StandardHostValve.invoke(StandardHostValve.java:135) ~[tomcat-embed-core-9.0.71.jar:9.0.71]
	at org.apache.catalina.valves.ErrorReportValve.invoke(ErrorReportValve.java:92) ~[tomcat-embed-core-9.0.71.jar:9.0.71]
	at org.apache.catalina.core.StandardEngineValve.invoke(StandardEngineValve.java:78) ~[tomcat-embed-core-9.0.71.jar:9.0.71]
	at org.apache.catalina.connector.CoyoteAdapter.service(CoyoteAdapter.java:360) ~[tomcat-embed-core-9.0.71.jar:9.0.71]
	at org.apache.coyote.http11.Http11Processor.service(Http11Processor.java:399) ~[tomcat-embed-core-9.0.71.jar:9.0.71]
	at org.apache.coyote.AbstractProcessorLight.process(AbstractProcessorLight.java:65) ~[tomcat-embed-core-9.0.71.jar:9.0.71]
	at org.apache.coyote.AbstractProtocol$ConnectionHandler.process(AbstractProtocol.java:891) ~[tomcat-embed-core-9.0.71.jar:9.0.71]
	at org.apache.tomcat.util.net.NioEndpoint$SocketProcessor.doRun(NioEndpoint.java:1784) ~[tomcat-embed-core-9.0.71.jar:9.0.71]
	at org.apache.tomcat.util.net.SocketProcessorBase.run(SocketProcessorBase.java:49) ~[tomcat-embed-core-9.0.71.jar:9.0.71]
	at org.apache.tomcat.util.threads.ThreadPoolExecutor.runWorker(ThreadPoolExecutor.java:1191) ~[tomcat-embed-core-9.0.71.jar:9.0.71]
	at org.apache.tomcat.util.threads.ThreadPoolExecutor$Worker.run(ThreadPoolExecutor.java:659) ~[tomcat-embed-core-9.0.71.jar:9.0.71]
	at org.apache.tomcat.util.threads.TaskThread$WrappingRunnable.run(TaskThread.java:61) ~[tomcat-embed-core-9.0.71.jar:9.0.71]
	at java.lang.Thread.run(Thread.java:840) ~[?:?]
[2025-03-27 09:45:22:977] [ERROR] - com.zaxxer.hikari.pool.HikariPool.throwPoolInitializationException(HikariPool.java:594) - HikariPool-1 - Exception during pool initialization.
java.sql.SQLException: Access denied for user 'root'@'localhost' (using password: YES)
	at com.mysql.jdbc.SQLError.createSQLException(SQLError.java:965) ~[mysql-connector-java-5.1.49.jar:5.1.49]
	at com.mysql.jdbc.MysqlIO.checkErrorPacket(MysqlIO.java:3933) ~[mysql-connector-java-5.1.49.jar:5.1.49]
	at com.mysql.jdbc.MysqlIO.checkErrorPacket(MysqlIO.java:3869) ~[mysql-connector-java-5.1.49.jar:5.1.49]
	at com.mysql.jdbc.MysqlIO.checkErrorPacket(MysqlIO.java:864) ~[mysql-connector-java-5.1.49.jar:5.1.49]
	at com.mysql.jdbc.MysqlIO.proceedHandshakeWithPluggableAuthentication(MysqlIO.java:1707) ~[mysql-connector-java-5.1.49.jar:5.1.49]
	at com.mysql.jdbc.MysqlIO.doHandshake(MysqlIO.java:1217) ~[mysql-connector-java-5.1.49.jar:5.1.49]
	at com.mysql.jdbc.ConnectionImpl.coreConnect(ConnectionImpl.java:2189) ~[mysql-connector-java-5.1.49.jar:5.1.49]
	at com.mysql.jdbc.ConnectionImpl.connectOneTryOnly(ConnectionImpl.java:2220) ~[mysql-connector-java-5.1.49.jar:5.1.49]
	at com.mysql.jdbc.ConnectionImpl.createNewIO(ConnectionImpl.java:2015) ~[mysql-connector-java-5.1.49.jar:5.1.49]
	at com.mysql.jdbc.ConnectionImpl.<init>(ConnectionImpl.java:768) ~[mysql-connector-java-5.1.49.jar:5.1.49]
	at com.mysql.jdbc.JDBC4Connection.<init>(JDBC4Connection.java:47) ~[mysql-connector-java-5.1.49.jar:5.1.49]
	at jdk.internal.reflect.NativeConstructorAccessorImpl.newInstance0(Native Method) ~[?:?]
	at jdk.internal.reflect.NativeConstructorAccessorImpl.newInstance(NativeConstructorAccessorImpl.java:77) ~[?:?]
	at jdk.internal.reflect.DelegatingConstructorAccessorImpl.newInstance(DelegatingConstructorAccessorImpl.java:45) ~[?:?]
	at java.lang.reflect.Constructor.newInstanceWithCaller(Constructor.java:499) ~[?:?]
	at java.lang.reflect.Constructor.newInstance(Constructor.java:480) ~[?:?]
	at com.mysql.jdbc.Util.handleNewInstance(Util.java:403) ~[mysql-connector-java-5.1.49.jar:5.1.49]
	at com.mysql.jdbc.ConnectionImpl.getInstance(ConnectionImpl.java:385) ~[mysql-connector-java-5.1.49.jar:5.1.49]
	at com.mysql.jdbc.NonRegisteringDriver.connect(NonRegisteringDriver.java:323) ~[mysql-connector-java-5.1.49.jar:5.1.49]
	at com.zaxxer.hikari.util.DriverDataSource.getConnection(DriverDataSource.java:138) ~[HikariCP-4.0.3.jar:?]
	at com.zaxxer.hikari.pool.PoolBase.newConnection(PoolBase.java:364) ~[HikariCP-4.0.3.jar:?]
	at com.zaxxer.hikari.pool.PoolBase.newPoolEntry(PoolBase.java:206) ~[HikariCP-4.0.3.jar:?]
	at com.zaxxer.hikari.pool.HikariPool.createPoolEntry(HikariPool.java:476) ~[HikariCP-4.0.3.jar:?]
	at com.zaxxer.hikari.pool.HikariPool.checkFailFast(HikariPool.java:561) ~[HikariCP-4.0.3.jar:?]
	at com.zaxxer.hikari.pool.HikariPool.<init>(HikariPool.java:115) ~[HikariCP-4.0.3.jar:?]
	at com.zaxxer.hikari.HikariDataSource.getConnection(HikariDataSource.java:112) ~[HikariCP-4.0.3.jar:?]
	at org.springframework.jdbc.datasource.DataSourceUtils.fetchConnection(DataSourceUtils.java:159) ~[spring-jdbc-5.3.25.jar:5.3.25]
	at org.springframework.jdbc.datasource.DataSourceUtils.doGetConnection(DataSourceUtils.java:117) ~[spring-jdbc-5.3.25.jar:5.3.25]
	at org.springframework.jdbc.datasource.DataSourceUtils.getConnection(DataSourceUtils.java:80) ~[spring-jdbc-5.3.25.jar:5.3.25]
	at org.mybatis.spring.transaction.SpringManagedTransaction.openConnection(SpringManagedTransaction.java:80) ~[mybatis-spring-2.1.0.jar:2.1.0]
	at org.mybatis.spring.transaction.SpringManagedTransaction.getConnection(SpringManagedTransaction.java:67) ~[mybatis-spring-2.1.0.jar:2.1.0]
	at org.apache.ibatis.executor.BaseExecutor.getConnection(BaseExecutor.java:337) ~[mybatis-3.5.11.jar:3.5.11]
	at org.apache.ibatis.executor.SimpleExecutor.prepareStatement(SimpleExecutor.java:86) ~[mybatis-3.5.11.jar:3.5.11]
	at org.apache.ibatis.executor.SimpleExecutor.doQuery(SimpleExecutor.java:62) ~[mybatis-3.5.11.jar:3.5.11]
	at org.apache.ibatis.executor.BaseExecutor.queryFromDatabase(BaseExecutor.java:325) ~[mybatis-3.5.11.jar:3.5.11]
	at org.apache.ibatis.executor.BaseExecutor.query(BaseExecutor.java:156) ~[mybatis-3.5.11.jar:3.5.11]
	at org.apache.ibatis.executor.CachingExecutor.query(CachingExecutor.java:109) ~[mybatis-3.5.11.jar:3.5.11]
	at com.github.pagehelper.PageInterceptor.intercept(PageInterceptor.java:151) ~[pagehelper-5.3.2.jar:?]
	at org.apache.ibatis.plugin.Plugin.invoke(Plugin.java:62) ~[mybatis-3.5.11.jar:3.5.11]
	at jdk.proxy2.$Proxy131.query(Unknown Source) ~[?:?]
	at org.apache.ibatis.session.defaults.DefaultSqlSession.selectList(DefaultSqlSession.java:151) ~[mybatis-3.5.11.jar:3.5.11]
	at org.apache.ibatis.session.defaults.DefaultSqlSession.selectList(DefaultSqlSession.java:145) ~[mybatis-3.5.11.jar:3.5.11]
	at org.apache.ibatis.session.defaults.DefaultSqlSession.selectList(DefaultSqlSession.java:140) ~[mybatis-3.5.11.jar:3.5.11]
	at jdk.internal.reflect.NativeMethodAccessorImpl.invoke0(Native Method) ~[?:?]
	at jdk.internal.reflect.NativeMethodAccessorImpl.invoke(NativeMethodAccessorImpl.java:77) ~[?:?]
	at jdk.internal.reflect.DelegatingMethodAccessorImpl.invoke(DelegatingMethodAccessorImpl.java:43) ~[?:?]
	at java.lang.reflect.Method.invoke(Method.java:568) ~[?:?]
	at org.mybatis.spring.SqlSessionTemplate$SqlSessionInterceptor.invoke(SqlSessionTemplate.java:425) ~[mybatis-spring-2.1.0.jar:2.1.0]
	at jdk.proxy2.$Proxy92.selectList(Unknown Source) ~[?:?]
	at org.mybatis.spring.SqlSessionTemplate.selectList(SqlSessionTemplate.java:224) ~[mybatis-spring-2.1.0.jar:2.1.0]
	at org.apache.ibatis.binding.MapperMethod.executeForMany(MapperMethod.java:147) ~[mybatis-3.5.11.jar:3.5.11]
	at org.apache.ibatis.binding.MapperMethod.execute(MapperMethod.java:80) ~[mybatis-3.5.11.jar:3.5.11]
	at org.apache.ibatis.binding.MapperProxy$PlainMethodInvoker.invoke(MapperProxy.java:145) ~[mybatis-3.5.11.jar:3.5.11]
	at org.apache.ibatis.binding.MapperProxy.invoke(MapperProxy.java:86) ~[mybatis-3.5.11.jar:3.5.11]
	at jdk.proxy3.$Proxy102.getBooksBySubject(Unknown Source) ~[?:?]
	at ma.com.serviceImp.BookServiceImpl.getBooksBySubject(BookServiceImpl.java:29) ~[classes/:?]
	at ma.com.controller.BookController.getBooksBySubject(BookController.java:44) ~[classes/:?]
	at ma.com.controller.BookController$$FastClassBySpringCGLIB$$5ea98b10.invoke(<generated>) ~[classes/:?]
	at org.springframework.cglib.proxy.MethodProxy.invoke(MethodProxy.java:218) ~[spring-core-5.3.25.jar:5.3.25]
	at org.springframework.aop.framework.CglibAopProxy$CglibMethodInvocation.invokeJoinpoint(CglibAopProxy.java:793) ~[spring-aop-5.3.25.jar:5.3.25]
	at org.springframework.aop.framework.ReflectiveMethodInvocation.proceed(ReflectiveMethodInvocation.java:163) ~[spring-aop-5.3.25.jar:5.3.25]
	at org.springframework.aop.framework.CglibAopProxy$CglibMethodInvocation.proceed(CglibAopProxy.java:763) ~[spring-aop-5.3.25.jar:5.3.25]
	at org.springframework.aop.framework.adapter.AfterReturningAdviceInterceptor.invoke(AfterReturningAdviceInterceptor.java:57) ~[spring-aop-5.3.25.jar:5.3.25]
	at org.springframework.aop.framework.ReflectiveMethodInvocation.proceed(ReflectiveMethodInvocation.java:175) ~[spring-aop-5.3.25.jar:5.3.25]
	at org.springframework.aop.framework.CglibAopProxy$CglibMethodInvocation.proceed(CglibAopProxy.java:763) ~[spring-aop-5.3.25.jar:5.3.25]
	at org.springframework.aop.interceptor.ExposeInvocationInterceptor.invoke(ExposeInvocationInterceptor.java:97) ~[spring-aop-5.3.25.jar:5.3.25]
	at org.springframework.aop.framework.ReflectiveMethodInvocation.proceed(ReflectiveMethodInvocation.java:186) ~[spring-aop-5.3.25.jar:5.3.25]
	at org.springframework.aop.framework.CglibAopProxy$CglibMethodInvocation.proceed(CglibAopProxy.java:763) ~[spring-aop-5.3.25.jar:5.3.25]
	at org.springframework.aop.framework.CglibAopProxy$DynamicAdvisedInterceptor.intercept(CglibAopProxy.java:708) ~[spring-aop-5.3.25.jar:5.3.25]
	at ma.com.controller.BookController$$EnhancerBySpringCGLIB$$b64ee658.getBooksBySubject(<generated>) ~[classes/:?]
	at jdk.internal.reflect.NativeMethodAccessorImpl.invoke0(Native Method) ~[?:?]
	at jdk.internal.reflect.NativeMethodAccessorImpl.invoke(NativeMethodAccessorImpl.java:77) ~[?:?]
	at jdk.internal.reflect.DelegatingMethodAccessorImpl.invoke(DelegatingMethodAccessorImpl.java:43) ~[?:?]
	at java.lang.reflect.Method.invoke(Method.java:568) ~[?:?]
	at org.springframework.web.method.support.InvocableHandlerMethod.doInvoke(InvocableHandlerMethod.java:205) ~[spring-web-5.3.25.jar:5.3.25]
	at org.springframework.web.method.support.InvocableHandlerMethod.invokeForRequest(InvocableHandlerMethod.java:150) ~[spring-web-5.3.25.jar:5.3.25]
	at org.springframework.web.servlet.mvc.method.annotation.ServletInvocableHandlerMethod.invokeAndHandle(ServletInvocableHandlerMethod.java:117) ~[spring-webmvc-5.3.25.jar:5.3.25]
	at org.springframework.web.servlet.mvc.method.annotation.RequestMappingHandlerAdapter.invokeHandlerMethod(RequestMappingHandlerAdapter.java:895) ~[spring-webmvc-5.3.25.jar:5.3.25]
	at org.springframework.web.servlet.mvc.method.annotation.RequestMappingHandlerAdapter.handleInternal(RequestMappingHandlerAdapter.java:808) ~[spring-webmvc-5.3.25.jar:5.3.25]
	at org.springframework.web.servlet.mvc.method.AbstractHandlerMethodAdapter.handle(AbstractHandlerMethodAdapter.java:87) ~[spring-webmvc-5.3.25.jar:5.3.25]
	at org.springframework.web.servlet.DispatcherServlet.doDispatch(DispatcherServlet.java:1071) ~[spring-webmvc-5.3.25.jar:5.3.25]
	at org.springframework.web.servlet.DispatcherServlet.doService(DispatcherServlet.java:964) ~[spring-webmvc-5.3.25.jar:5.3.25]
	at org.springframework.web.servlet.FrameworkServlet.processRequest(FrameworkServlet.java:1006) ~[spring-webmvc-5.3.25.jar:5.3.25]
	at org.springframework.web.servlet.FrameworkServlet.doGet(FrameworkServlet.java:898) ~[spring-webmvc-5.3.25.jar:5.3.25]
	at javax.servlet.http.HttpServlet.service(HttpServlet.java:670) ~[tomcat-embed-core-9.0.71.jar:4.0.FR]
	at org.springframework.web.servlet.FrameworkServlet.service(FrameworkServlet.java:883) ~[spring-webmvc-5.3.25.jar:5.3.25]
	at javax.servlet.http.HttpServlet.service(HttpServlet.java:779) ~[tomcat-embed-core-9.0.71.jar:4.0.FR]
	at org.apache.catalina.core.ApplicationFilterChain.internalDoFilter(ApplicationFilterChain.java:227) ~[tomcat-embed-core-9.0.71.jar:9.0.71]
	at org.apache.catalina.core.ApplicationFilterChain.doFilter(ApplicationFilterChain.java:162) ~[tomcat-embed-core-9.0.71.jar:9.0.71]
	at org.apache.tomcat.websocket.server.WsFilter.doFilter(WsFilter.java:53) ~[tomcat-embed-websocket-9.0.71.jar:9.0.71]
	at org.apache.catalina.core.ApplicationFilterChain.internalDoFilter(ApplicationFilterChain.java:189) ~[tomcat-embed-core-9.0.71.jar:9.0.71]
	at org.apache.catalina.core.ApplicationFilterChain.doFilter(ApplicationFilterChain.java:162) ~[tomcat-embed-core-9.0.71.jar:9.0.71]
	at org.springframework.web.filter.RequestContextFilter.doFilterInternal(RequestContextFilter.java:100) ~[spring-web-5.3.25.jar:5.3.25]
	at org.springframework.web.filter.OncePerRequestFilter.doFilter(OncePerRequestFilter.java:117) ~[spring-web-5.3.25.jar:5.3.25]
	at org.apache.catalina.core.ApplicationFilterChain.internalDoFilter(ApplicationFilterChain.java:189) ~[tomcat-embed-core-9.0.71.jar:9.0.71]
	at org.apache.catalina.core.ApplicationFilterChain.doFilter(ApplicationFilterChain.java:162) ~[tomcat-embed-core-9.0.71.jar:9.0.71]
	at org.springframework.web.filter.FormContentFilter.doFilterInternal(FormContentFilter.java:93) ~[spring-web-5.3.25.jar:5.3.25]
	at org.springframework.web.filter.OncePerRequestFilter.doFilter(OncePerRequestFilter.java:117) ~[spring-web-5.3.25.jar:5.3.25]
	at org.apache.catalina.core.ApplicationFilterChain.internalDoFilter(ApplicationFilterChain.java:189) ~[tomcat-embed-core-9.0.71.jar:9.0.71]
	at org.apache.catalina.core.ApplicationFilterChain.doFilter(ApplicationFilterChain.java:162) ~[tomcat-embed-core-9.0.71.jar:9.0.71]
	at org.springframework.web.filter.CharacterEncodingFilter.doFilterInternal(CharacterEncodingFilter.java:201) ~[spring-web-5.3.25.jar:5.3.25]
	at org.springframework.web.filter.OncePerRequestFilter.doFilter(OncePerRequestFilter.java:117) ~[spring-web-5.3.25.jar:5.3.25]
	at org.apache.catalina.core.ApplicationFilterChain.internalDoFilter(ApplicationFilterChain.java:189) ~[tomcat-embed-core-9.0.71.jar:9.0.71]
	at org.apache.catalina.core.ApplicationFilterChain.doFilter(ApplicationFilterChain.java:162) ~[tomcat-embed-core-9.0.71.jar:9.0.71]
	at org.apache.catalina.core.StandardWrapperValve.invoke(StandardWrapperValve.java:177) ~[tomcat-embed-core-9.0.71.jar:9.0.71]
	at org.apache.catalina.core.StandardContextValve.invoke(StandardContextValve.java:97) ~[tomcat-embed-core-9.0.71.jar:9.0.71]
	at org.apache.catalina.authenticator.AuthenticatorBase.invoke(AuthenticatorBase.java:541) ~[tomcat-embed-core-9.0.71.jar:9.0.71]
	at org.apache.catalina.core.StandardHostValve.invoke(StandardHostValve.java:135) ~[tomcat-embed-core-9.0.71.jar:9.0.71]
	at org.apache.catalina.valves.ErrorReportValve.invoke(ErrorReportValve.java:92) ~[tomcat-embed-core-9.0.71.jar:9.0.71]
	at org.apache.catalina.core.StandardEngineValve.invoke(StandardEngineValve.java:78) ~[tomcat-embed-core-9.0.71.jar:9.0.71]
	at org.apache.catalina.connector.CoyoteAdapter.service(CoyoteAdapter.java:360) ~[tomcat-embed-core-9.0.71.jar:9.0.71]
	at org.apache.coyote.http11.Http11Processor.service(Http11Processor.java:399) ~[tomcat-embed-core-9.0.71.jar:9.0.71]
	at org.apache.coyote.AbstractProcessorLight.process(AbstractProcessorLight.java:65) ~[tomcat-embed-core-9.0.71.jar:9.0.71]
	at org.apache.coyote.AbstractProtocol$ConnectionHandler.process(AbstractProtocol.java:891) ~[tomcat-embed-core-9.0.71.jar:9.0.71]
	at org.apache.tomcat.util.net.NioEndpoint$SocketProcessor.doRun(NioEndpoint.java:1784) ~[tomcat-embed-core-9.0.71.jar:9.0.71]
	at org.apache.tomcat.util.net.SocketProcessorBase.run(SocketProcessorBase.java:49) ~[tomcat-embed-core-9.0.71.jar:9.0.71]
	at org.apache.tomcat.util.threads.ThreadPoolExecutor.runWorker(ThreadPoolExecutor.java:1191) ~[tomcat-embed-core-9.0.71.jar:9.0.71]
	at org.apache.tomcat.util.threads.ThreadPoolExecutor$Worker.run(ThreadPoolExecutor.java:659) ~[tomcat-embed-core-9.0.71.jar:9.0.71]
	at org.apache.tomcat.util.threads.TaskThread$WrappingRunnable.run(TaskThread.java:61) ~[tomcat-embed-core-9.0.71.jar:9.0.71]
	at java.lang.Thread.run(Thread.java:840) ~[?:?]
[2025-03-27 09:45:22:981] [ERROR] - org.apache.juli.logging.DirectJDKLog.log(DirectJDKLog.java:175) - Servlet.service() for servlet [dispatcherServlet] in context with path [] threw exception [Request processing failed; nested exception is org.mybatis.spring.MyBatisSystemException: nested exception is org.apache.ibatis.exceptions.PersistenceException: 
### Error querying database.  Cause: org.springframework.jdbc.CannotGetJdbcConnectionException: Failed to obtain JDBC Connection; nested exception is java.sql.SQLException: Access denied for user 'root'@'localhost' (using password: YES)
### The error may exist in file [E:\computer2\computer1\ifly\target\classes\mapper\BookMapper.xml]
### The error may involve ma.com.mapper.BookMapper.getBooksBySubject
### The error occurred while executing a query
### Cause: org.springframework.jdbc.CannotGetJdbcConnectionException: Failed to obtain JDBC Connection; nested exception is java.sql.SQLException: Access denied for user 'root'@'localhost' (using password: YES)] with root cause
java.sql.SQLException: Access denied for user 'root'@'localhost' (using password: YES)
	at com.mysql.jdbc.SQLError.createSQLException(SQLError.java:965) ~[mysql-connector-java-5.1.49.jar:5.1.49]
	at com.mysql.jdbc.MysqlIO.checkErrorPacket(MysqlIO.java:3933) ~[mysql-connector-java-5.1.49.jar:5.1.49]
	at com.mysql.jdbc.MysqlIO.checkErrorPacket(MysqlIO.java:3869) ~[mysql-connector-java-5.1.49.jar:5.1.49]
	at com.mysql.jdbc.MysqlIO.checkErrorPacket(MysqlIO.java:864) ~[mysql-connector-java-5.1.49.jar:5.1.49]
	at com.mysql.jdbc.MysqlIO.proceedHandshakeWithPluggableAuthentication(MysqlIO.java:1707) ~[mysql-connector-java-5.1.49.jar:5.1.49]
	at com.mysql.jdbc.MysqlIO.doHandshake(MysqlIO.java:1217) ~[mysql-connector-java-5.1.49.jar:5.1.49]
	at com.mysql.jdbc.ConnectionImpl.coreConnect(ConnectionImpl.java:2189) ~[mysql-connector-java-5.1.49.jar:5.1.49]
	at com.mysql.jdbc.ConnectionImpl.connectOneTryOnly(ConnectionImpl.java:2220) ~[mysql-connector-java-5.1.49.jar:5.1.49]
	at com.mysql.jdbc.ConnectionImpl.createNewIO(ConnectionImpl.java:2015) ~[mysql-connector-java-5.1.49.jar:5.1.49]
	at com.mysql.jdbc.ConnectionImpl.<init>(ConnectionImpl.java:768) ~[mysql-connector-java-5.1.49.jar:5.1.49]
	at com.mysql.jdbc.JDBC4Connection.<init>(JDBC4Connection.java:47) ~[mysql-connector-java-5.1.49.jar:5.1.49]
	at jdk.internal.reflect.NativeConstructorAccessorImpl.newInstance0(Native Method) ~[?:?]
	at jdk.internal.reflect.NativeConstructorAccessorImpl.newInstance(NativeConstructorAccessorImpl.java:77) ~[?:?]
	at jdk.internal.reflect.DelegatingConstructorAccessorImpl.newInstance(DelegatingConstructorAccessorImpl.java:45) ~[?:?]
	at java.lang.reflect.Constructor.newInstanceWithCaller(Constructor.java:499) ~[?:?]
	at java.lang.reflect.Constructor.newInstance(Constructor.java:480) ~[?:?]
	at com.mysql.jdbc.Util.handleNewInstance(Util.java:403) ~[mysql-connector-java-5.1.49.jar:5.1.49]
	at com.mysql.jdbc.ConnectionImpl.getInstance(ConnectionImpl.java:385) ~[mysql-connector-java-5.1.49.jar:5.1.49]
	at com.mysql.jdbc.NonRegisteringDriver.connect(NonRegisteringDriver.java:323) ~[mysql-connector-java-5.1.49.jar:5.1.49]
	at com.zaxxer.hikari.util.DriverDataSource.getConnection(DriverDataSource.java:138) ~[HikariCP-4.0.3.jar:?]
	at com.zaxxer.hikari.pool.PoolBase.newConnection(PoolBase.java:364) ~[HikariCP-4.0.3.jar:?]
	at com.zaxxer.hikari.pool.PoolBase.newPoolEntry(PoolBase.java:206) ~[HikariCP-4.0.3.jar:?]
	at com.zaxxer.hikari.pool.HikariPool.createPoolEntry(HikariPool.java:476) ~[HikariCP-4.0.3.jar:?]
	at com.zaxxer.hikari.pool.HikariPool.checkFailFast(HikariPool.java:561) ~[HikariCP-4.0.3.jar:?]
	at com.zaxxer.hikari.pool.HikariPool.<init>(HikariPool.java:115) ~[HikariCP-4.0.3.jar:?]
	at com.zaxxer.hikari.HikariDataSource.getConnection(HikariDataSource.java:112) ~[HikariCP-4.0.3.jar:?]
	at org.springframework.jdbc.datasource.DataSourceUtils.fetchConnection(DataSourceUtils.java:159) ~[spring-jdbc-5.3.25.jar:5.3.25]
	at org.springframework.jdbc.datasource.DataSourceUtils.doGetConnection(DataSourceUtils.java:117) ~[spring-jdbc-5.3.25.jar:5.3.25]
	at org.springframework.jdbc.datasource.DataSourceUtils.getConnection(DataSourceUtils.java:80) ~[spring-jdbc-5.3.25.jar:5.3.25]
	at org.mybatis.spring.transaction.SpringManagedTransaction.openConnection(SpringManagedTransaction.java:80) ~[mybatis-spring-2.1.0.jar:2.1.0]
	at org.mybatis.spring.transaction.SpringManagedTransaction.getConnection(SpringManagedTransaction.java:67) ~[mybatis-spring-2.1.0.jar:2.1.0]
	at org.apache.ibatis.executor.BaseExecutor.getConnection(BaseExecutor.java:337) ~[mybatis-3.5.11.jar:3.5.11]
	at org.apache.ibatis.executor.SimpleExecutor.prepareStatement(SimpleExecutor.java:86) ~[mybatis-3.5.11.jar:3.5.11]
	at org.apache.ibatis.executor.SimpleExecutor.doQuery(SimpleExecutor.java:62) ~[mybatis-3.5.11.jar:3.5.11]
	at org.apache.ibatis.executor.BaseExecutor.queryFromDatabase(BaseExecutor.java:325) ~[mybatis-3.5.11.jar:3.5.11]
	at org.apache.ibatis.executor.BaseExecutor.query(BaseExecutor.java:156) ~[mybatis-3.5.11.jar:3.5.11]
	at org.apache.ibatis.executor.CachingExecutor.query(CachingExecutor.java:109) ~[mybatis-3.5.11.jar:3.5.11]
	at com.github.pagehelper.PageInterceptor.intercept(PageInterceptor.java:151) ~[pagehelper-5.3.2.jar:?]
	at org.apache.ibatis.plugin.Plugin.invoke(Plugin.java:62) ~[mybatis-3.5.11.jar:3.5.11]
	at jdk.proxy2.$Proxy131.query(Unknown Source) ~[?:?]
	at org.apache.ibatis.session.defaults.DefaultSqlSession.selectList(DefaultSqlSession.java:151) ~[mybatis-3.5.11.jar:3.5.11]
	at org.apache.ibatis.session.defaults.DefaultSqlSession.selectList(DefaultSqlSession.java:145) ~[mybatis-3.5.11.jar:3.5.11]
	at org.apache.ibatis.session.defaults.DefaultSqlSession.selectList(DefaultSqlSession.java:140) ~[mybatis-3.5.11.jar:3.5.11]
	at jdk.internal.reflect.NativeMethodAccessorImpl.invoke0(Native Method) ~[?:?]
	at jdk.internal.reflect.NativeMethodAccessorImpl.invoke(NativeMethodAccessorImpl.java:77) ~[?:?]
	at jdk.internal.reflect.DelegatingMethodAccessorImpl.invoke(DelegatingMethodAccessorImpl.java:43) ~[?:?]
	at java.lang.reflect.Method.invoke(Method.java:568) ~[?:?]
	at org.mybatis.spring.SqlSessionTemplate$SqlSessionInterceptor.invoke(SqlSessionTemplate.java:425) ~[mybatis-spring-2.1.0.jar:2.1.0]
	at jdk.proxy2.$Proxy92.selectList(Unknown Source) ~[?:?]
	at org.mybatis.spring.SqlSessionTemplate.selectList(SqlSessionTemplate.java:224) ~[mybatis-spring-2.1.0.jar:2.1.0]
	at org.apache.ibatis.binding.MapperMethod.executeForMany(MapperMethod.java:147) ~[mybatis-3.5.11.jar:3.5.11]
	at org.apache.ibatis.binding.MapperMethod.execute(MapperMethod.java:80) ~[mybatis-3.5.11.jar:3.5.11]
	at org.apache.ibatis.binding.MapperProxy$PlainMethodInvoker.invoke(MapperProxy.java:145) ~[mybatis-3.5.11.jar:3.5.11]
	at org.apache.ibatis.binding.MapperProxy.invoke(MapperProxy.java:86) ~[mybatis-3.5.11.jar:3.5.11]
	at jdk.proxy3.$Proxy102.getBooksBySubject(Unknown Source) ~[?:?]
	at ma.com.serviceImp.BookServiceImpl.getBooksBySubject(BookServiceImpl.java:29) ~[classes/:?]
	at ma.com.controller.BookController.getBooksBySubject(BookController.java:44) ~[classes/:?]
	at ma.com.controller.BookController$$FastClassBySpringCGLIB$$5ea98b10.invoke(<generated>) ~[classes/:?]
	at org.springframework.cglib.proxy.MethodProxy.invoke(MethodProxy.java:218) ~[spring-core-5.3.25.jar:5.3.25]
	at org.springframework.aop.framework.CglibAopProxy$CglibMethodInvocation.invokeJoinpoint(CglibAopProxy.java:793) ~[spring-aop-5.3.25.jar:5.3.25]
	at org.springframework.aop.framework.ReflectiveMethodInvocation.proceed(ReflectiveMethodInvocation.java:163) ~[spring-aop-5.3.25.jar:5.3.25]
	at org.springframework.aop.framework.CglibAopProxy$CglibMethodInvocation.proceed(CglibAopProxy.java:763) ~[spring-aop-5.3.25.jar:5.3.25]
	at org.springframework.aop.framework.adapter.AfterReturningAdviceInterceptor.invoke(AfterReturningAdviceInterceptor.java:57) ~[spring-aop-5.3.25.jar:5.3.25]
	at org.springframework.aop.framework.ReflectiveMethodInvocation.proceed(ReflectiveMethodInvocation.java:175) ~[spring-aop-5.3.25.jar:5.3.25]
	at org.springframework.aop.framework.CglibAopProxy$CglibMethodInvocation.proceed(CglibAopProxy.java:763) ~[spring-aop-5.3.25.jar:5.3.25]
	at org.springframework.aop.interceptor.ExposeInvocationInterceptor.invoke(ExposeInvocationInterceptor.java:97) ~[spring-aop-5.3.25.jar:5.3.25]
	at org.springframework.aop.framework.ReflectiveMethodInvocation.proceed(ReflectiveMethodInvocation.java:186) ~[spring-aop-5.3.25.jar:5.3.25]
	at org.springframework.aop.framework.CglibAopProxy$CglibMethodInvocation.proceed(CglibAopProxy.java:763) ~[spring-aop-5.3.25.jar:5.3.25]
	at org.springframework.aop.framework.CglibAopProxy$DynamicAdvisedInterceptor.intercept(CglibAopProxy.java:708) ~[spring-aop-5.3.25.jar:5.3.25]
	at ma.com.controller.BookController$$EnhancerBySpringCGLIB$$b64ee658.getBooksBySubject(<generated>) ~[classes/:?]
	at jdk.internal.reflect.NativeMethodAccessorImpl.invoke0(Native Method) ~[?:?]
	at jdk.internal.reflect.NativeMethodAccessorImpl.invoke(NativeMethodAccessorImpl.java:77) ~[?:?]
	at jdk.internal.reflect.DelegatingMethodAccessorImpl.invoke(DelegatingMethodAccessorImpl.java:43) ~[?:?]
	at java.lang.reflect.Method.invoke(Method.java:568) ~[?:?]
	at org.springframework.web.method.support.InvocableHandlerMethod.doInvoke(InvocableHandlerMethod.java:205) ~[spring-web-5.3.25.jar:5.3.25]
	at org.springframework.web.method.support.InvocableHandlerMethod.invokeForRequest(InvocableHandlerMethod.java:150) ~[spring-web-5.3.25.jar:5.3.25]
	at org.springframework.web.servlet.mvc.method.annotation.ServletInvocableHandlerMethod.invokeAndHandle(ServletInvocableHandlerMethod.java:117) ~[spring-webmvc-5.3.25.jar:5.3.25]
	at org.springframework.web.servlet.mvc.method.annotation.RequestMappingHandlerAdapter.invokeHandlerMethod(RequestMappingHandlerAdapter.java:895) ~[spring-webmvc-5.3.25.jar:5.3.25]
	at org.springframework.web.servlet.mvc.method.annotation.RequestMappingHandlerAdapter.handleInternal(RequestMappingHandlerAdapter.java:808) ~[spring-webmvc-5.3.25.jar:5.3.25]
	at org.springframework.web.servlet.mvc.method.AbstractHandlerMethodAdapter.handle(AbstractHandlerMethodAdapter.java:87) ~[spring-webmvc-5.3.25.jar:5.3.25]
	at org.springframework.web.servlet.DispatcherServlet.doDispatch(DispatcherServlet.java:1071) ~[spring-webmvc-5.3.25.jar:5.3.25]
	at org.springframework.web.servlet.DispatcherServlet.doService(DispatcherServlet.java:964) ~[spring-webmvc-5.3.25.jar:5.3.25]
	at org.springframework.web.servlet.FrameworkServlet.processRequest(FrameworkServlet.java:1006) ~[spring-webmvc-5.3.25.jar:5.3.25]
	at org.springframework.web.servlet.FrameworkServlet.doGet(FrameworkServlet.java:898) ~[spring-webmvc-5.3.25.jar:5.3.25]
	at javax.servlet.http.HttpServlet.service(HttpServlet.java:670) ~[tomcat-embed-core-9.0.71.jar:4.0.FR]
	at org.springframework.web.servlet.FrameworkServlet.service(FrameworkServlet.java:883) ~[spring-webmvc-5.3.25.jar:5.3.25]
	at javax.servlet.http.HttpServlet.service(HttpServlet.java:779) ~[tomcat-embed-core-9.0.71.jar:4.0.FR]
	at org.apache.catalina.core.ApplicationFilterChain.internalDoFilter(ApplicationFilterChain.java:227) ~[tomcat-embed-core-9.0.71.jar:9.0.71]
	at org.apache.catalina.core.ApplicationFilterChain.doFilter(ApplicationFilterChain.java:162) ~[tomcat-embed-core-9.0.71.jar:9.0.71]
	at org.apache.tomcat.websocket.server.WsFilter.doFilter(WsFilter.java:53) ~[tomcat-embed-websocket-9.0.71.jar:9.0.71]
	at org.apache.catalina.core.ApplicationFilterChain.internalDoFilter(ApplicationFilterChain.java:189) ~[tomcat-embed-core-9.0.71.jar:9.0.71]
	at org.apache.catalina.core.ApplicationFilterChain.doFilter(ApplicationFilterChain.java:162) ~[tomcat-embed-core-9.0.71.jar:9.0.71]
	at org.springframework.web.filter.RequestContextFilter.doFilterInternal(RequestContextFilter.java:100) ~[spring-web-5.3.25.jar:5.3.25]
	at org.springframework.web.filter.OncePerRequestFilter.doFilter(OncePerRequestFilter.java:117) ~[spring-web-5.3.25.jar:5.3.25]
	at org.apache.catalina.core.ApplicationFilterChain.internalDoFilter(ApplicationFilterChain.java:189) ~[tomcat-embed-core-9.0.71.jar:9.0.71]
	at org.apache.catalina.core.ApplicationFilterChain.doFilter(ApplicationFilterChain.java:162) ~[tomcat-embed-core-9.0.71.jar:9.0.71]
	at org.springframework.web.filter.FormContentFilter.doFilterInternal(FormContentFilter.java:93) ~[spring-web-5.3.25.jar:5.3.25]
	at org.springframework.web.filter.OncePerRequestFilter.doFilter(OncePerRequestFilter.java:117) ~[spring-web-5.3.25.jar:5.3.25]
	at org.apache.catalina.core.ApplicationFilterChain.internalDoFilter(ApplicationFilterChain.java:189) ~[tomcat-embed-core-9.0.71.jar:9.0.71]
	at org.apache.catalina.core.ApplicationFilterChain.doFilter(ApplicationFilterChain.java:162) ~[tomcat-embed-core-9.0.71.jar:9.0.71]
	at org.springframework.web.filter.CharacterEncodingFilter.doFilterInternal(CharacterEncodingFilter.java:201) ~[spring-web-5.3.25.jar:5.3.25]
	at org.springframework.web.filter.OncePerRequestFilter.doFilter(OncePerRequestFilter.java:117) ~[spring-web-5.3.25.jar:5.3.25]
	at org.apache.catalina.core.ApplicationFilterChain.internalDoFilter(ApplicationFilterChain.java:189) ~[tomcat-embed-core-9.0.71.jar:9.0.71]
	at org.apache.catalina.core.ApplicationFilterChain.doFilter(ApplicationFilterChain.java:162) ~[tomcat-embed-core-9.0.71.jar:9.0.71]
	at org.apache.catalina.core.StandardWrapperValve.invoke(StandardWrapperValve.java:177) ~[tomcat-embed-core-9.0.71.jar:9.0.71]
	at org.apache.catalina.core.StandardContextValve.invoke(StandardContextValve.java:97) ~[tomcat-embed-core-9.0.71.jar:9.0.71]
	at org.apache.catalina.authenticator.AuthenticatorBase.invoke(AuthenticatorBase.java:541) ~[tomcat-embed-core-9.0.71.jar:9.0.71]
	at org.apache.catalina.core.StandardHostValve.invoke(StandardHostValve.java:135) ~[tomcat-embed-core-9.0.71.jar:9.0.71]
	at org.apache.catalina.valves.ErrorReportValve.invoke(ErrorReportValve.java:92) ~[tomcat-embed-core-9.0.71.jar:9.0.71]
	at org.apache.catalina.core.StandardEngineValve.invoke(StandardEngineValve.java:78) ~[tomcat-embed-core-9.0.71.jar:9.0.71]
	at org.apache.catalina.connector.CoyoteAdapter.service(CoyoteAdapter.java:360) ~[tomcat-embed-core-9.0.71.jar:9.0.71]
	at org.apache.coyote.http11.Http11Processor.service(Http11Processor.java:399) ~[tomcat-embed-core-9.0.71.jar:9.0.71]
	at org.apache.coyote.AbstractProcessorLight.process(AbstractProcessorLight.java:65) ~[tomcat-embed-core-9.0.71.jar:9.0.71]
	at org.apache.coyote.AbstractProtocol$ConnectionHandler.process(AbstractProtocol.java:891) ~[tomcat-embed-core-9.0.71.jar:9.0.71]
	at org.apache.tomcat.util.net.NioEndpoint$SocketProcessor.doRun(NioEndpoint.java:1784) ~[tomcat-embed-core-9.0.71.jar:9.0.71]
	at org.apache.tomcat.util.net.SocketProcessorBase.run(SocketProcessorBase.java:49) ~[tomcat-embed-core-9.0.71.jar:9.0.71]
	at org.apache.tomcat.util.threads.ThreadPoolExecutor.runWorker(ThreadPoolExecutor.java:1191) ~[tomcat-embed-core-9.0.71.jar:9.0.71]
	at org.apache.tomcat.util.threads.ThreadPoolExecutor$Worker.run(ThreadPoolExecutor.java:659) ~[tomcat-embed-core-9.0.71.jar:9.0.71]
	at org.apache.tomcat.util.threads.TaskThread$WrappingRunnable.run(TaskThread.java:61) ~[tomcat-embed-core-9.0.71.jar:9.0.71]
	at java.lang.Thread.run(Thread.java:840) ~[?:?]
[2025-03-27 09:45:25:202] [ERROR] - com.zaxxer.hikari.pool.HikariPool.throwPoolInitializationException(HikariPool.java:594) - HikariPool-1 - Exception during pool initialization.
java.sql.SQLException: Access denied for user 'root'@'localhost' (using password: YES)
	at com.mysql.jdbc.SQLError.createSQLException(SQLError.java:965) ~[mysql-connector-java-5.1.49.jar:5.1.49]
	at com.mysql.jdbc.MysqlIO.checkErrorPacket(MysqlIO.java:3933) ~[mysql-connector-java-5.1.49.jar:5.1.49]
	at com.mysql.jdbc.MysqlIO.checkErrorPacket(MysqlIO.java:3869) ~[mysql-connector-java-5.1.49.jar:5.1.49]
	at com.mysql.jdbc.MysqlIO.checkErrorPacket(MysqlIO.java:864) ~[mysql-connector-java-5.1.49.jar:5.1.49]
	at com.mysql.jdbc.MysqlIO.proceedHandshakeWithPluggableAuthentication(MysqlIO.java:1707) ~[mysql-connector-java-5.1.49.jar:5.1.49]
	at com.mysql.jdbc.MysqlIO.doHandshake(MysqlIO.java:1217) ~[mysql-connector-java-5.1.49.jar:5.1.49]
	at com.mysql.jdbc.ConnectionImpl.coreConnect(ConnectionImpl.java:2189) ~[mysql-connector-java-5.1.49.jar:5.1.49]
	at com.mysql.jdbc.ConnectionImpl.connectOneTryOnly(ConnectionImpl.java:2220) ~[mysql-connector-java-5.1.49.jar:5.1.49]
	at com.mysql.jdbc.ConnectionImpl.createNewIO(ConnectionImpl.java:2015) ~[mysql-connector-java-5.1.49.jar:5.1.49]
	at com.mysql.jdbc.ConnectionImpl.<init>(ConnectionImpl.java:768) ~[mysql-connector-java-5.1.49.jar:5.1.49]
	at com.mysql.jdbc.JDBC4Connection.<init>(JDBC4Connection.java:47) ~[mysql-connector-java-5.1.49.jar:5.1.49]
	at jdk.internal.reflect.NativeConstructorAccessorImpl.newInstance0(Native Method) ~[?:?]
	at jdk.internal.reflect.NativeConstructorAccessorImpl.newInstance(NativeConstructorAccessorImpl.java:77) ~[?:?]
	at jdk.internal.reflect.DelegatingConstructorAccessorImpl.newInstance(DelegatingConstructorAccessorImpl.java:45) ~[?:?]
	at java.lang.reflect.Constructor.newInstanceWithCaller(Constructor.java:499) ~[?:?]
	at java.lang.reflect.Constructor.newInstance(Constructor.java:480) ~[?:?]
	at com.mysql.jdbc.Util.handleNewInstance(Util.java:403) ~[mysql-connector-java-5.1.49.jar:5.1.49]
	at com.mysql.jdbc.ConnectionImpl.getInstance(ConnectionImpl.java:385) ~[mysql-connector-java-5.1.49.jar:5.1.49]
	at com.mysql.jdbc.NonRegisteringDriver.connect(NonRegisteringDriver.java:323) ~[mysql-connector-java-5.1.49.jar:5.1.49]
	at com.zaxxer.hikari.util.DriverDataSource.getConnection(DriverDataSource.java:138) ~[HikariCP-4.0.3.jar:?]
	at com.zaxxer.hikari.pool.PoolBase.newConnection(PoolBase.java:364) ~[HikariCP-4.0.3.jar:?]
	at com.zaxxer.hikari.pool.PoolBase.newPoolEntry(PoolBase.java:206) ~[HikariCP-4.0.3.jar:?]
	at com.zaxxer.hikari.pool.HikariPool.createPoolEntry(HikariPool.java:476) ~[HikariCP-4.0.3.jar:?]
	at com.zaxxer.hikari.pool.HikariPool.checkFailFast(HikariPool.java:561) ~[HikariCP-4.0.3.jar:?]
	at com.zaxxer.hikari.pool.HikariPool.<init>(HikariPool.java:115) ~[HikariCP-4.0.3.jar:?]
	at com.zaxxer.hikari.HikariDataSource.getConnection(HikariDataSource.java:112) ~[HikariCP-4.0.3.jar:?]
	at org.springframework.jdbc.datasource.DataSourceUtils.fetchConnection(DataSourceUtils.java:159) ~[spring-jdbc-5.3.25.jar:5.3.25]
	at org.springframework.jdbc.datasource.DataSourceUtils.doGetConnection(DataSourceUtils.java:117) ~[spring-jdbc-5.3.25.jar:5.3.25]
	at org.springframework.jdbc.datasource.DataSourceUtils.getConnection(DataSourceUtils.java:80) ~[spring-jdbc-5.3.25.jar:5.3.25]
	at org.mybatis.spring.transaction.SpringManagedTransaction.openConnection(SpringManagedTransaction.java:80) ~[mybatis-spring-2.1.0.jar:2.1.0]
	at org.mybatis.spring.transaction.SpringManagedTransaction.getConnection(SpringManagedTransaction.java:67) ~[mybatis-spring-2.1.0.jar:2.1.0]
	at org.apache.ibatis.executor.BaseExecutor.getConnection(BaseExecutor.java:337) ~[mybatis-3.5.11.jar:3.5.11]
	at org.apache.ibatis.executor.SimpleExecutor.prepareStatement(SimpleExecutor.java:86) ~[mybatis-3.5.11.jar:3.5.11]
	at org.apache.ibatis.executor.SimpleExecutor.doQuery(SimpleExecutor.java:62) ~[mybatis-3.5.11.jar:3.5.11]
	at org.apache.ibatis.executor.BaseExecutor.queryFromDatabase(BaseExecutor.java:325) ~[mybatis-3.5.11.jar:3.5.11]
	at org.apache.ibatis.executor.BaseExecutor.query(BaseExecutor.java:156) ~[mybatis-3.5.11.jar:3.5.11]
	at org.apache.ibatis.executor.CachingExecutor.query(CachingExecutor.java:109) ~[mybatis-3.5.11.jar:3.5.11]
	at com.github.pagehelper.PageInterceptor.intercept(PageInterceptor.java:151) ~[pagehelper-5.3.2.jar:?]
	at org.apache.ibatis.plugin.Plugin.invoke(Plugin.java:62) ~[mybatis-3.5.11.jar:3.5.11]
	at jdk.proxy2.$Proxy131.query(Unknown Source) ~[?:?]
	at org.apache.ibatis.session.defaults.DefaultSqlSession.selectList(DefaultSqlSession.java:151) ~[mybatis-3.5.11.jar:3.5.11]
	at org.apache.ibatis.session.defaults.DefaultSqlSession.selectList(DefaultSqlSession.java:145) ~[mybatis-3.5.11.jar:3.5.11]
	at org.apache.ibatis.session.defaults.DefaultSqlSession.selectList(DefaultSqlSession.java:140) ~[mybatis-3.5.11.jar:3.5.11]
	at jdk.internal.reflect.NativeMethodAccessorImpl.invoke0(Native Method) ~[?:?]
	at jdk.internal.reflect.NativeMethodAccessorImpl.invoke(NativeMethodAccessorImpl.java:77) ~[?:?]
	at jdk.internal.reflect.DelegatingMethodAccessorImpl.invoke(DelegatingMethodAccessorImpl.java:43) ~[?:?]
	at java.lang.reflect.Method.invoke(Method.java:568) ~[?:?]
	at org.mybatis.spring.SqlSessionTemplate$SqlSessionInterceptor.invoke(SqlSessionTemplate.java:425) ~[mybatis-spring-2.1.0.jar:2.1.0]
	at jdk.proxy2.$Proxy92.selectList(Unknown Source) ~[?:?]
	at org.mybatis.spring.SqlSessionTemplate.selectList(SqlSessionTemplate.java:224) ~[mybatis-spring-2.1.0.jar:2.1.0]
	at org.apache.ibatis.binding.MapperMethod.executeForMany(MapperMethod.java:147) ~[mybatis-3.5.11.jar:3.5.11]
	at org.apache.ibatis.binding.MapperMethod.execute(MapperMethod.java:80) ~[mybatis-3.5.11.jar:3.5.11]
	at org.apache.ibatis.binding.MapperProxy$PlainMethodInvoker.invoke(MapperProxy.java:145) ~[mybatis-3.5.11.jar:3.5.11]
	at org.apache.ibatis.binding.MapperProxy.invoke(MapperProxy.java:86) ~[mybatis-3.5.11.jar:3.5.11]
	at jdk.proxy3.$Proxy110.getUserList(Unknown Source) ~[?:?]
	at ma.com.serviceImp.UserServiceImp.getAllUser(UserServiceImp.java:19) ~[classes/:?]
	at ma.com.controller.UserController.getAllUser(UserController.java:103) ~[classes/:?]
	at jdk.internal.reflect.NativeMethodAccessorImpl.invoke0(Native Method) ~[?:?]
	at jdk.internal.reflect.NativeMethodAccessorImpl.invoke(NativeMethodAccessorImpl.java:77) ~[?:?]
	at jdk.internal.reflect.DelegatingMethodAccessorImpl.invoke(DelegatingMethodAccessorImpl.java:43) ~[?:?]
	at java.lang.reflect.Method.invoke(Method.java:568) ~[?:?]
	at org.springframework.web.method.support.InvocableHandlerMethod.doInvoke(InvocableHandlerMethod.java:205) ~[spring-web-5.3.25.jar:5.3.25]
	at org.springframework.web.method.support.InvocableHandlerMethod.invokeForRequest(InvocableHandlerMethod.java:150) ~[spring-web-5.3.25.jar:5.3.25]
	at org.springframework.web.servlet.mvc.method.annotation.ServletInvocableHandlerMethod.invokeAndHandle(ServletInvocableHandlerMethod.java:117) ~[spring-webmvc-5.3.25.jar:5.3.25]
	at org.springframework.web.servlet.mvc.method.annotation.RequestMappingHandlerAdapter.invokeHandlerMethod(RequestMappingHandlerAdapter.java:895) ~[spring-webmvc-5.3.25.jar:5.3.25]
	at org.springframework.web.servlet.mvc.method.annotation.RequestMappingHandlerAdapter.handleInternal(RequestMappingHandlerAdapter.java:808) ~[spring-webmvc-5.3.25.jar:5.3.25]
	at org.springframework.web.servlet.mvc.method.AbstractHandlerMethodAdapter.handle(AbstractHandlerMethodAdapter.java:87) ~[spring-webmvc-5.3.25.jar:5.3.25]
	at org.springframework.web.servlet.DispatcherServlet.doDispatch(DispatcherServlet.java:1071) ~[spring-webmvc-5.3.25.jar:5.3.25]
	at org.springframework.web.servlet.DispatcherServlet.doService(DispatcherServlet.java:964) ~[spring-webmvc-5.3.25.jar:5.3.25]
	at org.springframework.web.servlet.FrameworkServlet.processRequest(FrameworkServlet.java:1006) ~[spring-webmvc-5.3.25.jar:5.3.25]
	at org.springframework.web.servlet.FrameworkServlet.doGet(FrameworkServlet.java:898) ~[spring-webmvc-5.3.25.jar:5.3.25]
	at javax.servlet.http.HttpServlet.service(HttpServlet.java:670) ~[tomcat-embed-core-9.0.71.jar:4.0.FR]
	at org.springframework.web.servlet.FrameworkServlet.service(FrameworkServlet.java:883) ~[spring-webmvc-5.3.25.jar:5.3.25]
	at javax.servlet.http.HttpServlet.service(HttpServlet.java:779) ~[tomcat-embed-core-9.0.71.jar:4.0.FR]
	at org.apache.catalina.core.ApplicationFilterChain.internalDoFilter(ApplicationFilterChain.java:227) ~[tomcat-embed-core-9.0.71.jar:9.0.71]
	at org.apache.catalina.core.ApplicationFilterChain.doFilter(ApplicationFilterChain.java:162) ~[tomcat-embed-core-9.0.71.jar:9.0.71]
	at org.apache.tomcat.websocket.server.WsFilter.doFilter(WsFilter.java:53) ~[tomcat-embed-websocket-9.0.71.jar:9.0.71]
	at org.apache.catalina.core.ApplicationFilterChain.internalDoFilter(ApplicationFilterChain.java:189) ~[tomcat-embed-core-9.0.71.jar:9.0.71]
	at org.apache.catalina.core.ApplicationFilterChain.doFilter(ApplicationFilterChain.java:162) ~[tomcat-embed-core-9.0.71.jar:9.0.71]
	at org.springframework.web.filter.RequestContextFilter.doFilterInternal(RequestContextFilter.java:100) ~[spring-web-5.3.25.jar:5.3.25]
	at org.springframework.web.filter.OncePerRequestFilter.doFilter(OncePerRequestFilter.java:117) ~[spring-web-5.3.25.jar:5.3.25]
	at org.apache.catalina.core.ApplicationFilterChain.internalDoFilter(ApplicationFilterChain.java:189) ~[tomcat-embed-core-9.0.71.jar:9.0.71]
	at org.apache.catalina.core.ApplicationFilterChain.doFilter(ApplicationFilterChain.java:162) ~[tomcat-embed-core-9.0.71.jar:9.0.71]
	at org.springframework.web.filter.FormContentFilter.doFilterInternal(FormContentFilter.java:93) ~[spring-web-5.3.25.jar:5.3.25]
	at org.springframework.web.filter.OncePerRequestFilter.doFilter(OncePerRequestFilter.java:117) ~[spring-web-5.3.25.jar:5.3.25]
	at org.apache.catalina.core.ApplicationFilterChain.internalDoFilter(ApplicationFilterChain.java:189) ~[tomcat-embed-core-9.0.71.jar:9.0.71]
	at org.apache.catalina.core.ApplicationFilterChain.doFilter(ApplicationFilterChain.java:162) ~[tomcat-embed-core-9.0.71.jar:9.0.71]
	at org.springframework.web.filter.CharacterEncodingFilter.doFilterInternal(CharacterEncodingFilter.java:201) ~[spring-web-5.3.25.jar:5.3.25]
	at org.springframework.web.filter.OncePerRequestFilter.doFilter(OncePerRequestFilter.java:117) ~[spring-web-5.3.25.jar:5.3.25]
	at org.apache.catalina.core.ApplicationFilterChain.internalDoFilter(ApplicationFilterChain.java:189) ~[tomcat-embed-core-9.0.71.jar:9.0.71]
	at org.apache.catalina.core.ApplicationFilterChain.doFilter(ApplicationFilterChain.java:162) ~[tomcat-embed-core-9.0.71.jar:9.0.71]
	at org.apache.catalina.core.StandardWrapperValve.invoke(StandardWrapperValve.java:177) ~[tomcat-embed-core-9.0.71.jar:9.0.71]
	at org.apache.catalina.core.StandardContextValve.invoke(StandardContextValve.java:97) ~[tomcat-embed-core-9.0.71.jar:9.0.71]
	at org.apache.catalina.authenticator.AuthenticatorBase.invoke(AuthenticatorBase.java:541) ~[tomcat-embed-core-9.0.71.jar:9.0.71]
	at org.apache.catalina.core.StandardHostValve.invoke(StandardHostValve.java:135) ~[tomcat-embed-core-9.0.71.jar:9.0.71]
	at org.apache.catalina.valves.ErrorReportValve.invoke(ErrorReportValve.java:92) ~[tomcat-embed-core-9.0.71.jar:9.0.71]
	at org.apache.catalina.core.StandardEngineValve.invoke(StandardEngineValve.java:78) ~[tomcat-embed-core-9.0.71.jar:9.0.71]
	at org.apache.catalina.connector.CoyoteAdapter.service(CoyoteAdapter.java:360) ~[tomcat-embed-core-9.0.71.jar:9.0.71]
	at org.apache.coyote.http11.Http11Processor.service(Http11Processor.java:399) ~[tomcat-embed-core-9.0.71.jar:9.0.71]
	at org.apache.coyote.AbstractProcessorLight.process(AbstractProcessorLight.java:65) ~[tomcat-embed-core-9.0.71.jar:9.0.71]
	at org.apache.coyote.AbstractProtocol$ConnectionHandler.process(AbstractProtocol.java:891) ~[tomcat-embed-core-9.0.71.jar:9.0.71]
	at org.apache.tomcat.util.net.NioEndpoint$SocketProcessor.doRun(NioEndpoint.java:1784) ~[tomcat-embed-core-9.0.71.jar:9.0.71]
	at org.apache.tomcat.util.net.SocketProcessorBase.run(SocketProcessorBase.java:49) ~[tomcat-embed-core-9.0.71.jar:9.0.71]
	at org.apache.tomcat.util.threads.ThreadPoolExecutor.runWorker(ThreadPoolExecutor.java:1191) ~[tomcat-embed-core-9.0.71.jar:9.0.71]
	at org.apache.tomcat.util.threads.ThreadPoolExecutor$Worker.run(ThreadPoolExecutor.java:659) ~[tomcat-embed-core-9.0.71.jar:9.0.71]
	at org.apache.tomcat.util.threads.TaskThread$WrappingRunnable.run(TaskThread.java:61) ~[tomcat-embed-core-9.0.71.jar:9.0.71]
	at java.lang.Thread.run(Thread.java:840) ~[?:?]
[2025-03-27 09:45:25:209] [ERROR] - org.apache.juli.logging.DirectJDKLog.log(DirectJDKLog.java:175) - Servlet.service() for servlet [dispatcherServlet] in context with path [] threw exception [Request processing failed; nested exception is org.mybatis.spring.MyBatisSystemException: nested exception is org.apache.ibatis.exceptions.PersistenceException: 
### Error querying database.  Cause: org.springframework.jdbc.CannotGetJdbcConnectionException: Failed to obtain JDBC Connection; nested exception is java.sql.SQLException: Access denied for user 'root'@'localhost' (using password: YES)
### The error may exist in file [E:\computer2\computer1\ifly\target\classes\mapper\userMapper.xml]
### The error may involve ma.com.mapper.UserMapper.getUserList
### The error occurred while executing a query
### Cause: org.springframework.jdbc.CannotGetJdbcConnectionException: Failed to obtain JDBC Connection; nested exception is java.sql.SQLException: Access denied for user 'root'@'localhost' (using password: YES)] with root cause
java.sql.SQLException: Access denied for user 'root'@'localhost' (using password: YES)
	at com.mysql.jdbc.SQLError.createSQLException(SQLError.java:965) ~[mysql-connector-java-5.1.49.jar:5.1.49]
	at com.mysql.jdbc.MysqlIO.checkErrorPacket(MysqlIO.java:3933) ~[mysql-connector-java-5.1.49.jar:5.1.49]
	at com.mysql.jdbc.MysqlIO.checkErrorPacket(MysqlIO.java:3869) ~[mysql-connector-java-5.1.49.jar:5.1.49]
	at com.mysql.jdbc.MysqlIO.checkErrorPacket(MysqlIO.java:864) ~[mysql-connector-java-5.1.49.jar:5.1.49]
	at com.mysql.jdbc.MysqlIO.proceedHandshakeWithPluggableAuthentication(MysqlIO.java:1707) ~[mysql-connector-java-5.1.49.jar:5.1.49]
	at com.mysql.jdbc.MysqlIO.doHandshake(MysqlIO.java:1217) ~[mysql-connector-java-5.1.49.jar:5.1.49]
	at com.mysql.jdbc.ConnectionImpl.coreConnect(ConnectionImpl.java:2189) ~[mysql-connector-java-5.1.49.jar:5.1.49]
	at com.mysql.jdbc.ConnectionImpl.connectOneTryOnly(ConnectionImpl.java:2220) ~[mysql-connector-java-5.1.49.jar:5.1.49]
	at com.mysql.jdbc.ConnectionImpl.createNewIO(ConnectionImpl.java:2015) ~[mysql-connector-java-5.1.49.jar:5.1.49]
	at com.mysql.jdbc.ConnectionImpl.<init>(ConnectionImpl.java:768) ~[mysql-connector-java-5.1.49.jar:5.1.49]
	at com.mysql.jdbc.JDBC4Connection.<init>(JDBC4Connection.java:47) ~[mysql-connector-java-5.1.49.jar:5.1.49]
	at jdk.internal.reflect.NativeConstructorAccessorImpl.newInstance0(Native Method) ~[?:?]
	at jdk.internal.reflect.NativeConstructorAccessorImpl.newInstance(NativeConstructorAccessorImpl.java:77) ~[?:?]
	at jdk.internal.reflect.DelegatingConstructorAccessorImpl.newInstance(DelegatingConstructorAccessorImpl.java:45) ~[?:?]
	at java.lang.reflect.Constructor.newInstanceWithCaller(Constructor.java:499) ~[?:?]
	at java.lang.reflect.Constructor.newInstance(Constructor.java:480) ~[?:?]
	at com.mysql.jdbc.Util.handleNewInstance(Util.java:403) ~[mysql-connector-java-5.1.49.jar:5.1.49]
	at com.mysql.jdbc.ConnectionImpl.getInstance(ConnectionImpl.java:385) ~[mysql-connector-java-5.1.49.jar:5.1.49]
	at com.mysql.jdbc.NonRegisteringDriver.connect(NonRegisteringDriver.java:323) ~[mysql-connector-java-5.1.49.jar:5.1.49]
	at com.zaxxer.hikari.util.DriverDataSource.getConnection(DriverDataSource.java:138) ~[HikariCP-4.0.3.jar:?]
	at com.zaxxer.hikari.pool.PoolBase.newConnection(PoolBase.java:364) ~[HikariCP-4.0.3.jar:?]
	at com.zaxxer.hikari.pool.PoolBase.newPoolEntry(PoolBase.java:206) ~[HikariCP-4.0.3.jar:?]
	at com.zaxxer.hikari.pool.HikariPool.createPoolEntry(HikariPool.java:476) ~[HikariCP-4.0.3.jar:?]
	at com.zaxxer.hikari.pool.HikariPool.checkFailFast(HikariPool.java:561) ~[HikariCP-4.0.3.jar:?]
	at com.zaxxer.hikari.pool.HikariPool.<init>(HikariPool.java:115) ~[HikariCP-4.0.3.jar:?]
	at com.zaxxer.hikari.HikariDataSource.getConnection(HikariDataSource.java:112) ~[HikariCP-4.0.3.jar:?]
	at org.springframework.jdbc.datasource.DataSourceUtils.fetchConnection(DataSourceUtils.java:159) ~[spring-jdbc-5.3.25.jar:5.3.25]
	at org.springframework.jdbc.datasource.DataSourceUtils.doGetConnection(DataSourceUtils.java:117) ~[spring-jdbc-5.3.25.jar:5.3.25]
	at org.springframework.jdbc.datasource.DataSourceUtils.getConnection(DataSourceUtils.java:80) ~[spring-jdbc-5.3.25.jar:5.3.25]
	at org.mybatis.spring.transaction.SpringManagedTransaction.openConnection(SpringManagedTransaction.java:80) ~[mybatis-spring-2.1.0.jar:2.1.0]
	at org.mybatis.spring.transaction.SpringManagedTransaction.getConnection(SpringManagedTransaction.java:67) ~[mybatis-spring-2.1.0.jar:2.1.0]
	at org.apache.ibatis.executor.BaseExecutor.getConnection(BaseExecutor.java:337) ~[mybatis-3.5.11.jar:3.5.11]
	at org.apache.ibatis.executor.SimpleExecutor.prepareStatement(SimpleExecutor.java:86) ~[mybatis-3.5.11.jar:3.5.11]
	at org.apache.ibatis.executor.SimpleExecutor.doQuery(SimpleExecutor.java:62) ~[mybatis-3.5.11.jar:3.5.11]
	at org.apache.ibatis.executor.BaseExecutor.queryFromDatabase(BaseExecutor.java:325) ~[mybatis-3.5.11.jar:3.5.11]
	at org.apache.ibatis.executor.BaseExecutor.query(BaseExecutor.java:156) ~[mybatis-3.5.11.jar:3.5.11]
	at org.apache.ibatis.executor.CachingExecutor.query(CachingExecutor.java:109) ~[mybatis-3.5.11.jar:3.5.11]
	at com.github.pagehelper.PageInterceptor.intercept(PageInterceptor.java:151) ~[pagehelper-5.3.2.jar:?]
	at org.apache.ibatis.plugin.Plugin.invoke(Plugin.java:62) ~[mybatis-3.5.11.jar:3.5.11]
	at jdk.proxy2.$Proxy131.query(Unknown Source) ~[?:?]
	at org.apache.ibatis.session.defaults.DefaultSqlSession.selectList(DefaultSqlSession.java:151) ~[mybatis-3.5.11.jar:3.5.11]
	at org.apache.ibatis.session.defaults.DefaultSqlSession.selectList(DefaultSqlSession.java:145) ~[mybatis-3.5.11.jar:3.5.11]
	at org.apache.ibatis.session.defaults.DefaultSqlSession.selectList(DefaultSqlSession.java:140) ~[mybatis-3.5.11.jar:3.5.11]
	at jdk.internal.reflect.NativeMethodAccessorImpl.invoke0(Native Method) ~[?:?]
	at jdk.internal.reflect.NativeMethodAccessorImpl.invoke(NativeMethodAccessorImpl.java:77) ~[?:?]
	at jdk.internal.reflect.DelegatingMethodAccessorImpl.invoke(DelegatingMethodAccessorImpl.java:43) ~[?:?]
	at java.lang.reflect.Method.invoke(Method.java:568) ~[?:?]
	at org.mybatis.spring.SqlSessionTemplate$SqlSessionInterceptor.invoke(SqlSessionTemplate.java:425) ~[mybatis-spring-2.1.0.jar:2.1.0]
	at jdk.proxy2.$Proxy92.selectList(Unknown Source) ~[?:?]
	at org.mybatis.spring.SqlSessionTemplate.selectList(SqlSessionTemplate.java:224) ~[mybatis-spring-2.1.0.jar:2.1.0]
	at org.apache.ibatis.binding.MapperMethod.executeForMany(MapperMethod.java:147) ~[mybatis-3.5.11.jar:3.5.11]
	at org.apache.ibatis.binding.MapperMethod.execute(MapperMethod.java:80) ~[mybatis-3.5.11.jar:3.5.11]
	at org.apache.ibatis.binding.MapperProxy$PlainMethodInvoker.invoke(MapperProxy.java:145) ~[mybatis-3.5.11.jar:3.5.11]
	at org.apache.ibatis.binding.MapperProxy.invoke(MapperProxy.java:86) ~[mybatis-3.5.11.jar:3.5.11]
	at jdk.proxy3.$Proxy110.getUserList(Unknown Source) ~[?:?]
	at ma.com.serviceImp.UserServiceImp.getAllUser(UserServiceImp.java:19) ~[classes/:?]
	at ma.com.controller.UserController.getAllUser(UserController.java:103) ~[classes/:?]
	at jdk.internal.reflect.NativeMethodAccessorImpl.invoke0(Native Method) ~[?:?]
	at jdk.internal.reflect.NativeMethodAccessorImpl.invoke(NativeMethodAccessorImpl.java:77) ~[?:?]
	at jdk.internal.reflect.DelegatingMethodAccessorImpl.invoke(DelegatingMethodAccessorImpl.java:43) ~[?:?]
	at java.lang.reflect.Method.invoke(Method.java:568) ~[?:?]
	at org.springframework.web.method.support.InvocableHandlerMethod.doInvoke(InvocableHandlerMethod.java:205) ~[spring-web-5.3.25.jar:5.3.25]
	at org.springframework.web.method.support.InvocableHandlerMethod.invokeForRequest(InvocableHandlerMethod.java:150) ~[spring-web-5.3.25.jar:5.3.25]
	at org.springframework.web.servlet.mvc.method.annotation.ServletInvocableHandlerMethod.invokeAndHandle(ServletInvocableHandlerMethod.java:117) ~[spring-webmvc-5.3.25.jar:5.3.25]
	at org.springframework.web.servlet.mvc.method.annotation.RequestMappingHandlerAdapter.invokeHandlerMethod(RequestMappingHandlerAdapter.java:895) ~[spring-webmvc-5.3.25.jar:5.3.25]
	at org.springframework.web.servlet.mvc.method.annotation.RequestMappingHandlerAdapter.handleInternal(RequestMappingHandlerAdapter.java:808) ~[spring-webmvc-5.3.25.jar:5.3.25]
	at org.springframework.web.servlet.mvc.method.AbstractHandlerMethodAdapter.handle(AbstractHandlerMethodAdapter.java:87) ~[spring-webmvc-5.3.25.jar:5.3.25]
	at org.springframework.web.servlet.DispatcherServlet.doDispatch(DispatcherServlet.java:1071) ~[spring-webmvc-5.3.25.jar:5.3.25]
	at org.springframework.web.servlet.DispatcherServlet.doService(DispatcherServlet.java:964) ~[spring-webmvc-5.3.25.jar:5.3.25]
	at org.springframework.web.servlet.FrameworkServlet.processRequest(FrameworkServlet.java:1006) ~[spring-webmvc-5.3.25.jar:5.3.25]
	at org.springframework.web.servlet.FrameworkServlet.doGet(FrameworkServlet.java:898) ~[spring-webmvc-5.3.25.jar:5.3.25]
	at javax.servlet.http.HttpServlet.service(HttpServlet.java:670) ~[tomcat-embed-core-9.0.71.jar:4.0.FR]
	at org.springframework.web.servlet.FrameworkServlet.service(FrameworkServlet.java:883) ~[spring-webmvc-5.3.25.jar:5.3.25]
	at javax.servlet.http.HttpServlet.service(HttpServlet.java:779) ~[tomcat-embed-core-9.0.71.jar:4.0.FR]
	at org.apache.catalina.core.ApplicationFilterChain.internalDoFilter(ApplicationFilterChain.java:227) ~[tomcat-embed-core-9.0.71.jar:9.0.71]
	at org.apache.catalina.core.ApplicationFilterChain.doFilter(ApplicationFilterChain.java:162) ~[tomcat-embed-core-9.0.71.jar:9.0.71]
	at org.apache.tomcat.websocket.server.WsFilter.doFilter(WsFilter.java:53) ~[tomcat-embed-websocket-9.0.71.jar:9.0.71]
	at org.apache.catalina.core.ApplicationFilterChain.internalDoFilter(ApplicationFilterChain.java:189) ~[tomcat-embed-core-9.0.71.jar:9.0.71]
	at org.apache.catalina.core.ApplicationFilterChain.doFilter(ApplicationFilterChain.java:162) ~[tomcat-embed-core-9.0.71.jar:9.0.71]
	at org.springframework.web.filter.RequestContextFilter.doFilterInternal(RequestContextFilter.java:100) ~[spring-web-5.3.25.jar:5.3.25]
	at org.springframework.web.filter.OncePerRequestFilter.doFilter(OncePerRequestFilter.java:117) ~[spring-web-5.3.25.jar:5.3.25]
	at org.apache.catalina.core.ApplicationFilterChain.internalDoFilter(ApplicationFilterChain.java:189) ~[tomcat-embed-core-9.0.71.jar:9.0.71]
	at org.apache.catalina.core.ApplicationFilterChain.doFilter(ApplicationFilterChain.java:162) ~[tomcat-embed-core-9.0.71.jar:9.0.71]
	at org.springframework.web.filter.FormContentFilter.doFilterInternal(FormContentFilter.java:93) ~[spring-web-5.3.25.jar:5.3.25]
	at org.springframework.web.filter.OncePerRequestFilter.doFilter(OncePerRequestFilter.java:117) ~[spring-web-5.3.25.jar:5.3.25]
	at org.apache.catalina.core.ApplicationFilterChain.internalDoFilter(ApplicationFilterChain.java:189) ~[tomcat-embed-core-9.0.71.jar:9.0.71]
	at org.apache.catalina.core.ApplicationFilterChain.doFilter(ApplicationFilterChain.java:162) ~[tomcat-embed-core-9.0.71.jar:9.0.71]
	at org.springframework.web.filter.CharacterEncodingFilter.doFilterInternal(CharacterEncodingFilter.java:201) ~[spring-web-5.3.25.jar:5.3.25]
	at org.springframework.web.filter.OncePerRequestFilter.doFilter(OncePerRequestFilter.java:117) ~[spring-web-5.3.25.jar:5.3.25]
	at org.apache.catalina.core.ApplicationFilterChain.internalDoFilter(ApplicationFilterChain.java:189) ~[tomcat-embed-core-9.0.71.jar:9.0.71]
	at org.apache.catalina.core.ApplicationFilterChain.doFilter(ApplicationFilterChain.java:162) ~[tomcat-embed-core-9.0.71.jar:9.0.71]
	at org.apache.catalina.core.StandardWrapperValve.invoke(StandardWrapperValve.java:177) ~[tomcat-embed-core-9.0.71.jar:9.0.71]
	at org.apache.catalina.core.StandardContextValve.invoke(StandardContextValve.java:97) ~[tomcat-embed-core-9.0.71.jar:9.0.71]
	at org.apache.catalina.authenticator.AuthenticatorBase.invoke(AuthenticatorBase.java:541) ~[tomcat-embed-core-9.0.71.jar:9.0.71]
	at org.apache.catalina.core.StandardHostValve.invoke(StandardHostValve.java:135) ~[tomcat-embed-core-9.0.71.jar:9.0.71]
	at org.apache.catalina.valves.ErrorReportValve.invoke(ErrorReportValve.java:92) ~[tomcat-embed-core-9.0.71.jar:9.0.71]
	at org.apache.catalina.core.StandardEngineValve.invoke(StandardEngineValve.java:78) ~[tomcat-embed-core-9.0.71.jar:9.0.71]
	at org.apache.catalina.connector.CoyoteAdapter.service(CoyoteAdapter.java:360) ~[tomcat-embed-core-9.0.71.jar:9.0.71]
	at org.apache.coyote.http11.Http11Processor.service(Http11Processor.java:399) ~[tomcat-embed-core-9.0.71.jar:9.0.71]
	at org.apache.coyote.AbstractProcessorLight.process(AbstractProcessorLight.java:65) ~[tomcat-embed-core-9.0.71.jar:9.0.71]
	at org.apache.coyote.AbstractProtocol$ConnectionHandler.process(AbstractProtocol.java:891) ~[tomcat-embed-core-9.0.71.jar:9.0.71]
	at org.apache.tomcat.util.net.NioEndpoint$SocketProcessor.doRun(NioEndpoint.java:1784) ~[tomcat-embed-core-9.0.71.jar:9.0.71]
	at org.apache.tomcat.util.net.SocketProcessorBase.run(SocketProcessorBase.java:49) ~[tomcat-embed-core-9.0.71.jar:9.0.71]
	at org.apache.tomcat.util.threads.ThreadPoolExecutor.runWorker(ThreadPoolExecutor.java:1191) ~[tomcat-embed-core-9.0.71.jar:9.0.71]
	at org.apache.tomcat.util.threads.ThreadPoolExecutor$Worker.run(ThreadPoolExecutor.java:659) ~[tomcat-embed-core-9.0.71.jar:9.0.71]
	at org.apache.tomcat.util.threads.TaskThread$WrappingRunnable.run(TaskThread.java:61) ~[tomcat-embed-core-9.0.71.jar:9.0.71]
	at java.lang.Thread.run(Thread.java:840) ~[?:?]
[2025-03-27 09:45:26:239] [ERROR] - com.zaxxer.hikari.pool.HikariPool.throwPoolInitializationException(HikariPool.java:594) - HikariPool-1 - Exception during pool initialization.
java.sql.SQLException: Access denied for user 'root'@'localhost' (using password: YES)
	at com.mysql.jdbc.SQLError.createSQLException(SQLError.java:965) ~[mysql-connector-java-5.1.49.jar:5.1.49]
	at com.mysql.jdbc.MysqlIO.checkErrorPacket(MysqlIO.java:3933) ~[mysql-connector-java-5.1.49.jar:5.1.49]
	at com.mysql.jdbc.MysqlIO.checkErrorPacket(MysqlIO.java:3869) ~[mysql-connector-java-5.1.49.jar:5.1.49]
	at com.mysql.jdbc.MysqlIO.checkErrorPacket(MysqlIO.java:864) ~[mysql-connector-java-5.1.49.jar:5.1.49]
	at com.mysql.jdbc.MysqlIO.proceedHandshakeWithPluggableAuthentication(MysqlIO.java:1707) ~[mysql-connector-java-5.1.49.jar:5.1.49]
	at com.mysql.jdbc.MysqlIO.doHandshake(MysqlIO.java:1217) ~[mysql-connector-java-5.1.49.jar:5.1.49]
	at com.mysql.jdbc.ConnectionImpl.coreConnect(ConnectionImpl.java:2189) ~[mysql-connector-java-5.1.49.jar:5.1.49]
	at com.mysql.jdbc.ConnectionImpl.connectOneTryOnly(ConnectionImpl.java:2220) ~[mysql-connector-java-5.1.49.jar:5.1.49]
	at com.mysql.jdbc.ConnectionImpl.createNewIO(ConnectionImpl.java:2015) ~[mysql-connector-java-5.1.49.jar:5.1.49]
	at com.mysql.jdbc.ConnectionImpl.<init>(ConnectionImpl.java:768) ~[mysql-connector-java-5.1.49.jar:5.1.49]
	at com.mysql.jdbc.JDBC4Connection.<init>(JDBC4Connection.java:47) ~[mysql-connector-java-5.1.49.jar:5.1.49]
	at jdk.internal.reflect.NativeConstructorAccessorImpl.newInstance0(Native Method) ~[?:?]
	at jdk.internal.reflect.NativeConstructorAccessorImpl.newInstance(NativeConstructorAccessorImpl.java:77) ~[?:?]
	at jdk.internal.reflect.DelegatingConstructorAccessorImpl.newInstance(DelegatingConstructorAccessorImpl.java:45) ~[?:?]
	at java.lang.reflect.Constructor.newInstanceWithCaller(Constructor.java:499) ~[?:?]
	at java.lang.reflect.Constructor.newInstance(Constructor.java:480) ~[?:?]
	at com.mysql.jdbc.Util.handleNewInstance(Util.java:403) ~[mysql-connector-java-5.1.49.jar:5.1.49]
	at com.mysql.jdbc.ConnectionImpl.getInstance(ConnectionImpl.java:385) ~[mysql-connector-java-5.1.49.jar:5.1.49]
	at com.mysql.jdbc.NonRegisteringDriver.connect(NonRegisteringDriver.java:323) ~[mysql-connector-java-5.1.49.jar:5.1.49]
	at com.zaxxer.hikari.util.DriverDataSource.getConnection(DriverDataSource.java:138) ~[HikariCP-4.0.3.jar:?]
	at com.zaxxer.hikari.pool.PoolBase.newConnection(PoolBase.java:364) ~[HikariCP-4.0.3.jar:?]
	at com.zaxxer.hikari.pool.PoolBase.newPoolEntry(PoolBase.java:206) ~[HikariCP-4.0.3.jar:?]
	at com.zaxxer.hikari.pool.HikariPool.createPoolEntry(HikariPool.java:476) ~[HikariCP-4.0.3.jar:?]
	at com.zaxxer.hikari.pool.HikariPool.checkFailFast(HikariPool.java:561) ~[HikariCP-4.0.3.jar:?]
	at com.zaxxer.hikari.pool.HikariPool.<init>(HikariPool.java:115) ~[HikariCP-4.0.3.jar:?]
	at com.zaxxer.hikari.HikariDataSource.getConnection(HikariDataSource.java:112) ~[HikariCP-4.0.3.jar:?]
	at org.springframework.jdbc.datasource.DataSourceUtils.fetchConnection(DataSourceUtils.java:159) ~[spring-jdbc-5.3.25.jar:5.3.25]
	at org.springframework.jdbc.datasource.DataSourceUtils.doGetConnection(DataSourceUtils.java:117) ~[spring-jdbc-5.3.25.jar:5.3.25]
	at org.springframework.jdbc.datasource.DataSourceUtils.getConnection(DataSourceUtils.java:80) ~[spring-jdbc-5.3.25.jar:5.3.25]
	at org.mybatis.spring.transaction.SpringManagedTransaction.openConnection(SpringManagedTransaction.java:80) ~[mybatis-spring-2.1.0.jar:2.1.0]
	at org.mybatis.spring.transaction.SpringManagedTransaction.getConnection(SpringManagedTransaction.java:67) ~[mybatis-spring-2.1.0.jar:2.1.0]
	at org.apache.ibatis.executor.BaseExecutor.getConnection(BaseExecutor.java:337) ~[mybatis-3.5.11.jar:3.5.11]
	at org.apache.ibatis.executor.SimpleExecutor.prepareStatement(SimpleExecutor.java:86) ~[mybatis-3.5.11.jar:3.5.11]
	at org.apache.ibatis.executor.SimpleExecutor.doQuery(SimpleExecutor.java:62) ~[mybatis-3.5.11.jar:3.5.11]
	at org.apache.ibatis.executor.BaseExecutor.queryFromDatabase(BaseExecutor.java:325) ~[mybatis-3.5.11.jar:3.5.11]
	at org.apache.ibatis.executor.BaseExecutor.query(BaseExecutor.java:156) ~[mybatis-3.5.11.jar:3.5.11]
	at org.apache.ibatis.executor.CachingExecutor.query(CachingExecutor.java:109) ~[mybatis-3.5.11.jar:3.5.11]
	at com.github.pagehelper.PageInterceptor.intercept(PageInterceptor.java:151) ~[pagehelper-5.3.2.jar:?]
	at org.apache.ibatis.plugin.Plugin.invoke(Plugin.java:62) ~[mybatis-3.5.11.jar:3.5.11]
	at jdk.proxy2.$Proxy131.query(Unknown Source) ~[?:?]
	at org.apache.ibatis.session.defaults.DefaultSqlSession.selectList(DefaultSqlSession.java:151) ~[mybatis-3.5.11.jar:3.5.11]
	at org.apache.ibatis.session.defaults.DefaultSqlSession.selectList(DefaultSqlSession.java:145) ~[mybatis-3.5.11.jar:3.5.11]
	at org.apache.ibatis.session.defaults.DefaultSqlSession.selectList(DefaultSqlSession.java:140) ~[mybatis-3.5.11.jar:3.5.11]
	at jdk.internal.reflect.NativeMethodAccessorImpl.invoke0(Native Method) ~[?:?]
	at jdk.internal.reflect.NativeMethodAccessorImpl.invoke(NativeMethodAccessorImpl.java:77) ~[?:?]
	at jdk.internal.reflect.DelegatingMethodAccessorImpl.invoke(DelegatingMethodAccessorImpl.java:43) ~[?:?]
	at java.lang.reflect.Method.invoke(Method.java:568) ~[?:?]
	at org.mybatis.spring.SqlSessionTemplate$SqlSessionInterceptor.invoke(SqlSessionTemplate.java:425) ~[mybatis-spring-2.1.0.jar:2.1.0]
	at jdk.proxy2.$Proxy92.selectList(Unknown Source) ~[?:?]
	at org.mybatis.spring.SqlSessionTemplate.selectList(SqlSessionTemplate.java:224) ~[mybatis-spring-2.1.0.jar:2.1.0]
	at org.apache.ibatis.binding.MapperMethod.executeForMany(MapperMethod.java:147) ~[mybatis-3.5.11.jar:3.5.11]
	at org.apache.ibatis.binding.MapperMethod.execute(MapperMethod.java:80) ~[mybatis-3.5.11.jar:3.5.11]
	at org.apache.ibatis.binding.MapperProxy$PlainMethodInvoker.invoke(MapperProxy.java:145) ~[mybatis-3.5.11.jar:3.5.11]
	at org.apache.ibatis.binding.MapperProxy.invoke(MapperProxy.java:86) ~[mybatis-3.5.11.jar:3.5.11]
	at jdk.proxy3.$Proxy102.getBooksBySubject(Unknown Source) ~[?:?]
	at ma.com.serviceImp.BookServiceImpl.getBooksBySubject(BookServiceImpl.java:29) ~[classes/:?]
	at ma.com.controller.BookController.getBooksBySubject(BookController.java:44) ~[classes/:?]
	at ma.com.controller.BookController$$FastClassBySpringCGLIB$$5ea98b10.invoke(<generated>) ~[classes/:?]
	at org.springframework.cglib.proxy.MethodProxy.invoke(MethodProxy.java:218) ~[spring-core-5.3.25.jar:5.3.25]
	at org.springframework.aop.framework.CglibAopProxy$CglibMethodInvocation.invokeJoinpoint(CglibAopProxy.java:793) ~[spring-aop-5.3.25.jar:5.3.25]
	at org.springframework.aop.framework.ReflectiveMethodInvocation.proceed(ReflectiveMethodInvocation.java:163) ~[spring-aop-5.3.25.jar:5.3.25]
	at org.springframework.aop.framework.CglibAopProxy$CglibMethodInvocation.proceed(CglibAopProxy.java:763) ~[spring-aop-5.3.25.jar:5.3.25]
	at org.springframework.aop.framework.adapter.AfterReturningAdviceInterceptor.invoke(AfterReturningAdviceInterceptor.java:57) ~[spring-aop-5.3.25.jar:5.3.25]
	at org.springframework.aop.framework.ReflectiveMethodInvocation.proceed(ReflectiveMethodInvocation.java:175) ~[spring-aop-5.3.25.jar:5.3.25]
	at org.springframework.aop.framework.CglibAopProxy$CglibMethodInvocation.proceed(CglibAopProxy.java:763) ~[spring-aop-5.3.25.jar:5.3.25]
	at org.springframework.aop.interceptor.ExposeInvocationInterceptor.invoke(ExposeInvocationInterceptor.java:97) ~[spring-aop-5.3.25.jar:5.3.25]
	at org.springframework.aop.framework.ReflectiveMethodInvocation.proceed(ReflectiveMethodInvocation.java:186) ~[spring-aop-5.3.25.jar:5.3.25]
	at org.springframework.aop.framework.CglibAopProxy$CglibMethodInvocation.proceed(CglibAopProxy.java:763) ~[spring-aop-5.3.25.jar:5.3.25]
	at org.springframework.aop.framework.CglibAopProxy$DynamicAdvisedInterceptor.intercept(CglibAopProxy.java:708) ~[spring-aop-5.3.25.jar:5.3.25]
	at ma.com.controller.BookController$$EnhancerBySpringCGLIB$$b64ee658.getBooksBySubject(<generated>) ~[classes/:?]
	at jdk.internal.reflect.NativeMethodAccessorImpl.invoke0(Native Method) ~[?:?]
	at jdk.internal.reflect.NativeMethodAccessorImpl.invoke(NativeMethodAccessorImpl.java:77) ~[?:?]
	at jdk.internal.reflect.DelegatingMethodAccessorImpl.invoke(DelegatingMethodAccessorImpl.java:43) ~[?:?]
	at java.lang.reflect.Method.invoke(Method.java:568) ~[?:?]
	at org.springframework.web.method.support.InvocableHandlerMethod.doInvoke(InvocableHandlerMethod.java:205) ~[spring-web-5.3.25.jar:5.3.25]
	at org.springframework.web.method.support.InvocableHandlerMethod.invokeForRequest(InvocableHandlerMethod.java:150) ~[spring-web-5.3.25.jar:5.3.25]
	at org.springframework.web.servlet.mvc.method.annotation.ServletInvocableHandlerMethod.invokeAndHandle(ServletInvocableHandlerMethod.java:117) ~[spring-webmvc-5.3.25.jar:5.3.25]
	at org.springframework.web.servlet.mvc.method.annotation.RequestMappingHandlerAdapter.invokeHandlerMethod(RequestMappingHandlerAdapter.java:895) ~[spring-webmvc-5.3.25.jar:5.3.25]
	at org.springframework.web.servlet.mvc.method.annotation.RequestMappingHandlerAdapter.handleInternal(RequestMappingHandlerAdapter.java:808) ~[spring-webmvc-5.3.25.jar:5.3.25]
	at org.springframework.web.servlet.mvc.method.AbstractHandlerMethodAdapter.handle(AbstractHandlerMethodAdapter.java:87) ~[spring-webmvc-5.3.25.jar:5.3.25]
	at org.springframework.web.servlet.DispatcherServlet.doDispatch(DispatcherServlet.java:1071) ~[spring-webmvc-5.3.25.jar:5.3.25]
	at org.springframework.web.servlet.DispatcherServlet.doService(DispatcherServlet.java:964) ~[spring-webmvc-5.3.25.jar:5.3.25]
	at org.springframework.web.servlet.FrameworkServlet.processRequest(FrameworkServlet.java:1006) ~[spring-webmvc-5.3.25.jar:5.3.25]
	at org.springframework.web.servlet.FrameworkServlet.doGet(FrameworkServlet.java:898) ~[spring-webmvc-5.3.25.jar:5.3.25]
	at javax.servlet.http.HttpServlet.service(HttpServlet.java:670) ~[tomcat-embed-core-9.0.71.jar:4.0.FR]
	at org.springframework.web.servlet.FrameworkServlet.service(FrameworkServlet.java:883) ~[spring-webmvc-5.3.25.jar:5.3.25]
	at javax.servlet.http.HttpServlet.service(HttpServlet.java:779) ~[tomcat-embed-core-9.0.71.jar:4.0.FR]
	at org.apache.catalina.core.ApplicationFilterChain.internalDoFilter(ApplicationFilterChain.java:227) ~[tomcat-embed-core-9.0.71.jar:9.0.71]
	at org.apache.catalina.core.ApplicationFilterChain.doFilter(ApplicationFilterChain.java:162) ~[tomcat-embed-core-9.0.71.jar:9.0.71]
	at org.apache.tomcat.websocket.server.WsFilter.doFilter(WsFilter.java:53) ~[tomcat-embed-websocket-9.0.71.jar:9.0.71]
	at org.apache.catalina.core.ApplicationFilterChain.internalDoFilter(ApplicationFilterChain.java:189) ~[tomcat-embed-core-9.0.71.jar:9.0.71]
	at org.apache.catalina.core.ApplicationFilterChain.doFilter(ApplicationFilterChain.java:162) ~[tomcat-embed-core-9.0.71.jar:9.0.71]
	at org.springframework.web.filter.RequestContextFilter.doFilterInternal(RequestContextFilter.java:100) ~[spring-web-5.3.25.jar:5.3.25]
	at org.springframework.web.filter.OncePerRequestFilter.doFilter(OncePerRequestFilter.java:117) ~[spring-web-5.3.25.jar:5.3.25]
	at org.apache.catalina.core.ApplicationFilterChain.internalDoFilter(ApplicationFilterChain.java:189) ~[tomcat-embed-core-9.0.71.jar:9.0.71]
	at org.apache.catalina.core.ApplicationFilterChain.doFilter(ApplicationFilterChain.java:162) ~[tomcat-embed-core-9.0.71.jar:9.0.71]
	at org.springframework.web.filter.FormContentFilter.doFilterInternal(FormContentFilter.java:93) ~[spring-web-5.3.25.jar:5.3.25]
	at org.springframework.web.filter.OncePerRequestFilter.doFilter(OncePerRequestFilter.java:117) ~[spring-web-5.3.25.jar:5.3.25]
	at org.apache.catalina.core.ApplicationFilterChain.internalDoFilter(ApplicationFilterChain.java:189) ~[tomcat-embed-core-9.0.71.jar:9.0.71]
	at org.apache.catalina.core.ApplicationFilterChain.doFilter(ApplicationFilterChain.java:162) ~[tomcat-embed-core-9.0.71.jar:9.0.71]
	at org.springframework.web.filter.CharacterEncodingFilter.doFilterInternal(CharacterEncodingFilter.java:201) ~[spring-web-5.3.25.jar:5.3.25]
	at org.springframework.web.filter.OncePerRequestFilter.doFilter(OncePerRequestFilter.java:117) ~[spring-web-5.3.25.jar:5.3.25]
	at org.apache.catalina.core.ApplicationFilterChain.internalDoFilter(ApplicationFilterChain.java:189) ~[tomcat-embed-core-9.0.71.jar:9.0.71]
	at org.apache.catalina.core.ApplicationFilterChain.doFilter(ApplicationFilterChain.java:162) ~[tomcat-embed-core-9.0.71.jar:9.0.71]
	at org.apache.catalina.core.StandardWrapperValve.invoke(StandardWrapperValve.java:177) ~[tomcat-embed-core-9.0.71.jar:9.0.71]
	at org.apache.catalina.core.StandardContextValve.invoke(StandardContextValve.java:97) ~[tomcat-embed-core-9.0.71.jar:9.0.71]
	at org.apache.catalina.authenticator.AuthenticatorBase.invoke(AuthenticatorBase.java:541) ~[tomcat-embed-core-9.0.71.jar:9.0.71]
	at org.apache.catalina.core.StandardHostValve.invoke(StandardHostValve.java:135) ~[tomcat-embed-core-9.0.71.jar:9.0.71]
	at org.apache.catalina.valves.ErrorReportValve.invoke(ErrorReportValve.java:92) ~[tomcat-embed-core-9.0.71.jar:9.0.71]
	at org.apache.catalina.core.StandardEngineValve.invoke(StandardEngineValve.java:78) ~[tomcat-embed-core-9.0.71.jar:9.0.71]
	at org.apache.catalina.connector.CoyoteAdapter.service(CoyoteAdapter.java:360) ~[tomcat-embed-core-9.0.71.jar:9.0.71]
	at org.apache.coyote.http11.Http11Processor.service(Http11Processor.java:399) ~[tomcat-embed-core-9.0.71.jar:9.0.71]
	at org.apache.coyote.AbstractProcessorLight.process(AbstractProcessorLight.java:65) ~[tomcat-embed-core-9.0.71.jar:9.0.71]
	at org.apache.coyote.AbstractProtocol$ConnectionHandler.process(AbstractProtocol.java:891) ~[tomcat-embed-core-9.0.71.jar:9.0.71]
	at org.apache.tomcat.util.net.NioEndpoint$SocketProcessor.doRun(NioEndpoint.java:1784) ~[tomcat-embed-core-9.0.71.jar:9.0.71]
	at org.apache.tomcat.util.net.SocketProcessorBase.run(SocketProcessorBase.java:49) ~[tomcat-embed-core-9.0.71.jar:9.0.71]
	at org.apache.tomcat.util.threads.ThreadPoolExecutor.runWorker(ThreadPoolExecutor.java:1191) ~[tomcat-embed-core-9.0.71.jar:9.0.71]
	at org.apache.tomcat.util.threads.ThreadPoolExecutor$Worker.run(ThreadPoolExecutor.java:659) ~[tomcat-embed-core-9.0.71.jar:9.0.71]
	at org.apache.tomcat.util.threads.TaskThread$WrappingRunnable.run(TaskThread.java:61) ~[tomcat-embed-core-9.0.71.jar:9.0.71]
	at java.lang.Thread.run(Thread.java:840) ~[?:?]
[2025-03-27 09:45:26:244] [ERROR] - org.apache.juli.logging.DirectJDKLog.log(DirectJDKLog.java:175) - Servlet.service() for servlet [dispatcherServlet] in context with path [] threw exception [Request processing failed; nested exception is org.mybatis.spring.MyBatisSystemException: nested exception is org.apache.ibatis.exceptions.PersistenceException: 
### Error querying database.  Cause: org.springframework.jdbc.CannotGetJdbcConnectionException: Failed to obtain JDBC Connection; nested exception is java.sql.SQLException: Access denied for user 'root'@'localhost' (using password: YES)
### The error may exist in file [E:\computer2\computer1\ifly\target\classes\mapper\BookMapper.xml]
### The error may involve ma.com.mapper.BookMapper.getBooksBySubject
### The error occurred while executing a query
### Cause: org.springframework.jdbc.CannotGetJdbcConnectionException: Failed to obtain JDBC Connection; nested exception is java.sql.SQLException: Access denied for user 'root'@'localhost' (using password: YES)] with root cause
java.sql.SQLException: Access denied for user 'root'@'localhost' (using password: YES)
	at com.mysql.jdbc.SQLError.createSQLException(SQLError.java:965) ~[mysql-connector-java-5.1.49.jar:5.1.49]
	at com.mysql.jdbc.MysqlIO.checkErrorPacket(MysqlIO.java:3933) ~[mysql-connector-java-5.1.49.jar:5.1.49]
	at com.mysql.jdbc.MysqlIO.checkErrorPacket(MysqlIO.java:3869) ~[mysql-connector-java-5.1.49.jar:5.1.49]
	at com.mysql.jdbc.MysqlIO.checkErrorPacket(MysqlIO.java:864) ~[mysql-connector-java-5.1.49.jar:5.1.49]
	at com.mysql.jdbc.MysqlIO.proceedHandshakeWithPluggableAuthentication(MysqlIO.java:1707) ~[mysql-connector-java-5.1.49.jar:5.1.49]
	at com.mysql.jdbc.MysqlIO.doHandshake(MysqlIO.java:1217) ~[mysql-connector-java-5.1.49.jar:5.1.49]
	at com.mysql.jdbc.ConnectionImpl.coreConnect(ConnectionImpl.java:2189) ~[mysql-connector-java-5.1.49.jar:5.1.49]
	at com.mysql.jdbc.ConnectionImpl.connectOneTryOnly(ConnectionImpl.java:2220) ~[mysql-connector-java-5.1.49.jar:5.1.49]
	at com.mysql.jdbc.ConnectionImpl.createNewIO(ConnectionImpl.java:2015) ~[mysql-connector-java-5.1.49.jar:5.1.49]
	at com.mysql.jdbc.ConnectionImpl.<init>(ConnectionImpl.java:768) ~[mysql-connector-java-5.1.49.jar:5.1.49]
	at com.mysql.jdbc.JDBC4Connection.<init>(JDBC4Connection.java:47) ~[mysql-connector-java-5.1.49.jar:5.1.49]
	at jdk.internal.reflect.NativeConstructorAccessorImpl.newInstance0(Native Method) ~[?:?]
	at jdk.internal.reflect.NativeConstructorAccessorImpl.newInstance(NativeConstructorAccessorImpl.java:77) ~[?:?]
	at jdk.internal.reflect.DelegatingConstructorAccessorImpl.newInstance(DelegatingConstructorAccessorImpl.java:45) ~[?:?]
	at java.lang.reflect.Constructor.newInstanceWithCaller(Constructor.java:499) ~[?:?]
	at java.lang.reflect.Constructor.newInstance(Constructor.java:480) ~[?:?]
	at com.mysql.jdbc.Util.handleNewInstance(Util.java:403) ~[mysql-connector-java-5.1.49.jar:5.1.49]
	at com.mysql.jdbc.ConnectionImpl.getInstance(ConnectionImpl.java:385) ~[mysql-connector-java-5.1.49.jar:5.1.49]
	at com.mysql.jdbc.NonRegisteringDriver.connect(NonRegisteringDriver.java:323) ~[mysql-connector-java-5.1.49.jar:5.1.49]
	at com.zaxxer.hikari.util.DriverDataSource.getConnection(DriverDataSource.java:138) ~[HikariCP-4.0.3.jar:?]
	at com.zaxxer.hikari.pool.PoolBase.newConnection(PoolBase.java:364) ~[HikariCP-4.0.3.jar:?]
	at com.zaxxer.hikari.pool.PoolBase.newPoolEntry(PoolBase.java:206) ~[HikariCP-4.0.3.jar:?]
	at com.zaxxer.hikari.pool.HikariPool.createPoolEntry(HikariPool.java:476) ~[HikariCP-4.0.3.jar:?]
	at com.zaxxer.hikari.pool.HikariPool.checkFailFast(HikariPool.java:561) ~[HikariCP-4.0.3.jar:?]
	at com.zaxxer.hikari.pool.HikariPool.<init>(HikariPool.java:115) ~[HikariCP-4.0.3.jar:?]
	at com.zaxxer.hikari.HikariDataSource.getConnection(HikariDataSource.java:112) ~[HikariCP-4.0.3.jar:?]
	at org.springframework.jdbc.datasource.DataSourceUtils.fetchConnection(DataSourceUtils.java:159) ~[spring-jdbc-5.3.25.jar:5.3.25]
	at org.springframework.jdbc.datasource.DataSourceUtils.doGetConnection(DataSourceUtils.java:117) ~[spring-jdbc-5.3.25.jar:5.3.25]
	at org.springframework.jdbc.datasource.DataSourceUtils.getConnection(DataSourceUtils.java:80) ~[spring-jdbc-5.3.25.jar:5.3.25]
	at org.mybatis.spring.transaction.SpringManagedTransaction.openConnection(SpringManagedTransaction.java:80) ~[mybatis-spring-2.1.0.jar:2.1.0]
	at org.mybatis.spring.transaction.SpringManagedTransaction.getConnection(SpringManagedTransaction.java:67) ~[mybatis-spring-2.1.0.jar:2.1.0]
	at org.apache.ibatis.executor.BaseExecutor.getConnection(BaseExecutor.java:337) ~[mybatis-3.5.11.jar:3.5.11]
	at org.apache.ibatis.executor.SimpleExecutor.prepareStatement(SimpleExecutor.java:86) ~[mybatis-3.5.11.jar:3.5.11]
	at org.apache.ibatis.executor.SimpleExecutor.doQuery(SimpleExecutor.java:62) ~[mybatis-3.5.11.jar:3.5.11]
	at org.apache.ibatis.executor.BaseExecutor.queryFromDatabase(BaseExecutor.java:325) ~[mybatis-3.5.11.jar:3.5.11]
	at org.apache.ibatis.executor.BaseExecutor.query(BaseExecutor.java:156) ~[mybatis-3.5.11.jar:3.5.11]
	at org.apache.ibatis.executor.CachingExecutor.query(CachingExecutor.java:109) ~[mybatis-3.5.11.jar:3.5.11]
	at com.github.pagehelper.PageInterceptor.intercept(PageInterceptor.java:151) ~[pagehelper-5.3.2.jar:?]
	at org.apache.ibatis.plugin.Plugin.invoke(Plugin.java:62) ~[mybatis-3.5.11.jar:3.5.11]
	at jdk.proxy2.$Proxy131.query(Unknown Source) ~[?:?]
	at org.apache.ibatis.session.defaults.DefaultSqlSession.selectList(DefaultSqlSession.java:151) ~[mybatis-3.5.11.jar:3.5.11]
	at org.apache.ibatis.session.defaults.DefaultSqlSession.selectList(DefaultSqlSession.java:145) ~[mybatis-3.5.11.jar:3.5.11]
	at org.apache.ibatis.session.defaults.DefaultSqlSession.selectList(DefaultSqlSession.java:140) ~[mybatis-3.5.11.jar:3.5.11]
	at jdk.internal.reflect.NativeMethodAccessorImpl.invoke0(Native Method) ~[?:?]
	at jdk.internal.reflect.NativeMethodAccessorImpl.invoke(NativeMethodAccessorImpl.java:77) ~[?:?]
	at jdk.internal.reflect.DelegatingMethodAccessorImpl.invoke(DelegatingMethodAccessorImpl.java:43) ~[?:?]
	at java.lang.reflect.Method.invoke(Method.java:568) ~[?:?]
	at org.mybatis.spring.SqlSessionTemplate$SqlSessionInterceptor.invoke(SqlSessionTemplate.java:425) ~[mybatis-spring-2.1.0.jar:2.1.0]
	at jdk.proxy2.$Proxy92.selectList(Unknown Source) ~[?:?]
	at org.mybatis.spring.SqlSessionTemplate.selectList(SqlSessionTemplate.java:224) ~[mybatis-spring-2.1.0.jar:2.1.0]
	at org.apache.ibatis.binding.MapperMethod.executeForMany(MapperMethod.java:147) ~[mybatis-3.5.11.jar:3.5.11]
	at org.apache.ibatis.binding.MapperMethod.execute(MapperMethod.java:80) ~[mybatis-3.5.11.jar:3.5.11]
	at org.apache.ibatis.binding.MapperProxy$PlainMethodInvoker.invoke(MapperProxy.java:145) ~[mybatis-3.5.11.jar:3.5.11]
	at org.apache.ibatis.binding.MapperProxy.invoke(MapperProxy.java:86) ~[mybatis-3.5.11.jar:3.5.11]
	at jdk.proxy3.$Proxy102.getBooksBySubject(Unknown Source) ~[?:?]
	at ma.com.serviceImp.BookServiceImpl.getBooksBySubject(BookServiceImpl.java:29) ~[classes/:?]
	at ma.com.controller.BookController.getBooksBySubject(BookController.java:44) ~[classes/:?]
	at ma.com.controller.BookController$$FastClassBySpringCGLIB$$5ea98b10.invoke(<generated>) ~[classes/:?]
	at org.springframework.cglib.proxy.MethodProxy.invoke(MethodProxy.java:218) ~[spring-core-5.3.25.jar:5.3.25]
	at org.springframework.aop.framework.CglibAopProxy$CglibMethodInvocation.invokeJoinpoint(CglibAopProxy.java:793) ~[spring-aop-5.3.25.jar:5.3.25]
	at org.springframework.aop.framework.ReflectiveMethodInvocation.proceed(ReflectiveMethodInvocation.java:163) ~[spring-aop-5.3.25.jar:5.3.25]
	at org.springframework.aop.framework.CglibAopProxy$CglibMethodInvocation.proceed(CglibAopProxy.java:763) ~[spring-aop-5.3.25.jar:5.3.25]
	at org.springframework.aop.framework.adapter.AfterReturningAdviceInterceptor.invoke(AfterReturningAdviceInterceptor.java:57) ~[spring-aop-5.3.25.jar:5.3.25]
	at org.springframework.aop.framework.ReflectiveMethodInvocation.proceed(ReflectiveMethodInvocation.java:175) ~[spring-aop-5.3.25.jar:5.3.25]
	at org.springframework.aop.framework.CglibAopProxy$CglibMethodInvocation.proceed(CglibAopProxy.java:763) ~[spring-aop-5.3.25.jar:5.3.25]
	at org.springframework.aop.interceptor.ExposeInvocationInterceptor.invoke(ExposeInvocationInterceptor.java:97) ~[spring-aop-5.3.25.jar:5.3.25]
	at org.springframework.aop.framework.ReflectiveMethodInvocation.proceed(ReflectiveMethodInvocation.java:186) ~[spring-aop-5.3.25.jar:5.3.25]
	at org.springframework.aop.framework.CglibAopProxy$CglibMethodInvocation.proceed(CglibAopProxy.java:763) ~[spring-aop-5.3.25.jar:5.3.25]
	at org.springframework.aop.framework.CglibAopProxy$DynamicAdvisedInterceptor.intercept(CglibAopProxy.java:708) ~[spring-aop-5.3.25.jar:5.3.25]
	at ma.com.controller.BookController$$EnhancerBySpringCGLIB$$b64ee658.getBooksBySubject(<generated>) ~[classes/:?]
	at jdk.internal.reflect.NativeMethodAccessorImpl.invoke0(Native Method) ~[?:?]
	at jdk.internal.reflect.NativeMethodAccessorImpl.invoke(NativeMethodAccessorImpl.java:77) ~[?:?]
	at jdk.internal.reflect.DelegatingMethodAccessorImpl.invoke(DelegatingMethodAccessorImpl.java:43) ~[?:?]
	at java.lang.reflect.Method.invoke(Method.java:568) ~[?:?]
	at org.springframework.web.method.support.InvocableHandlerMethod.doInvoke(InvocableHandlerMethod.java:205) ~[spring-web-5.3.25.jar:5.3.25]
	at org.springframework.web.method.support.InvocableHandlerMethod.invokeForRequest(InvocableHandlerMethod.java:150) ~[spring-web-5.3.25.jar:5.3.25]
	at org.springframework.web.servlet.mvc.method.annotation.ServletInvocableHandlerMethod.invokeAndHandle(ServletInvocableHandlerMethod.java:117) ~[spring-webmvc-5.3.25.jar:5.3.25]
	at org.springframework.web.servlet.mvc.method.annotation.RequestMappingHandlerAdapter.invokeHandlerMethod(RequestMappingHandlerAdapter.java:895) ~[spring-webmvc-5.3.25.jar:5.3.25]
	at org.springframework.web.servlet.mvc.method.annotation.RequestMappingHandlerAdapter.handleInternal(RequestMappingHandlerAdapter.java:808) ~[spring-webmvc-5.3.25.jar:5.3.25]
	at org.springframework.web.servlet.mvc.method.AbstractHandlerMethodAdapter.handle(AbstractHandlerMethodAdapter.java:87) ~[spring-webmvc-5.3.25.jar:5.3.25]
	at org.springframework.web.servlet.DispatcherServlet.doDispatch(DispatcherServlet.java:1071) ~[spring-webmvc-5.3.25.jar:5.3.25]
	at org.springframework.web.servlet.DispatcherServlet.doService(DispatcherServlet.java:964) ~[spring-webmvc-5.3.25.jar:5.3.25]
	at org.springframework.web.servlet.FrameworkServlet.processRequest(FrameworkServlet.java:1006) ~[spring-webmvc-5.3.25.jar:5.3.25]
	at org.springframework.web.servlet.FrameworkServlet.doGet(FrameworkServlet.java:898) ~[spring-webmvc-5.3.25.jar:5.3.25]
	at javax.servlet.http.HttpServlet.service(HttpServlet.java:670) ~[tomcat-embed-core-9.0.71.jar:4.0.FR]
	at org.springframework.web.servlet.FrameworkServlet.service(FrameworkServlet.java:883) ~[spring-webmvc-5.3.25.jar:5.3.25]
	at javax.servlet.http.HttpServlet.service(HttpServlet.java:779) ~[tomcat-embed-core-9.0.71.jar:4.0.FR]
	at org.apache.catalina.core.ApplicationFilterChain.internalDoFilter(ApplicationFilterChain.java:227) ~[tomcat-embed-core-9.0.71.jar:9.0.71]
	at org.apache.catalina.core.ApplicationFilterChain.doFilter(ApplicationFilterChain.java:162) ~[tomcat-embed-core-9.0.71.jar:9.0.71]
	at org.apache.tomcat.websocket.server.WsFilter.doFilter(WsFilter.java:53) ~[tomcat-embed-websocket-9.0.71.jar:9.0.71]
	at org.apache.catalina.core.ApplicationFilterChain.internalDoFilter(ApplicationFilterChain.java:189) ~[tomcat-embed-core-9.0.71.jar:9.0.71]
	at org.apache.catalina.core.ApplicationFilterChain.doFilter(ApplicationFilterChain.java:162) ~[tomcat-embed-core-9.0.71.jar:9.0.71]
	at org.springframework.web.filter.RequestContextFilter.doFilterInternal(RequestContextFilter.java:100) ~[spring-web-5.3.25.jar:5.3.25]
	at org.springframework.web.filter.OncePerRequestFilter.doFilter(OncePerRequestFilter.java:117) ~[spring-web-5.3.25.jar:5.3.25]
	at org.apache.catalina.core.ApplicationFilterChain.internalDoFilter(ApplicationFilterChain.java:189) ~[tomcat-embed-core-9.0.71.jar:9.0.71]
	at org.apache.catalina.core.ApplicationFilterChain.doFilter(ApplicationFilterChain.java:162) ~[tomcat-embed-core-9.0.71.jar:9.0.71]
	at org.springframework.web.filter.FormContentFilter.doFilterInternal(FormContentFilter.java:93) ~[spring-web-5.3.25.jar:5.3.25]
	at org.springframework.web.filter.OncePerRequestFilter.doFilter(OncePerRequestFilter.java:117) ~[spring-web-5.3.25.jar:5.3.25]
	at org.apache.catalina.core.ApplicationFilterChain.internalDoFilter(ApplicationFilterChain.java:189) ~[tomcat-embed-core-9.0.71.jar:9.0.71]
	at org.apache.catalina.core.ApplicationFilterChain.doFilter(ApplicationFilterChain.java:162) ~[tomcat-embed-core-9.0.71.jar:9.0.71]
	at org.springframework.web.filter.CharacterEncodingFilter.doFilterInternal(CharacterEncodingFilter.java:201) ~[spring-web-5.3.25.jar:5.3.25]
	at org.springframework.web.filter.OncePerRequestFilter.doFilter(OncePerRequestFilter.java:117) ~[spring-web-5.3.25.jar:5.3.25]
	at org.apache.catalina.core.ApplicationFilterChain.internalDoFilter(ApplicationFilterChain.java:189) ~[tomcat-embed-core-9.0.71.jar:9.0.71]
	at org.apache.catalina.core.ApplicationFilterChain.doFilter(ApplicationFilterChain.java:162) ~[tomcat-embed-core-9.0.71.jar:9.0.71]
	at org.apache.catalina.core.StandardWrapperValve.invoke(StandardWrapperValve.java:177) ~[tomcat-embed-core-9.0.71.jar:9.0.71]
	at org.apache.catalina.core.StandardContextValve.invoke(StandardContextValve.java:97) ~[tomcat-embed-core-9.0.71.jar:9.0.71]
	at org.apache.catalina.authenticator.AuthenticatorBase.invoke(AuthenticatorBase.java:541) ~[tomcat-embed-core-9.0.71.jar:9.0.71]
	at org.apache.catalina.core.StandardHostValve.invoke(StandardHostValve.java:135) ~[tomcat-embed-core-9.0.71.jar:9.0.71]
	at org.apache.catalina.valves.ErrorReportValve.invoke(ErrorReportValve.java:92) ~[tomcat-embed-core-9.0.71.jar:9.0.71]
	at org.apache.catalina.core.StandardEngineValve.invoke(StandardEngineValve.java:78) ~[tomcat-embed-core-9.0.71.jar:9.0.71]
	at org.apache.catalina.connector.CoyoteAdapter.service(CoyoteAdapter.java:360) ~[tomcat-embed-core-9.0.71.jar:9.0.71]
	at org.apache.coyote.http11.Http11Processor.service(Http11Processor.java:399) ~[tomcat-embed-core-9.0.71.jar:9.0.71]
	at org.apache.coyote.AbstractProcessorLight.process(AbstractProcessorLight.java:65) ~[tomcat-embed-core-9.0.71.jar:9.0.71]
	at org.apache.coyote.AbstractProtocol$ConnectionHandler.process(AbstractProtocol.java:891) ~[tomcat-embed-core-9.0.71.jar:9.0.71]
	at org.apache.tomcat.util.net.NioEndpoint$SocketProcessor.doRun(NioEndpoint.java:1784) ~[tomcat-embed-core-9.0.71.jar:9.0.71]
	at org.apache.tomcat.util.net.SocketProcessorBase.run(SocketProcessorBase.java:49) ~[tomcat-embed-core-9.0.71.jar:9.0.71]
	at org.apache.tomcat.util.threads.ThreadPoolExecutor.runWorker(ThreadPoolExecutor.java:1191) ~[tomcat-embed-core-9.0.71.jar:9.0.71]
	at org.apache.tomcat.util.threads.ThreadPoolExecutor$Worker.run(ThreadPoolExecutor.java:659) ~[tomcat-embed-core-9.0.71.jar:9.0.71]
	at org.apache.tomcat.util.threads.TaskThread$WrappingRunnable.run(TaskThread.java:61) ~[tomcat-embed-core-9.0.71.jar:9.0.71]
	at java.lang.Thread.run(Thread.java:840) ~[?:?]
[2025-03-27 09:45:37:875] [ERROR] - com.zaxxer.hikari.pool.HikariPool.throwPoolInitializationException(HikariPool.java:594) - HikariPool-1 - Exception during pool initialization.
java.sql.SQLException: Access denied for user 'root'@'localhost' (using password: YES)
	at com.mysql.jdbc.SQLError.createSQLException(SQLError.java:965) ~[mysql-connector-java-5.1.49.jar:5.1.49]
	at com.mysql.jdbc.MysqlIO.checkErrorPacket(MysqlIO.java:3933) ~[mysql-connector-java-5.1.49.jar:5.1.49]
	at com.mysql.jdbc.MysqlIO.checkErrorPacket(MysqlIO.java:3869) ~[mysql-connector-java-5.1.49.jar:5.1.49]
	at com.mysql.jdbc.MysqlIO.checkErrorPacket(MysqlIO.java:864) ~[mysql-connector-java-5.1.49.jar:5.1.49]
	at com.mysql.jdbc.MysqlIO.proceedHandshakeWithPluggableAuthentication(MysqlIO.java:1707) ~[mysql-connector-java-5.1.49.jar:5.1.49]
	at com.mysql.jdbc.MysqlIO.doHandshake(MysqlIO.java:1217) ~[mysql-connector-java-5.1.49.jar:5.1.49]
	at com.mysql.jdbc.ConnectionImpl.coreConnect(ConnectionImpl.java:2189) ~[mysql-connector-java-5.1.49.jar:5.1.49]
	at com.mysql.jdbc.ConnectionImpl.connectOneTryOnly(ConnectionImpl.java:2220) ~[mysql-connector-java-5.1.49.jar:5.1.49]
	at com.mysql.jdbc.ConnectionImpl.createNewIO(ConnectionImpl.java:2015) ~[mysql-connector-java-5.1.49.jar:5.1.49]
	at com.mysql.jdbc.ConnectionImpl.<init>(ConnectionImpl.java:768) ~[mysql-connector-java-5.1.49.jar:5.1.49]
	at com.mysql.jdbc.JDBC4Connection.<init>(JDBC4Connection.java:47) ~[mysql-connector-java-5.1.49.jar:5.1.49]
	at jdk.internal.reflect.NativeConstructorAccessorImpl.newInstance0(Native Method) ~[?:?]
	at jdk.internal.reflect.NativeConstructorAccessorImpl.newInstance(NativeConstructorAccessorImpl.java:77) ~[?:?]
	at jdk.internal.reflect.DelegatingConstructorAccessorImpl.newInstance(DelegatingConstructorAccessorImpl.java:45) ~[?:?]
	at java.lang.reflect.Constructor.newInstanceWithCaller(Constructor.java:499) ~[?:?]
	at java.lang.reflect.Constructor.newInstance(Constructor.java:480) ~[?:?]
	at com.mysql.jdbc.Util.handleNewInstance(Util.java:403) ~[mysql-connector-java-5.1.49.jar:5.1.49]
	at com.mysql.jdbc.ConnectionImpl.getInstance(ConnectionImpl.java:385) ~[mysql-connector-java-5.1.49.jar:5.1.49]
	at com.mysql.jdbc.NonRegisteringDriver.connect(NonRegisteringDriver.java:323) ~[mysql-connector-java-5.1.49.jar:5.1.49]
	at com.zaxxer.hikari.util.DriverDataSource.getConnection(DriverDataSource.java:138) ~[HikariCP-4.0.3.jar:?]
	at com.zaxxer.hikari.pool.PoolBase.newConnection(PoolBase.java:364) ~[HikariCP-4.0.3.jar:?]
	at com.zaxxer.hikari.pool.PoolBase.newPoolEntry(PoolBase.java:206) ~[HikariCP-4.0.3.jar:?]
	at com.zaxxer.hikari.pool.HikariPool.createPoolEntry(HikariPool.java:476) ~[HikariCP-4.0.3.jar:?]
	at com.zaxxer.hikari.pool.HikariPool.checkFailFast(HikariPool.java:561) ~[HikariCP-4.0.3.jar:?]
	at com.zaxxer.hikari.pool.HikariPool.<init>(HikariPool.java:115) ~[HikariCP-4.0.3.jar:?]
	at com.zaxxer.hikari.HikariDataSource.getConnection(HikariDataSource.java:112) ~[HikariCP-4.0.3.jar:?]
	at org.springframework.jdbc.datasource.DataSourceUtils.fetchConnection(DataSourceUtils.java:159) ~[spring-jdbc-5.3.25.jar:5.3.25]
	at org.springframework.jdbc.datasource.DataSourceUtils.doGetConnection(DataSourceUtils.java:117) ~[spring-jdbc-5.3.25.jar:5.3.25]
	at org.springframework.jdbc.datasource.DataSourceUtils.getConnection(DataSourceUtils.java:80) ~[spring-jdbc-5.3.25.jar:5.3.25]
	at org.mybatis.spring.transaction.SpringManagedTransaction.openConnection(SpringManagedTransaction.java:80) ~[mybatis-spring-2.1.0.jar:2.1.0]
	at org.mybatis.spring.transaction.SpringManagedTransaction.getConnection(SpringManagedTransaction.java:67) ~[mybatis-spring-2.1.0.jar:2.1.0]
	at org.apache.ibatis.executor.BaseExecutor.getConnection(BaseExecutor.java:337) ~[mybatis-3.5.11.jar:3.5.11]
	at org.apache.ibatis.executor.SimpleExecutor.prepareStatement(SimpleExecutor.java:86) ~[mybatis-3.5.11.jar:3.5.11]
	at org.apache.ibatis.executor.SimpleExecutor.doQuery(SimpleExecutor.java:62) ~[mybatis-3.5.11.jar:3.5.11]
	at org.apache.ibatis.executor.BaseExecutor.queryFromDatabase(BaseExecutor.java:325) ~[mybatis-3.5.11.jar:3.5.11]
	at org.apache.ibatis.executor.BaseExecutor.query(BaseExecutor.java:156) ~[mybatis-3.5.11.jar:3.5.11]
	at org.apache.ibatis.executor.CachingExecutor.query(CachingExecutor.java:109) ~[mybatis-3.5.11.jar:3.5.11]
	at com.github.pagehelper.PageInterceptor.intercept(PageInterceptor.java:151) ~[pagehelper-5.3.2.jar:?]
	at org.apache.ibatis.plugin.Plugin.invoke(Plugin.java:62) ~[mybatis-3.5.11.jar:3.5.11]
	at jdk.proxy2.$Proxy131.query(Unknown Source) ~[?:?]
	at org.apache.ibatis.session.defaults.DefaultSqlSession.selectList(DefaultSqlSession.java:151) ~[mybatis-3.5.11.jar:3.5.11]
	at org.apache.ibatis.session.defaults.DefaultSqlSession.selectList(DefaultSqlSession.java:145) ~[mybatis-3.5.11.jar:3.5.11]
	at org.apache.ibatis.session.defaults.DefaultSqlSession.selectList(DefaultSqlSession.java:140) ~[mybatis-3.5.11.jar:3.5.11]
	at jdk.internal.reflect.NativeMethodAccessorImpl.invoke0(Native Method) ~[?:?]
	at jdk.internal.reflect.NativeMethodAccessorImpl.invoke(NativeMethodAccessorImpl.java:77) ~[?:?]
	at jdk.internal.reflect.DelegatingMethodAccessorImpl.invoke(DelegatingMethodAccessorImpl.java:43) ~[?:?]
	at java.lang.reflect.Method.invoke(Method.java:568) ~[?:?]
	at org.mybatis.spring.SqlSessionTemplate$SqlSessionInterceptor.invoke(SqlSessionTemplate.java:425) ~[mybatis-spring-2.1.0.jar:2.1.0]
	at jdk.proxy2.$Proxy92.selectList(Unknown Source) ~[?:?]
	at org.mybatis.spring.SqlSessionTemplate.selectList(SqlSessionTemplate.java:224) ~[mybatis-spring-2.1.0.jar:2.1.0]
	at org.apache.ibatis.binding.MapperMethod.executeForMany(MapperMethod.java:147) ~[mybatis-3.5.11.jar:3.5.11]
	at org.apache.ibatis.binding.MapperMethod.execute(MapperMethod.java:80) ~[mybatis-3.5.11.jar:3.5.11]
	at org.apache.ibatis.binding.MapperProxy$PlainMethodInvoker.invoke(MapperProxy.java:145) ~[mybatis-3.5.11.jar:3.5.11]
	at org.apache.ibatis.binding.MapperProxy.invoke(MapperProxy.java:86) ~[mybatis-3.5.11.jar:3.5.11]
	at jdk.proxy3.$Proxy110.getUserList(Unknown Source) ~[?:?]
	at ma.com.serviceImp.UserServiceImp.getAllUser(UserServiceImp.java:19) ~[classes/:?]
	at ma.com.controller.UserController.getAllUser(UserController.java:103) ~[classes/:?]
	at jdk.internal.reflect.NativeMethodAccessorImpl.invoke0(Native Method) ~[?:?]
	at jdk.internal.reflect.NativeMethodAccessorImpl.invoke(NativeMethodAccessorImpl.java:77) ~[?:?]
	at jdk.internal.reflect.DelegatingMethodAccessorImpl.invoke(DelegatingMethodAccessorImpl.java:43) ~[?:?]
	at java.lang.reflect.Method.invoke(Method.java:568) ~[?:?]
	at org.springframework.web.method.support.InvocableHandlerMethod.doInvoke(InvocableHandlerMethod.java:205) ~[spring-web-5.3.25.jar:5.3.25]
	at org.springframework.web.method.support.InvocableHandlerMethod.invokeForRequest(InvocableHandlerMethod.java:150) ~[spring-web-5.3.25.jar:5.3.25]
	at org.springframework.web.servlet.mvc.method.annotation.ServletInvocableHandlerMethod.invokeAndHandle(ServletInvocableHandlerMethod.java:117) ~[spring-webmvc-5.3.25.jar:5.3.25]
	at org.springframework.web.servlet.mvc.method.annotation.RequestMappingHandlerAdapter.invokeHandlerMethod(RequestMappingHandlerAdapter.java:895) ~[spring-webmvc-5.3.25.jar:5.3.25]
	at org.springframework.web.servlet.mvc.method.annotation.RequestMappingHandlerAdapter.handleInternal(RequestMappingHandlerAdapter.java:808) ~[spring-webmvc-5.3.25.jar:5.3.25]
	at org.springframework.web.servlet.mvc.method.AbstractHandlerMethodAdapter.handle(AbstractHandlerMethodAdapter.java:87) ~[spring-webmvc-5.3.25.jar:5.3.25]
	at org.springframework.web.servlet.DispatcherServlet.doDispatch(DispatcherServlet.java:1071) ~[spring-webmvc-5.3.25.jar:5.3.25]
	at org.springframework.web.servlet.DispatcherServlet.doService(DispatcherServlet.java:964) ~[spring-webmvc-5.3.25.jar:5.3.25]
	at org.springframework.web.servlet.FrameworkServlet.processRequest(FrameworkServlet.java:1006) ~[spring-webmvc-5.3.25.jar:5.3.25]
	at org.springframework.web.servlet.FrameworkServlet.doGet(FrameworkServlet.java:898) ~[spring-webmvc-5.3.25.jar:5.3.25]
	at javax.servlet.http.HttpServlet.service(HttpServlet.java:670) ~[tomcat-embed-core-9.0.71.jar:4.0.FR]
	at org.springframework.web.servlet.FrameworkServlet.service(FrameworkServlet.java:883) ~[spring-webmvc-5.3.25.jar:5.3.25]
	at javax.servlet.http.HttpServlet.service(HttpServlet.java:779) ~[tomcat-embed-core-9.0.71.jar:4.0.FR]
	at org.apache.catalina.core.ApplicationFilterChain.internalDoFilter(ApplicationFilterChain.java:227) ~[tomcat-embed-core-9.0.71.jar:9.0.71]
	at org.apache.catalina.core.ApplicationFilterChain.doFilter(ApplicationFilterChain.java:162) ~[tomcat-embed-core-9.0.71.jar:9.0.71]
	at org.apache.tomcat.websocket.server.WsFilter.doFilter(WsFilter.java:53) ~[tomcat-embed-websocket-9.0.71.jar:9.0.71]
	at org.apache.catalina.core.ApplicationFilterChain.internalDoFilter(ApplicationFilterChain.java:189) ~[tomcat-embed-core-9.0.71.jar:9.0.71]
	at org.apache.catalina.core.ApplicationFilterChain.doFilter(ApplicationFilterChain.java:162) ~[tomcat-embed-core-9.0.71.jar:9.0.71]
	at org.springframework.web.filter.RequestContextFilter.doFilterInternal(RequestContextFilter.java:100) ~[spring-web-5.3.25.jar:5.3.25]
	at org.springframework.web.filter.OncePerRequestFilter.doFilter(OncePerRequestFilter.java:117) ~[spring-web-5.3.25.jar:5.3.25]
	at org.apache.catalina.core.ApplicationFilterChain.internalDoFilter(ApplicationFilterChain.java:189) ~[tomcat-embed-core-9.0.71.jar:9.0.71]
	at org.apache.catalina.core.ApplicationFilterChain.doFilter(ApplicationFilterChain.java:162) ~[tomcat-embed-core-9.0.71.jar:9.0.71]
	at org.springframework.web.filter.FormContentFilter.doFilterInternal(FormContentFilter.java:93) ~[spring-web-5.3.25.jar:5.3.25]
	at org.springframework.web.filter.OncePerRequestFilter.doFilter(OncePerRequestFilter.java:117) ~[spring-web-5.3.25.jar:5.3.25]
	at org.apache.catalina.core.ApplicationFilterChain.internalDoFilter(ApplicationFilterChain.java:189) ~[tomcat-embed-core-9.0.71.jar:9.0.71]
	at org.apache.catalina.core.ApplicationFilterChain.doFilter(ApplicationFilterChain.java:162) ~[tomcat-embed-core-9.0.71.jar:9.0.71]
	at org.springframework.web.filter.CharacterEncodingFilter.doFilterInternal(CharacterEncodingFilter.java:201) ~[spring-web-5.3.25.jar:5.3.25]
	at org.springframework.web.filter.OncePerRequestFilter.doFilter(OncePerRequestFilter.java:117) ~[spring-web-5.3.25.jar:5.3.25]
	at org.apache.catalina.core.ApplicationFilterChain.internalDoFilter(ApplicationFilterChain.java:189) ~[tomcat-embed-core-9.0.71.jar:9.0.71]
	at org.apache.catalina.core.ApplicationFilterChain.doFilter(ApplicationFilterChain.java:162) ~[tomcat-embed-core-9.0.71.jar:9.0.71]
	at org.apache.catalina.core.StandardWrapperValve.invoke(StandardWrapperValve.java:177) ~[tomcat-embed-core-9.0.71.jar:9.0.71]
	at org.apache.catalina.core.StandardContextValve.invoke(StandardContextValve.java:97) ~[tomcat-embed-core-9.0.71.jar:9.0.71]
	at org.apache.catalina.authenticator.AuthenticatorBase.invoke(AuthenticatorBase.java:541) ~[tomcat-embed-core-9.0.71.jar:9.0.71]
	at org.apache.catalina.core.StandardHostValve.invoke(StandardHostValve.java:135) ~[tomcat-embed-core-9.0.71.jar:9.0.71]
	at org.apache.catalina.valves.ErrorReportValve.invoke(ErrorReportValve.java:92) ~[tomcat-embed-core-9.0.71.jar:9.0.71]
	at org.apache.catalina.core.StandardEngineValve.invoke(StandardEngineValve.java:78) ~[tomcat-embed-core-9.0.71.jar:9.0.71]
	at org.apache.catalina.connector.CoyoteAdapter.service(CoyoteAdapter.java:360) ~[tomcat-embed-core-9.0.71.jar:9.0.71]
	at org.apache.coyote.http11.Http11Processor.service(Http11Processor.java:399) ~[tomcat-embed-core-9.0.71.jar:9.0.71]
	at org.apache.coyote.AbstractProcessorLight.process(AbstractProcessorLight.java:65) ~[tomcat-embed-core-9.0.71.jar:9.0.71]
	at org.apache.coyote.AbstractProtocol$ConnectionHandler.process(AbstractProtocol.java:891) ~[tomcat-embed-core-9.0.71.jar:9.0.71]
	at org.apache.tomcat.util.net.NioEndpoint$SocketProcessor.doRun(NioEndpoint.java:1784) ~[tomcat-embed-core-9.0.71.jar:9.0.71]
	at org.apache.tomcat.util.net.SocketProcessorBase.run(SocketProcessorBase.java:49) ~[tomcat-embed-core-9.0.71.jar:9.0.71]
	at org.apache.tomcat.util.threads.ThreadPoolExecutor.runWorker(ThreadPoolExecutor.java:1191) ~[tomcat-embed-core-9.0.71.jar:9.0.71]
	at org.apache.tomcat.util.threads.ThreadPoolExecutor$Worker.run(ThreadPoolExecutor.java:659) ~[tomcat-embed-core-9.0.71.jar:9.0.71]
	at org.apache.tomcat.util.threads.TaskThread$WrappingRunnable.run(TaskThread.java:61) ~[tomcat-embed-core-9.0.71.jar:9.0.71]
	at java.lang.Thread.run(Thread.java:840) ~[?:?]
[2025-03-27 09:45:37:880] [ERROR] - org.apache.juli.logging.DirectJDKLog.log(DirectJDKLog.java:175) - Servlet.service() for servlet [dispatcherServlet] in context with path [] threw exception [Request processing failed; nested exception is org.mybatis.spring.MyBatisSystemException: nested exception is org.apache.ibatis.exceptions.PersistenceException: 
### Error querying database.  Cause: org.springframework.jdbc.CannotGetJdbcConnectionException: Failed to obtain JDBC Connection; nested exception is java.sql.SQLException: Access denied for user 'root'@'localhost' (using password: YES)
### The error may exist in file [E:\computer2\computer1\ifly\target\classes\mapper\userMapper.xml]
### The error may involve ma.com.mapper.UserMapper.getUserList
### The error occurred while executing a query
### Cause: org.springframework.jdbc.CannotGetJdbcConnectionException: Failed to obtain JDBC Connection; nested exception is java.sql.SQLException: Access denied for user 'root'@'localhost' (using password: YES)] with root cause
java.sql.SQLException: Access denied for user 'root'@'localhost' (using password: YES)
	at com.mysql.jdbc.SQLError.createSQLException(SQLError.java:965) ~[mysql-connector-java-5.1.49.jar:5.1.49]
	at com.mysql.jdbc.MysqlIO.checkErrorPacket(MysqlIO.java:3933) ~[mysql-connector-java-5.1.49.jar:5.1.49]
	at com.mysql.jdbc.MysqlIO.checkErrorPacket(MysqlIO.java:3869) ~[mysql-connector-java-5.1.49.jar:5.1.49]
	at com.mysql.jdbc.MysqlIO.checkErrorPacket(MysqlIO.java:864) ~[mysql-connector-java-5.1.49.jar:5.1.49]
	at com.mysql.jdbc.MysqlIO.proceedHandshakeWithPluggableAuthentication(MysqlIO.java:1707) ~[mysql-connector-java-5.1.49.jar:5.1.49]
	at com.mysql.jdbc.MysqlIO.doHandshake(MysqlIO.java:1217) ~[mysql-connector-java-5.1.49.jar:5.1.49]
	at com.mysql.jdbc.ConnectionImpl.coreConnect(ConnectionImpl.java:2189) ~[mysql-connector-java-5.1.49.jar:5.1.49]
	at com.mysql.jdbc.ConnectionImpl.connectOneTryOnly(ConnectionImpl.java:2220) ~[mysql-connector-java-5.1.49.jar:5.1.49]
	at com.mysql.jdbc.ConnectionImpl.createNewIO(ConnectionImpl.java:2015) ~[mysql-connector-java-5.1.49.jar:5.1.49]
	at com.mysql.jdbc.ConnectionImpl.<init>(ConnectionImpl.java:768) ~[mysql-connector-java-5.1.49.jar:5.1.49]
	at com.mysql.jdbc.JDBC4Connection.<init>(JDBC4Connection.java:47) ~[mysql-connector-java-5.1.49.jar:5.1.49]
	at jdk.internal.reflect.NativeConstructorAccessorImpl.newInstance0(Native Method) ~[?:?]
	at jdk.internal.reflect.NativeConstructorAccessorImpl.newInstance(NativeConstructorAccessorImpl.java:77) ~[?:?]
	at jdk.internal.reflect.DelegatingConstructorAccessorImpl.newInstance(DelegatingConstructorAccessorImpl.java:45) ~[?:?]
	at java.lang.reflect.Constructor.newInstanceWithCaller(Constructor.java:499) ~[?:?]
	at java.lang.reflect.Constructor.newInstance(Constructor.java:480) ~[?:?]
	at com.mysql.jdbc.Util.handleNewInstance(Util.java:403) ~[mysql-connector-java-5.1.49.jar:5.1.49]
	at com.mysql.jdbc.ConnectionImpl.getInstance(ConnectionImpl.java:385) ~[mysql-connector-java-5.1.49.jar:5.1.49]
	at com.mysql.jdbc.NonRegisteringDriver.connect(NonRegisteringDriver.java:323) ~[mysql-connector-java-5.1.49.jar:5.1.49]
	at com.zaxxer.hikari.util.DriverDataSource.getConnection(DriverDataSource.java:138) ~[HikariCP-4.0.3.jar:?]
	at com.zaxxer.hikari.pool.PoolBase.newConnection(PoolBase.java:364) ~[HikariCP-4.0.3.jar:?]
	at com.zaxxer.hikari.pool.PoolBase.newPoolEntry(PoolBase.java:206) ~[HikariCP-4.0.3.jar:?]
	at com.zaxxer.hikari.pool.HikariPool.createPoolEntry(HikariPool.java:476) ~[HikariCP-4.0.3.jar:?]
	at com.zaxxer.hikari.pool.HikariPool.checkFailFast(HikariPool.java:561) ~[HikariCP-4.0.3.jar:?]
	at com.zaxxer.hikari.pool.HikariPool.<init>(HikariPool.java:115) ~[HikariCP-4.0.3.jar:?]
	at com.zaxxer.hikari.HikariDataSource.getConnection(HikariDataSource.java:112) ~[HikariCP-4.0.3.jar:?]
	at org.springframework.jdbc.datasource.DataSourceUtils.fetchConnection(DataSourceUtils.java:159) ~[spring-jdbc-5.3.25.jar:5.3.25]
	at org.springframework.jdbc.datasource.DataSourceUtils.doGetConnection(DataSourceUtils.java:117) ~[spring-jdbc-5.3.25.jar:5.3.25]
	at org.springframework.jdbc.datasource.DataSourceUtils.getConnection(DataSourceUtils.java:80) ~[spring-jdbc-5.3.25.jar:5.3.25]
	at org.mybatis.spring.transaction.SpringManagedTransaction.openConnection(SpringManagedTransaction.java:80) ~[mybatis-spring-2.1.0.jar:2.1.0]
	at org.mybatis.spring.transaction.SpringManagedTransaction.getConnection(SpringManagedTransaction.java:67) ~[mybatis-spring-2.1.0.jar:2.1.0]
	at org.apache.ibatis.executor.BaseExecutor.getConnection(BaseExecutor.java:337) ~[mybatis-3.5.11.jar:3.5.11]
	at org.apache.ibatis.executor.SimpleExecutor.prepareStatement(SimpleExecutor.java:86) ~[mybatis-3.5.11.jar:3.5.11]
	at org.apache.ibatis.executor.SimpleExecutor.doQuery(SimpleExecutor.java:62) ~[mybatis-3.5.11.jar:3.5.11]
	at org.apache.ibatis.executor.BaseExecutor.queryFromDatabase(BaseExecutor.java:325) ~[mybatis-3.5.11.jar:3.5.11]
	at org.apache.ibatis.executor.BaseExecutor.query(BaseExecutor.java:156) ~[mybatis-3.5.11.jar:3.5.11]
	at org.apache.ibatis.executor.CachingExecutor.query(CachingExecutor.java:109) ~[mybatis-3.5.11.jar:3.5.11]
	at com.github.pagehelper.PageInterceptor.intercept(PageInterceptor.java:151) ~[pagehelper-5.3.2.jar:?]
	at org.apache.ibatis.plugin.Plugin.invoke(Plugin.java:62) ~[mybatis-3.5.11.jar:3.5.11]
	at jdk.proxy2.$Proxy131.query(Unknown Source) ~[?:?]
	at org.apache.ibatis.session.defaults.DefaultSqlSession.selectList(DefaultSqlSession.java:151) ~[mybatis-3.5.11.jar:3.5.11]
	at org.apache.ibatis.session.defaults.DefaultSqlSession.selectList(DefaultSqlSession.java:145) ~[mybatis-3.5.11.jar:3.5.11]
	at org.apache.ibatis.session.defaults.DefaultSqlSession.selectList(DefaultSqlSession.java:140) ~[mybatis-3.5.11.jar:3.5.11]
	at jdk.internal.reflect.NativeMethodAccessorImpl.invoke0(Native Method) ~[?:?]
	at jdk.internal.reflect.NativeMethodAccessorImpl.invoke(NativeMethodAccessorImpl.java:77) ~[?:?]
	at jdk.internal.reflect.DelegatingMethodAccessorImpl.invoke(DelegatingMethodAccessorImpl.java:43) ~[?:?]
	at java.lang.reflect.Method.invoke(Method.java:568) ~[?:?]
	at org.mybatis.spring.SqlSessionTemplate$SqlSessionInterceptor.invoke(SqlSessionTemplate.java:425) ~[mybatis-spring-2.1.0.jar:2.1.0]
	at jdk.proxy2.$Proxy92.selectList(Unknown Source) ~[?:?]
	at org.mybatis.spring.SqlSessionTemplate.selectList(SqlSessionTemplate.java:224) ~[mybatis-spring-2.1.0.jar:2.1.0]
	at org.apache.ibatis.binding.MapperMethod.executeForMany(MapperMethod.java:147) ~[mybatis-3.5.11.jar:3.5.11]
	at org.apache.ibatis.binding.MapperMethod.execute(MapperMethod.java:80) ~[mybatis-3.5.11.jar:3.5.11]
	at org.apache.ibatis.binding.MapperProxy$PlainMethodInvoker.invoke(MapperProxy.java:145) ~[mybatis-3.5.11.jar:3.5.11]
	at org.apache.ibatis.binding.MapperProxy.invoke(MapperProxy.java:86) ~[mybatis-3.5.11.jar:3.5.11]
	at jdk.proxy3.$Proxy110.getUserList(Unknown Source) ~[?:?]
	at ma.com.serviceImp.UserServiceImp.getAllUser(UserServiceImp.java:19) ~[classes/:?]
	at ma.com.controller.UserController.getAllUser(UserController.java:103) ~[classes/:?]
	at jdk.internal.reflect.NativeMethodAccessorImpl.invoke0(Native Method) ~[?:?]
	at jdk.internal.reflect.NativeMethodAccessorImpl.invoke(NativeMethodAccessorImpl.java:77) ~[?:?]
	at jdk.internal.reflect.DelegatingMethodAccessorImpl.invoke(DelegatingMethodAccessorImpl.java:43) ~[?:?]
	at java.lang.reflect.Method.invoke(Method.java:568) ~[?:?]
	at org.springframework.web.method.support.InvocableHandlerMethod.doInvoke(InvocableHandlerMethod.java:205) ~[spring-web-5.3.25.jar:5.3.25]
	at org.springframework.web.method.support.InvocableHandlerMethod.invokeForRequest(InvocableHandlerMethod.java:150) ~[spring-web-5.3.25.jar:5.3.25]
	at org.springframework.web.servlet.mvc.method.annotation.ServletInvocableHandlerMethod.invokeAndHandle(ServletInvocableHandlerMethod.java:117) ~[spring-webmvc-5.3.25.jar:5.3.25]
	at org.springframework.web.servlet.mvc.method.annotation.RequestMappingHandlerAdapter.invokeHandlerMethod(RequestMappingHandlerAdapter.java:895) ~[spring-webmvc-5.3.25.jar:5.3.25]
	at org.springframework.web.servlet.mvc.method.annotation.RequestMappingHandlerAdapter.handleInternal(RequestMappingHandlerAdapter.java:808) ~[spring-webmvc-5.3.25.jar:5.3.25]
	at org.springframework.web.servlet.mvc.method.AbstractHandlerMethodAdapter.handle(AbstractHandlerMethodAdapter.java:87) ~[spring-webmvc-5.3.25.jar:5.3.25]
	at org.springframework.web.servlet.DispatcherServlet.doDispatch(DispatcherServlet.java:1071) ~[spring-webmvc-5.3.25.jar:5.3.25]
	at org.springframework.web.servlet.DispatcherServlet.doService(DispatcherServlet.java:964) ~[spring-webmvc-5.3.25.jar:5.3.25]
	at org.springframework.web.servlet.FrameworkServlet.processRequest(FrameworkServlet.java:1006) ~[spring-webmvc-5.3.25.jar:5.3.25]
	at org.springframework.web.servlet.FrameworkServlet.doGet(FrameworkServlet.java:898) ~[spring-webmvc-5.3.25.jar:5.3.25]
	at javax.servlet.http.HttpServlet.service(HttpServlet.java:670) ~[tomcat-embed-core-9.0.71.jar:4.0.FR]
	at org.springframework.web.servlet.FrameworkServlet.service(FrameworkServlet.java:883) ~[spring-webmvc-5.3.25.jar:5.3.25]
	at javax.servlet.http.HttpServlet.service(HttpServlet.java:779) ~[tomcat-embed-core-9.0.71.jar:4.0.FR]
	at org.apache.catalina.core.ApplicationFilterChain.internalDoFilter(ApplicationFilterChain.java:227) ~[tomcat-embed-core-9.0.71.jar:9.0.71]
	at org.apache.catalina.core.ApplicationFilterChain.doFilter(ApplicationFilterChain.java:162) ~[tomcat-embed-core-9.0.71.jar:9.0.71]
	at org.apache.tomcat.websocket.server.WsFilter.doFilter(WsFilter.java:53) ~[tomcat-embed-websocket-9.0.71.jar:9.0.71]
	at org.apache.catalina.core.ApplicationFilterChain.internalDoFilter(ApplicationFilterChain.java:189) ~[tomcat-embed-core-9.0.71.jar:9.0.71]
	at org.apache.catalina.core.ApplicationFilterChain.doFilter(ApplicationFilterChain.java:162) ~[tomcat-embed-core-9.0.71.jar:9.0.71]
	at org.springframework.web.filter.RequestContextFilter.doFilterInternal(RequestContextFilter.java:100) ~[spring-web-5.3.25.jar:5.3.25]
	at org.springframework.web.filter.OncePerRequestFilter.doFilter(OncePerRequestFilter.java:117) ~[spring-web-5.3.25.jar:5.3.25]
	at org.apache.catalina.core.ApplicationFilterChain.internalDoFilter(ApplicationFilterChain.java:189) ~[tomcat-embed-core-9.0.71.jar:9.0.71]
	at org.apache.catalina.core.ApplicationFilterChain.doFilter(ApplicationFilterChain.java:162) ~[tomcat-embed-core-9.0.71.jar:9.0.71]
	at org.springframework.web.filter.FormContentFilter.doFilterInternal(FormContentFilter.java:93) ~[spring-web-5.3.25.jar:5.3.25]
	at org.springframework.web.filter.OncePerRequestFilter.doFilter(OncePerRequestFilter.java:117) ~[spring-web-5.3.25.jar:5.3.25]
	at org.apache.catalina.core.ApplicationFilterChain.internalDoFilter(ApplicationFilterChain.java:189) ~[tomcat-embed-core-9.0.71.jar:9.0.71]
	at org.apache.catalina.core.ApplicationFilterChain.doFilter(ApplicationFilterChain.java:162) ~[tomcat-embed-core-9.0.71.jar:9.0.71]
	at org.springframework.web.filter.CharacterEncodingFilter.doFilterInternal(CharacterEncodingFilter.java:201) ~[spring-web-5.3.25.jar:5.3.25]
	at org.springframework.web.filter.OncePerRequestFilter.doFilter(OncePerRequestFilter.java:117) ~[spring-web-5.3.25.jar:5.3.25]
	at org.apache.catalina.core.ApplicationFilterChain.internalDoFilter(ApplicationFilterChain.java:189) ~[tomcat-embed-core-9.0.71.jar:9.0.71]
	at org.apache.catalina.core.ApplicationFilterChain.doFilter(ApplicationFilterChain.java:162) ~[tomcat-embed-core-9.0.71.jar:9.0.71]
	at org.apache.catalina.core.StandardWrapperValve.invoke(StandardWrapperValve.java:177) ~[tomcat-embed-core-9.0.71.jar:9.0.71]
	at org.apache.catalina.core.StandardContextValve.invoke(StandardContextValve.java:97) ~[tomcat-embed-core-9.0.71.jar:9.0.71]
	at org.apache.catalina.authenticator.AuthenticatorBase.invoke(AuthenticatorBase.java:541) ~[tomcat-embed-core-9.0.71.jar:9.0.71]
	at org.apache.catalina.core.StandardHostValve.invoke(StandardHostValve.java:135) ~[tomcat-embed-core-9.0.71.jar:9.0.71]
	at org.apache.catalina.valves.ErrorReportValve.invoke(ErrorReportValve.java:92) ~[tomcat-embed-core-9.0.71.jar:9.0.71]
	at org.apache.catalina.core.StandardEngineValve.invoke(StandardEngineValve.java:78) ~[tomcat-embed-core-9.0.71.jar:9.0.71]
	at org.apache.catalina.connector.CoyoteAdapter.service(CoyoteAdapter.java:360) ~[tomcat-embed-core-9.0.71.jar:9.0.71]
	at org.apache.coyote.http11.Http11Processor.service(Http11Processor.java:399) ~[tomcat-embed-core-9.0.71.jar:9.0.71]
	at org.apache.coyote.AbstractProcessorLight.process(AbstractProcessorLight.java:65) ~[tomcat-embed-core-9.0.71.jar:9.0.71]
	at org.apache.coyote.AbstractProtocol$ConnectionHandler.process(AbstractProtocol.java:891) ~[tomcat-embed-core-9.0.71.jar:9.0.71]
	at org.apache.tomcat.util.net.NioEndpoint$SocketProcessor.doRun(NioEndpoint.java:1784) ~[tomcat-embed-core-9.0.71.jar:9.0.71]
	at org.apache.tomcat.util.net.SocketProcessorBase.run(SocketProcessorBase.java:49) ~[tomcat-embed-core-9.0.71.jar:9.0.71]
	at org.apache.tomcat.util.threads.ThreadPoolExecutor.runWorker(ThreadPoolExecutor.java:1191) ~[tomcat-embed-core-9.0.71.jar:9.0.71]
	at org.apache.tomcat.util.threads.ThreadPoolExecutor$Worker.run(ThreadPoolExecutor.java:659) ~[tomcat-embed-core-9.0.71.jar:9.0.71]
	at org.apache.tomcat.util.threads.TaskThread$WrappingRunnable.run(TaskThread.java:61) ~[tomcat-embed-core-9.0.71.jar:9.0.71]
	at java.lang.Thread.run(Thread.java:840) ~[?:?]
[2025-03-27 09:45:41:559] [ERROR] - com.zaxxer.hikari.pool.HikariPool.throwPoolInitializationException(HikariPool.java:594) - HikariPool-1 - Exception during pool initialization.
java.sql.SQLException: Access denied for user 'root'@'localhost' (using password: YES)
	at com.mysql.jdbc.SQLError.createSQLException(SQLError.java:965) ~[mysql-connector-java-5.1.49.jar:5.1.49]
	at com.mysql.jdbc.MysqlIO.checkErrorPacket(MysqlIO.java:3933) ~[mysql-connector-java-5.1.49.jar:5.1.49]
	at com.mysql.jdbc.MysqlIO.checkErrorPacket(MysqlIO.java:3869) ~[mysql-connector-java-5.1.49.jar:5.1.49]
	at com.mysql.jdbc.MysqlIO.checkErrorPacket(MysqlIO.java:864) ~[mysql-connector-java-5.1.49.jar:5.1.49]
	at com.mysql.jdbc.MysqlIO.proceedHandshakeWithPluggableAuthentication(MysqlIO.java:1707) ~[mysql-connector-java-5.1.49.jar:5.1.49]
	at com.mysql.jdbc.MysqlIO.doHandshake(MysqlIO.java:1217) ~[mysql-connector-java-5.1.49.jar:5.1.49]
	at com.mysql.jdbc.ConnectionImpl.coreConnect(ConnectionImpl.java:2189) ~[mysql-connector-java-5.1.49.jar:5.1.49]
	at com.mysql.jdbc.ConnectionImpl.connectOneTryOnly(ConnectionImpl.java:2220) ~[mysql-connector-java-5.1.49.jar:5.1.49]
	at com.mysql.jdbc.ConnectionImpl.createNewIO(ConnectionImpl.java:2015) ~[mysql-connector-java-5.1.49.jar:5.1.49]
	at com.mysql.jdbc.ConnectionImpl.<init>(ConnectionImpl.java:768) ~[mysql-connector-java-5.1.49.jar:5.1.49]
	at com.mysql.jdbc.JDBC4Connection.<init>(JDBC4Connection.java:47) ~[mysql-connector-java-5.1.49.jar:5.1.49]
	at jdk.internal.reflect.NativeConstructorAccessorImpl.newInstance0(Native Method) ~[?:?]
	at jdk.internal.reflect.NativeConstructorAccessorImpl.newInstance(NativeConstructorAccessorImpl.java:77) ~[?:?]
	at jdk.internal.reflect.DelegatingConstructorAccessorImpl.newInstance(DelegatingConstructorAccessorImpl.java:45) ~[?:?]
	at java.lang.reflect.Constructor.newInstanceWithCaller(Constructor.java:499) ~[?:?]
	at java.lang.reflect.Constructor.newInstance(Constructor.java:480) ~[?:?]
	at com.mysql.jdbc.Util.handleNewInstance(Util.java:403) ~[mysql-connector-java-5.1.49.jar:5.1.49]
	at com.mysql.jdbc.ConnectionImpl.getInstance(ConnectionImpl.java:385) ~[mysql-connector-java-5.1.49.jar:5.1.49]
	at com.mysql.jdbc.NonRegisteringDriver.connect(NonRegisteringDriver.java:323) ~[mysql-connector-java-5.1.49.jar:5.1.49]
	at com.zaxxer.hikari.util.DriverDataSource.getConnection(DriverDataSource.java:138) ~[HikariCP-4.0.3.jar:?]
	at com.zaxxer.hikari.pool.PoolBase.newConnection(PoolBase.java:364) ~[HikariCP-4.0.3.jar:?]
	at com.zaxxer.hikari.pool.PoolBase.newPoolEntry(PoolBase.java:206) ~[HikariCP-4.0.3.jar:?]
	at com.zaxxer.hikari.pool.HikariPool.createPoolEntry(HikariPool.java:476) ~[HikariCP-4.0.3.jar:?]
	at com.zaxxer.hikari.pool.HikariPool.checkFailFast(HikariPool.java:561) ~[HikariCP-4.0.3.jar:?]
	at com.zaxxer.hikari.pool.HikariPool.<init>(HikariPool.java:115) ~[HikariCP-4.0.3.jar:?]
	at com.zaxxer.hikari.HikariDataSource.getConnection(HikariDataSource.java:112) ~[HikariCP-4.0.3.jar:?]
	at org.springframework.jdbc.datasource.DataSourceUtils.fetchConnection(DataSourceUtils.java:159) ~[spring-jdbc-5.3.25.jar:5.3.25]
	at org.springframework.jdbc.datasource.DataSourceUtils.doGetConnection(DataSourceUtils.java:117) ~[spring-jdbc-5.3.25.jar:5.3.25]
	at org.springframework.jdbc.datasource.DataSourceUtils.getConnection(DataSourceUtils.java:80) ~[spring-jdbc-5.3.25.jar:5.3.25]
	at org.mybatis.spring.transaction.SpringManagedTransaction.openConnection(SpringManagedTransaction.java:80) ~[mybatis-spring-2.1.0.jar:2.1.0]
	at org.mybatis.spring.transaction.SpringManagedTransaction.getConnection(SpringManagedTransaction.java:67) ~[mybatis-spring-2.1.0.jar:2.1.0]
	at org.apache.ibatis.executor.BaseExecutor.getConnection(BaseExecutor.java:337) ~[mybatis-3.5.11.jar:3.5.11]
	at org.apache.ibatis.executor.SimpleExecutor.prepareStatement(SimpleExecutor.java:86) ~[mybatis-3.5.11.jar:3.5.11]
	at org.apache.ibatis.executor.SimpleExecutor.doQuery(SimpleExecutor.java:62) ~[mybatis-3.5.11.jar:3.5.11]
	at org.apache.ibatis.executor.BaseExecutor.queryFromDatabase(BaseExecutor.java:325) ~[mybatis-3.5.11.jar:3.5.11]
	at org.apache.ibatis.executor.BaseExecutor.query(BaseExecutor.java:156) ~[mybatis-3.5.11.jar:3.5.11]
	at org.apache.ibatis.executor.CachingExecutor.query(CachingExecutor.java:109) ~[mybatis-3.5.11.jar:3.5.11]
	at com.github.pagehelper.PageInterceptor.intercept(PageInterceptor.java:151) ~[pagehelper-5.3.2.jar:?]
	at org.apache.ibatis.plugin.Plugin.invoke(Plugin.java:62) ~[mybatis-3.5.11.jar:3.5.11]
	at jdk.proxy2.$Proxy131.query(Unknown Source) ~[?:?]
	at org.apache.ibatis.session.defaults.DefaultSqlSession.selectList(DefaultSqlSession.java:151) ~[mybatis-3.5.11.jar:3.5.11]
	at org.apache.ibatis.session.defaults.DefaultSqlSession.selectList(DefaultSqlSession.java:145) ~[mybatis-3.5.11.jar:3.5.11]
	at org.apache.ibatis.session.defaults.DefaultSqlSession.selectList(DefaultSqlSession.java:140) ~[mybatis-3.5.11.jar:3.5.11]
	at jdk.internal.reflect.NativeMethodAccessorImpl.invoke0(Native Method) ~[?:?]
	at jdk.internal.reflect.NativeMethodAccessorImpl.invoke(NativeMethodAccessorImpl.java:77) ~[?:?]
	at jdk.internal.reflect.DelegatingMethodAccessorImpl.invoke(DelegatingMethodAccessorImpl.java:43) ~[?:?]
	at java.lang.reflect.Method.invoke(Method.java:568) ~[?:?]
	at org.mybatis.spring.SqlSessionTemplate$SqlSessionInterceptor.invoke(SqlSessionTemplate.java:425) ~[mybatis-spring-2.1.0.jar:2.1.0]
	at jdk.proxy2.$Proxy92.selectList(Unknown Source) ~[?:?]
	at org.mybatis.spring.SqlSessionTemplate.selectList(SqlSessionTemplate.java:224) ~[mybatis-spring-2.1.0.jar:2.1.0]
	at org.apache.ibatis.binding.MapperMethod.executeForMany(MapperMethod.java:147) ~[mybatis-3.5.11.jar:3.5.11]
	at org.apache.ibatis.binding.MapperMethod.execute(MapperMethod.java:80) ~[mybatis-3.5.11.jar:3.5.11]
	at org.apache.ibatis.binding.MapperProxy$PlainMethodInvoker.invoke(MapperProxy.java:145) ~[mybatis-3.5.11.jar:3.5.11]
	at org.apache.ibatis.binding.MapperProxy.invoke(MapperProxy.java:86) ~[mybatis-3.5.11.jar:3.5.11]
	at jdk.proxy3.$Proxy110.getUserList(Unknown Source) ~[?:?]
	at ma.com.serviceImp.UserServiceImp.getAllUser(UserServiceImp.java:19) ~[classes/:?]
	at ma.com.controller.UserController.getAllUser(UserController.java:103) ~[classes/:?]
	at jdk.internal.reflect.NativeMethodAccessorImpl.invoke0(Native Method) ~[?:?]
	at jdk.internal.reflect.NativeMethodAccessorImpl.invoke(NativeMethodAccessorImpl.java:77) ~[?:?]
	at jdk.internal.reflect.DelegatingMethodAccessorImpl.invoke(DelegatingMethodAccessorImpl.java:43) ~[?:?]
	at java.lang.reflect.Method.invoke(Method.java:568) ~[?:?]
	at org.springframework.web.method.support.InvocableHandlerMethod.doInvoke(InvocableHandlerMethod.java:205) ~[spring-web-5.3.25.jar:5.3.25]
	at org.springframework.web.method.support.InvocableHandlerMethod.invokeForRequest(InvocableHandlerMethod.java:150) ~[spring-web-5.3.25.jar:5.3.25]
	at org.springframework.web.servlet.mvc.method.annotation.ServletInvocableHandlerMethod.invokeAndHandle(ServletInvocableHandlerMethod.java:117) ~[spring-webmvc-5.3.25.jar:5.3.25]
	at org.springframework.web.servlet.mvc.method.annotation.RequestMappingHandlerAdapter.invokeHandlerMethod(RequestMappingHandlerAdapter.java:895) ~[spring-webmvc-5.3.25.jar:5.3.25]
	at org.springframework.web.servlet.mvc.method.annotation.RequestMappingHandlerAdapter.handleInternal(RequestMappingHandlerAdapter.java:808) ~[spring-webmvc-5.3.25.jar:5.3.25]
	at org.springframework.web.servlet.mvc.method.AbstractHandlerMethodAdapter.handle(AbstractHandlerMethodAdapter.java:87) ~[spring-webmvc-5.3.25.jar:5.3.25]
	at org.springframework.web.servlet.DispatcherServlet.doDispatch(DispatcherServlet.java:1071) ~[spring-webmvc-5.3.25.jar:5.3.25]
	at org.springframework.web.servlet.DispatcherServlet.doService(DispatcherServlet.java:964) ~[spring-webmvc-5.3.25.jar:5.3.25]
	at org.springframework.web.servlet.FrameworkServlet.processRequest(FrameworkServlet.java:1006) ~[spring-webmvc-5.3.25.jar:5.3.25]
	at org.springframework.web.servlet.FrameworkServlet.doGet(FrameworkServlet.java:898) ~[spring-webmvc-5.3.25.jar:5.3.25]
	at javax.servlet.http.HttpServlet.service(HttpServlet.java:670) ~[tomcat-embed-core-9.0.71.jar:4.0.FR]
	at org.springframework.web.servlet.FrameworkServlet.service(FrameworkServlet.java:883) ~[spring-webmvc-5.3.25.jar:5.3.25]
	at javax.servlet.http.HttpServlet.service(HttpServlet.java:779) ~[tomcat-embed-core-9.0.71.jar:4.0.FR]
	at org.apache.catalina.core.ApplicationFilterChain.internalDoFilter(ApplicationFilterChain.java:227) ~[tomcat-embed-core-9.0.71.jar:9.0.71]
	at org.apache.catalina.core.ApplicationFilterChain.doFilter(ApplicationFilterChain.java:162) ~[tomcat-embed-core-9.0.71.jar:9.0.71]
	at org.apache.tomcat.websocket.server.WsFilter.doFilter(WsFilter.java:53) ~[tomcat-embed-websocket-9.0.71.jar:9.0.71]
	at org.apache.catalina.core.ApplicationFilterChain.internalDoFilter(ApplicationFilterChain.java:189) ~[tomcat-embed-core-9.0.71.jar:9.0.71]
	at org.apache.catalina.core.ApplicationFilterChain.doFilter(ApplicationFilterChain.java:162) ~[tomcat-embed-core-9.0.71.jar:9.0.71]
	at org.springframework.web.filter.RequestContextFilter.doFilterInternal(RequestContextFilter.java:100) ~[spring-web-5.3.25.jar:5.3.25]
	at org.springframework.web.filter.OncePerRequestFilter.doFilter(OncePerRequestFilter.java:117) ~[spring-web-5.3.25.jar:5.3.25]
	at org.apache.catalina.core.ApplicationFilterChain.internalDoFilter(ApplicationFilterChain.java:189) ~[tomcat-embed-core-9.0.71.jar:9.0.71]
	at org.apache.catalina.core.ApplicationFilterChain.doFilter(ApplicationFilterChain.java:162) ~[tomcat-embed-core-9.0.71.jar:9.0.71]
	at org.springframework.web.filter.FormContentFilter.doFilterInternal(FormContentFilter.java:93) ~[spring-web-5.3.25.jar:5.3.25]
	at org.springframework.web.filter.OncePerRequestFilter.doFilter(OncePerRequestFilter.java:117) ~[spring-web-5.3.25.jar:5.3.25]
	at org.apache.catalina.core.ApplicationFilterChain.internalDoFilter(ApplicationFilterChain.java:189) ~[tomcat-embed-core-9.0.71.jar:9.0.71]
	at org.apache.catalina.core.ApplicationFilterChain.doFilter(ApplicationFilterChain.java:162) ~[tomcat-embed-core-9.0.71.jar:9.0.71]
	at org.springframework.web.filter.CharacterEncodingFilter.doFilterInternal(CharacterEncodingFilter.java:201) ~[spring-web-5.3.25.jar:5.3.25]
	at org.springframework.web.filter.OncePerRequestFilter.doFilter(OncePerRequestFilter.java:117) ~[spring-web-5.3.25.jar:5.3.25]
	at org.apache.catalina.core.ApplicationFilterChain.internalDoFilter(ApplicationFilterChain.java:189) ~[tomcat-embed-core-9.0.71.jar:9.0.71]
	at org.apache.catalina.core.ApplicationFilterChain.doFilter(ApplicationFilterChain.java:162) ~[tomcat-embed-core-9.0.71.jar:9.0.71]
	at org.apache.catalina.core.StandardWrapperValve.invoke(StandardWrapperValve.java:177) ~[tomcat-embed-core-9.0.71.jar:9.0.71]
	at org.apache.catalina.core.StandardContextValve.invoke(StandardContextValve.java:97) ~[tomcat-embed-core-9.0.71.jar:9.0.71]
	at org.apache.catalina.authenticator.AuthenticatorBase.invoke(AuthenticatorBase.java:541) ~[tomcat-embed-core-9.0.71.jar:9.0.71]
	at org.apache.catalina.core.StandardHostValve.invoke(StandardHostValve.java:135) ~[tomcat-embed-core-9.0.71.jar:9.0.71]
	at org.apache.catalina.valves.ErrorReportValve.invoke(ErrorReportValve.java:92) ~[tomcat-embed-core-9.0.71.jar:9.0.71]
	at org.apache.catalina.core.StandardEngineValve.invoke(StandardEngineValve.java:78) ~[tomcat-embed-core-9.0.71.jar:9.0.71]
	at org.apache.catalina.connector.CoyoteAdapter.service(CoyoteAdapter.java:360) ~[tomcat-embed-core-9.0.71.jar:9.0.71]
	at org.apache.coyote.http11.Http11Processor.service(Http11Processor.java:399) ~[tomcat-embed-core-9.0.71.jar:9.0.71]
	at org.apache.coyote.AbstractProcessorLight.process(AbstractProcessorLight.java:65) ~[tomcat-embed-core-9.0.71.jar:9.0.71]
	at org.apache.coyote.AbstractProtocol$ConnectionHandler.process(AbstractProtocol.java:891) ~[tomcat-embed-core-9.0.71.jar:9.0.71]
	at org.apache.tomcat.util.net.NioEndpoint$SocketProcessor.doRun(NioEndpoint.java:1784) ~[tomcat-embed-core-9.0.71.jar:9.0.71]
	at org.apache.tomcat.util.net.SocketProcessorBase.run(SocketProcessorBase.java:49) ~[tomcat-embed-core-9.0.71.jar:9.0.71]
	at org.apache.tomcat.util.threads.ThreadPoolExecutor.runWorker(ThreadPoolExecutor.java:1191) ~[tomcat-embed-core-9.0.71.jar:9.0.71]
	at org.apache.tomcat.util.threads.ThreadPoolExecutor$Worker.run(ThreadPoolExecutor.java:659) ~[tomcat-embed-core-9.0.71.jar:9.0.71]
	at org.apache.tomcat.util.threads.TaskThread$WrappingRunnable.run(TaskThread.java:61) ~[tomcat-embed-core-9.0.71.jar:9.0.71]
	at java.lang.Thread.run(Thread.java:840) ~[?:?]
[2025-03-27 09:45:41:574] [ERROR] - org.apache.juli.logging.DirectJDKLog.log(DirectJDKLog.java:175) - Servlet.service() for servlet [dispatcherServlet] in context with path [] threw exception [Request processing failed; nested exception is org.mybatis.spring.MyBatisSystemException: nested exception is org.apache.ibatis.exceptions.PersistenceException: 
### Error querying database.  Cause: org.springframework.jdbc.CannotGetJdbcConnectionException: Failed to obtain JDBC Connection; nested exception is java.sql.SQLException: Access denied for user 'root'@'localhost' (using password: YES)
### The error may exist in file [E:\computer2\computer1\ifly\target\classes\mapper\userMapper.xml]
### The error may involve ma.com.mapper.UserMapper.getUserList
### The error occurred while executing a query
### Cause: org.springframework.jdbc.CannotGetJdbcConnectionException: Failed to obtain JDBC Connection; nested exception is java.sql.SQLException: Access denied for user 'root'@'localhost' (using password: YES)] with root cause
java.sql.SQLException: Access denied for user 'root'@'localhost' (using password: YES)
	at com.mysql.jdbc.SQLError.createSQLException(SQLError.java:965) ~[mysql-connector-java-5.1.49.jar:5.1.49]
	at com.mysql.jdbc.MysqlIO.checkErrorPacket(MysqlIO.java:3933) ~[mysql-connector-java-5.1.49.jar:5.1.49]
	at com.mysql.jdbc.MysqlIO.checkErrorPacket(MysqlIO.java:3869) ~[mysql-connector-java-5.1.49.jar:5.1.49]
	at com.mysql.jdbc.MysqlIO.checkErrorPacket(MysqlIO.java:864) ~[mysql-connector-java-5.1.49.jar:5.1.49]
	at com.mysql.jdbc.MysqlIO.proceedHandshakeWithPluggableAuthentication(MysqlIO.java:1707) ~[mysql-connector-java-5.1.49.jar:5.1.49]
	at com.mysql.jdbc.MysqlIO.doHandshake(MysqlIO.java:1217) ~[mysql-connector-java-5.1.49.jar:5.1.49]
	at com.mysql.jdbc.ConnectionImpl.coreConnect(ConnectionImpl.java:2189) ~[mysql-connector-java-5.1.49.jar:5.1.49]
	at com.mysql.jdbc.ConnectionImpl.connectOneTryOnly(ConnectionImpl.java:2220) ~[mysql-connector-java-5.1.49.jar:5.1.49]
	at com.mysql.jdbc.ConnectionImpl.createNewIO(ConnectionImpl.java:2015) ~[mysql-connector-java-5.1.49.jar:5.1.49]
	at com.mysql.jdbc.ConnectionImpl.<init>(ConnectionImpl.java:768) ~[mysql-connector-java-5.1.49.jar:5.1.49]
	at com.mysql.jdbc.JDBC4Connection.<init>(JDBC4Connection.java:47) ~[mysql-connector-java-5.1.49.jar:5.1.49]
	at jdk.internal.reflect.NativeConstructorAccessorImpl.newInstance0(Native Method) ~[?:?]
	at jdk.internal.reflect.NativeConstructorAccessorImpl.newInstance(NativeConstructorAccessorImpl.java:77) ~[?:?]
	at jdk.internal.reflect.DelegatingConstructorAccessorImpl.newInstance(DelegatingConstructorAccessorImpl.java:45) ~[?:?]
	at java.lang.reflect.Constructor.newInstanceWithCaller(Constructor.java:499) ~[?:?]
	at java.lang.reflect.Constructor.newInstance(Constructor.java:480) ~[?:?]
	at com.mysql.jdbc.Util.handleNewInstance(Util.java:403) ~[mysql-connector-java-5.1.49.jar:5.1.49]
	at com.mysql.jdbc.ConnectionImpl.getInstance(ConnectionImpl.java:385) ~[mysql-connector-java-5.1.49.jar:5.1.49]
	at com.mysql.jdbc.NonRegisteringDriver.connect(NonRegisteringDriver.java:323) ~[mysql-connector-java-5.1.49.jar:5.1.49]
	at com.zaxxer.hikari.util.DriverDataSource.getConnection(DriverDataSource.java:138) ~[HikariCP-4.0.3.jar:?]
	at com.zaxxer.hikari.pool.PoolBase.newConnection(PoolBase.java:364) ~[HikariCP-4.0.3.jar:?]
	at com.zaxxer.hikari.pool.PoolBase.newPoolEntry(PoolBase.java:206) ~[HikariCP-4.0.3.jar:?]
	at com.zaxxer.hikari.pool.HikariPool.createPoolEntry(HikariPool.java:476) ~[HikariCP-4.0.3.jar:?]
	at com.zaxxer.hikari.pool.HikariPool.checkFailFast(HikariPool.java:561) ~[HikariCP-4.0.3.jar:?]
	at com.zaxxer.hikari.pool.HikariPool.<init>(HikariPool.java:115) ~[HikariCP-4.0.3.jar:?]
	at com.zaxxer.hikari.HikariDataSource.getConnection(HikariDataSource.java:112) ~[HikariCP-4.0.3.jar:?]
	at org.springframework.jdbc.datasource.DataSourceUtils.fetchConnection(DataSourceUtils.java:159) ~[spring-jdbc-5.3.25.jar:5.3.25]
	at org.springframework.jdbc.datasource.DataSourceUtils.doGetConnection(DataSourceUtils.java:117) ~[spring-jdbc-5.3.25.jar:5.3.25]
	at org.springframework.jdbc.datasource.DataSourceUtils.getConnection(DataSourceUtils.java:80) ~[spring-jdbc-5.3.25.jar:5.3.25]
	at org.mybatis.spring.transaction.SpringManagedTransaction.openConnection(SpringManagedTransaction.java:80) ~[mybatis-spring-2.1.0.jar:2.1.0]
	at org.mybatis.spring.transaction.SpringManagedTransaction.getConnection(SpringManagedTransaction.java:67) ~[mybatis-spring-2.1.0.jar:2.1.0]
	at org.apache.ibatis.executor.BaseExecutor.getConnection(BaseExecutor.java:337) ~[mybatis-3.5.11.jar:3.5.11]
	at org.apache.ibatis.executor.SimpleExecutor.prepareStatement(SimpleExecutor.java:86) ~[mybatis-3.5.11.jar:3.5.11]
	at org.apache.ibatis.executor.SimpleExecutor.doQuery(SimpleExecutor.java:62) ~[mybatis-3.5.11.jar:3.5.11]
	at org.apache.ibatis.executor.BaseExecutor.queryFromDatabase(BaseExecutor.java:325) ~[mybatis-3.5.11.jar:3.5.11]
	at org.apache.ibatis.executor.BaseExecutor.query(BaseExecutor.java:156) ~[mybatis-3.5.11.jar:3.5.11]
	at org.apache.ibatis.executor.CachingExecutor.query(CachingExecutor.java:109) ~[mybatis-3.5.11.jar:3.5.11]
	at com.github.pagehelper.PageInterceptor.intercept(PageInterceptor.java:151) ~[pagehelper-5.3.2.jar:?]
	at org.apache.ibatis.plugin.Plugin.invoke(Plugin.java:62) ~[mybatis-3.5.11.jar:3.5.11]
	at jdk.proxy2.$Proxy131.query(Unknown Source) ~[?:?]
	at org.apache.ibatis.session.defaults.DefaultSqlSession.selectList(DefaultSqlSession.java:151) ~[mybatis-3.5.11.jar:3.5.11]
	at org.apache.ibatis.session.defaults.DefaultSqlSession.selectList(DefaultSqlSession.java:145) ~[mybatis-3.5.11.jar:3.5.11]
	at org.apache.ibatis.session.defaults.DefaultSqlSession.selectList(DefaultSqlSession.java:140) ~[mybatis-3.5.11.jar:3.5.11]
	at jdk.internal.reflect.NativeMethodAccessorImpl.invoke0(Native Method) ~[?:?]
	at jdk.internal.reflect.NativeMethodAccessorImpl.invoke(NativeMethodAccessorImpl.java:77) ~[?:?]
	at jdk.internal.reflect.DelegatingMethodAccessorImpl.invoke(DelegatingMethodAccessorImpl.java:43) ~[?:?]
	at java.lang.reflect.Method.invoke(Method.java:568) ~[?:?]
	at org.mybatis.spring.SqlSessionTemplate$SqlSessionInterceptor.invoke(SqlSessionTemplate.java:425) ~[mybatis-spring-2.1.0.jar:2.1.0]
	at jdk.proxy2.$Proxy92.selectList(Unknown Source) ~[?:?]
	at org.mybatis.spring.SqlSessionTemplate.selectList(SqlSessionTemplate.java:224) ~[mybatis-spring-2.1.0.jar:2.1.0]
	at org.apache.ibatis.binding.MapperMethod.executeForMany(MapperMethod.java:147) ~[mybatis-3.5.11.jar:3.5.11]
	at org.apache.ibatis.binding.MapperMethod.execute(MapperMethod.java:80) ~[mybatis-3.5.11.jar:3.5.11]
	at org.apache.ibatis.binding.MapperProxy$PlainMethodInvoker.invoke(MapperProxy.java:145) ~[mybatis-3.5.11.jar:3.5.11]
	at org.apache.ibatis.binding.MapperProxy.invoke(MapperProxy.java:86) ~[mybatis-3.5.11.jar:3.5.11]
	at jdk.proxy3.$Proxy110.getUserList(Unknown Source) ~[?:?]
	at ma.com.serviceImp.UserServiceImp.getAllUser(UserServiceImp.java:19) ~[classes/:?]
	at ma.com.controller.UserController.getAllUser(UserController.java:103) ~[classes/:?]
	at jdk.internal.reflect.NativeMethodAccessorImpl.invoke0(Native Method) ~[?:?]
	at jdk.internal.reflect.NativeMethodAccessorImpl.invoke(NativeMethodAccessorImpl.java:77) ~[?:?]
	at jdk.internal.reflect.DelegatingMethodAccessorImpl.invoke(DelegatingMethodAccessorImpl.java:43) ~[?:?]
	at java.lang.reflect.Method.invoke(Method.java:568) ~[?:?]
	at org.springframework.web.method.support.InvocableHandlerMethod.doInvoke(InvocableHandlerMethod.java:205) ~[spring-web-5.3.25.jar:5.3.25]
	at org.springframework.web.method.support.InvocableHandlerMethod.invokeForRequest(InvocableHandlerMethod.java:150) ~[spring-web-5.3.25.jar:5.3.25]
	at org.springframework.web.servlet.mvc.method.annotation.ServletInvocableHandlerMethod.invokeAndHandle(ServletInvocableHandlerMethod.java:117) ~[spring-webmvc-5.3.25.jar:5.3.25]
	at org.springframework.web.servlet.mvc.method.annotation.RequestMappingHandlerAdapter.invokeHandlerMethod(RequestMappingHandlerAdapter.java:895) ~[spring-webmvc-5.3.25.jar:5.3.25]
	at org.springframework.web.servlet.mvc.method.annotation.RequestMappingHandlerAdapter.handleInternal(RequestMappingHandlerAdapter.java:808) ~[spring-webmvc-5.3.25.jar:5.3.25]
	at org.springframework.web.servlet.mvc.method.AbstractHandlerMethodAdapter.handle(AbstractHandlerMethodAdapter.java:87) ~[spring-webmvc-5.3.25.jar:5.3.25]
	at org.springframework.web.servlet.DispatcherServlet.doDispatch(DispatcherServlet.java:1071) ~[spring-webmvc-5.3.25.jar:5.3.25]
	at org.springframework.web.servlet.DispatcherServlet.doService(DispatcherServlet.java:964) ~[spring-webmvc-5.3.25.jar:5.3.25]
	at org.springframework.web.servlet.FrameworkServlet.processRequest(FrameworkServlet.java:1006) ~[spring-webmvc-5.3.25.jar:5.3.25]
	at org.springframework.web.servlet.FrameworkServlet.doGet(FrameworkServlet.java:898) ~[spring-webmvc-5.3.25.jar:5.3.25]
	at javax.servlet.http.HttpServlet.service(HttpServlet.java:670) ~[tomcat-embed-core-9.0.71.jar:4.0.FR]
	at org.springframework.web.servlet.FrameworkServlet.service(FrameworkServlet.java:883) ~[spring-webmvc-5.3.25.jar:5.3.25]
	at javax.servlet.http.HttpServlet.service(HttpServlet.java:779) ~[tomcat-embed-core-9.0.71.jar:4.0.FR]
	at org.apache.catalina.core.ApplicationFilterChain.internalDoFilter(ApplicationFilterChain.java:227) ~[tomcat-embed-core-9.0.71.jar:9.0.71]
	at org.apache.catalina.core.ApplicationFilterChain.doFilter(ApplicationFilterChain.java:162) ~[tomcat-embed-core-9.0.71.jar:9.0.71]
	at org.apache.tomcat.websocket.server.WsFilter.doFilter(WsFilter.java:53) ~[tomcat-embed-websocket-9.0.71.jar:9.0.71]
	at org.apache.catalina.core.ApplicationFilterChain.internalDoFilter(ApplicationFilterChain.java:189) ~[tomcat-embed-core-9.0.71.jar:9.0.71]
	at org.apache.catalina.core.ApplicationFilterChain.doFilter(ApplicationFilterChain.java:162) ~[tomcat-embed-core-9.0.71.jar:9.0.71]
	at org.springframework.web.filter.RequestContextFilter.doFilterInternal(RequestContextFilter.java:100) ~[spring-web-5.3.25.jar:5.3.25]
	at org.springframework.web.filter.OncePerRequestFilter.doFilter(OncePerRequestFilter.java:117) ~[spring-web-5.3.25.jar:5.3.25]
	at org.apache.catalina.core.ApplicationFilterChain.internalDoFilter(ApplicationFilterChain.java:189) ~[tomcat-embed-core-9.0.71.jar:9.0.71]
	at org.apache.catalina.core.ApplicationFilterChain.doFilter(ApplicationFilterChain.java:162) ~[tomcat-embed-core-9.0.71.jar:9.0.71]
	at org.springframework.web.filter.FormContentFilter.doFilterInternal(FormContentFilter.java:93) ~[spring-web-5.3.25.jar:5.3.25]
	at org.springframework.web.filter.OncePerRequestFilter.doFilter(OncePerRequestFilter.java:117) ~[spring-web-5.3.25.jar:5.3.25]
	at org.apache.catalina.core.ApplicationFilterChain.internalDoFilter(ApplicationFilterChain.java:189) ~[tomcat-embed-core-9.0.71.jar:9.0.71]
	at org.apache.catalina.core.ApplicationFilterChain.doFilter(ApplicationFilterChain.java:162) ~[tomcat-embed-core-9.0.71.jar:9.0.71]
	at org.springframework.web.filter.CharacterEncodingFilter.doFilterInternal(CharacterEncodingFilter.java:201) ~[spring-web-5.3.25.jar:5.3.25]
	at org.springframework.web.filter.OncePerRequestFilter.doFilter(OncePerRequestFilter.java:117) ~[spring-web-5.3.25.jar:5.3.25]
	at org.apache.catalina.core.ApplicationFilterChain.internalDoFilter(ApplicationFilterChain.java:189) ~[tomcat-embed-core-9.0.71.jar:9.0.71]
	at org.apache.catalina.core.ApplicationFilterChain.doFilter(ApplicationFilterChain.java:162) ~[tomcat-embed-core-9.0.71.jar:9.0.71]
	at org.apache.catalina.core.StandardWrapperValve.invoke(StandardWrapperValve.java:177) ~[tomcat-embed-core-9.0.71.jar:9.0.71]
	at org.apache.catalina.core.StandardContextValve.invoke(StandardContextValve.java:97) ~[tomcat-embed-core-9.0.71.jar:9.0.71]
	at org.apache.catalina.authenticator.AuthenticatorBase.invoke(AuthenticatorBase.java:541) ~[tomcat-embed-core-9.0.71.jar:9.0.71]
	at org.apache.catalina.core.StandardHostValve.invoke(StandardHostValve.java:135) ~[tomcat-embed-core-9.0.71.jar:9.0.71]
	at org.apache.catalina.valves.ErrorReportValve.invoke(ErrorReportValve.java:92) ~[tomcat-embed-core-9.0.71.jar:9.0.71]
	at org.apache.catalina.core.StandardEngineValve.invoke(StandardEngineValve.java:78) ~[tomcat-embed-core-9.0.71.jar:9.0.71]
	at org.apache.catalina.connector.CoyoteAdapter.service(CoyoteAdapter.java:360) ~[tomcat-embed-core-9.0.71.jar:9.0.71]
	at org.apache.coyote.http11.Http11Processor.service(Http11Processor.java:399) ~[tomcat-embed-core-9.0.71.jar:9.0.71]
	at org.apache.coyote.AbstractProcessorLight.process(AbstractProcessorLight.java:65) ~[tomcat-embed-core-9.0.71.jar:9.0.71]
	at org.apache.coyote.AbstractProtocol$ConnectionHandler.process(AbstractProtocol.java:891) ~[tomcat-embed-core-9.0.71.jar:9.0.71]
	at org.apache.tomcat.util.net.NioEndpoint$SocketProcessor.doRun(NioEndpoint.java:1784) ~[tomcat-embed-core-9.0.71.jar:9.0.71]
	at org.apache.tomcat.util.net.SocketProcessorBase.run(SocketProcessorBase.java:49) ~[tomcat-embed-core-9.0.71.jar:9.0.71]
	at org.apache.tomcat.util.threads.ThreadPoolExecutor.runWorker(ThreadPoolExecutor.java:1191) ~[tomcat-embed-core-9.0.71.jar:9.0.71]
	at org.apache.tomcat.util.threads.ThreadPoolExecutor$Worker.run(ThreadPoolExecutor.java:659) ~[tomcat-embed-core-9.0.71.jar:9.0.71]
	at org.apache.tomcat.util.threads.TaskThread$WrappingRunnable.run(TaskThread.java:61) ~[tomcat-embed-core-9.0.71.jar:9.0.71]
	at java.lang.Thread.run(Thread.java:840) ~[?:?]
[2025-03-27 09:48:33:584] [ERROR] - com.zaxxer.hikari.pool.HikariPool.throwPoolInitializationException(HikariPool.java:594) - HikariPool-1 - Exception during pool initialization.
com.mysql.jdbc.exceptions.jdbc4.CommunicationsException: Communications link failure

The last packet sent successfully to the server was 0 milliseconds ago. The driver has not received any packets from the server.
	at jdk.internal.reflect.NativeConstructorAccessorImpl.newInstance0(Native Method) ~[?:?]
	at jdk.internal.reflect.NativeConstructorAccessorImpl.newInstance(NativeConstructorAccessorImpl.java:77) ~[?:?]
	at jdk.internal.reflect.DelegatingConstructorAccessorImpl.newInstance(DelegatingConstructorAccessorImpl.java:45) ~[?:?]
	at java.lang.reflect.Constructor.newInstanceWithCaller(Constructor.java:499) ~[?:?]
	at java.lang.reflect.Constructor.newInstance(Constructor.java:480) ~[?:?]
	at com.mysql.jdbc.Util.handleNewInstance(Util.java:403) ~[mysql-connector-java-5.1.49.jar:5.1.49]
	at com.mysql.jdbc.SQLError.createCommunicationsException(SQLError.java:990) ~[mysql-connector-java-5.1.49.jar:5.1.49]
	at com.mysql.jdbc.MysqlIO.<init>(MysqlIO.java:335) ~[mysql-connector-java-5.1.49.jar:5.1.49]
	at com.mysql.jdbc.ConnectionImpl.coreConnect(ConnectionImpl.java:2187) ~[mysql-connector-java-5.1.49.jar:5.1.49]
	at com.mysql.jdbc.ConnectionImpl.connectOneTryOnly(ConnectionImpl.java:2220) ~[mysql-connector-java-5.1.49.jar:5.1.49]
	at com.mysql.jdbc.ConnectionImpl.createNewIO(ConnectionImpl.java:2015) ~[mysql-connector-java-5.1.49.jar:5.1.49]
	at com.mysql.jdbc.ConnectionImpl.<init>(ConnectionImpl.java:768) ~[mysql-connector-java-5.1.49.jar:5.1.49]
	at com.mysql.jdbc.JDBC4Connection.<init>(JDBC4Connection.java:47) ~[mysql-connector-java-5.1.49.jar:5.1.49]
	at jdk.internal.reflect.NativeConstructorAccessorImpl.newInstance0(Native Method) ~[?:?]
	at jdk.internal.reflect.NativeConstructorAccessorImpl.newInstance(NativeConstructorAccessorImpl.java:77) ~[?:?]
	at jdk.internal.reflect.DelegatingConstructorAccessorImpl.newInstance(DelegatingConstructorAccessorImpl.java:45) ~[?:?]
	at java.lang.reflect.Constructor.newInstanceWithCaller(Constructor.java:499) ~[?:?]
	at java.lang.reflect.Constructor.newInstance(Constructor.java:480) ~[?:?]
	at com.mysql.jdbc.Util.handleNewInstance(Util.java:403) ~[mysql-connector-java-5.1.49.jar:5.1.49]
	at com.mysql.jdbc.ConnectionImpl.getInstance(ConnectionImpl.java:385) ~[mysql-connector-java-5.1.49.jar:5.1.49]
	at com.mysql.jdbc.NonRegisteringDriver.connect(NonRegisteringDriver.java:323) ~[mysql-connector-java-5.1.49.jar:5.1.49]
	at com.zaxxer.hikari.util.DriverDataSource.getConnection(DriverDataSource.java:138) ~[HikariCP-4.0.3.jar:?]
	at com.zaxxer.hikari.pool.PoolBase.newConnection(PoolBase.java:364) ~[HikariCP-4.0.3.jar:?]
	at com.zaxxer.hikari.pool.PoolBase.newPoolEntry(PoolBase.java:206) ~[HikariCP-4.0.3.jar:?]
	at com.zaxxer.hikari.pool.HikariPool.createPoolEntry(HikariPool.java:476) ~[HikariCP-4.0.3.jar:?]
	at com.zaxxer.hikari.pool.HikariPool.checkFailFast(HikariPool.java:561) ~[HikariCP-4.0.3.jar:?]
	at com.zaxxer.hikari.pool.HikariPool.<init>(HikariPool.java:115) ~[HikariCP-4.0.3.jar:?]
	at com.zaxxer.hikari.HikariDataSource.getConnection(HikariDataSource.java:112) ~[HikariCP-4.0.3.jar:?]
	at org.springframework.jdbc.datasource.DataSourceUtils.fetchConnection(DataSourceUtils.java:159) ~[spring-jdbc-5.3.25.jar:5.3.25]
	at org.springframework.jdbc.datasource.DataSourceUtils.doGetConnection(DataSourceUtils.java:117) ~[spring-jdbc-5.3.25.jar:5.3.25]
	at org.springframework.jdbc.datasource.DataSourceUtils.getConnection(DataSourceUtils.java:80) ~[spring-jdbc-5.3.25.jar:5.3.25]
	at org.mybatis.spring.transaction.SpringManagedTransaction.openConnection(SpringManagedTransaction.java:80) ~[mybatis-spring-2.1.0.jar:2.1.0]
	at org.mybatis.spring.transaction.SpringManagedTransaction.getConnection(SpringManagedTransaction.java:67) ~[mybatis-spring-2.1.0.jar:2.1.0]
	at org.apache.ibatis.executor.BaseExecutor.getConnection(BaseExecutor.java:337) ~[mybatis-3.5.11.jar:3.5.11]
	at org.apache.ibatis.executor.SimpleExecutor.prepareStatement(SimpleExecutor.java:86) ~[mybatis-3.5.11.jar:3.5.11]
	at org.apache.ibatis.executor.SimpleExecutor.doQuery(SimpleExecutor.java:62) ~[mybatis-3.5.11.jar:3.5.11]
	at org.apache.ibatis.executor.BaseExecutor.queryFromDatabase(BaseExecutor.java:325) ~[mybatis-3.5.11.jar:3.5.11]
	at org.apache.ibatis.executor.BaseExecutor.query(BaseExecutor.java:156) ~[mybatis-3.5.11.jar:3.5.11]
	at org.apache.ibatis.executor.CachingExecutor.query(CachingExecutor.java:109) ~[mybatis-3.5.11.jar:3.5.11]
	at com.github.pagehelper.PageInterceptor.intercept(PageInterceptor.java:151) ~[pagehelper-5.3.2.jar:?]
	at org.apache.ibatis.plugin.Plugin.invoke(Plugin.java:62) ~[mybatis-3.5.11.jar:3.5.11]
	at jdk.proxy2.$Proxy131.query(Unknown Source) ~[?:?]
	at org.apache.ibatis.session.defaults.DefaultSqlSession.selectList(DefaultSqlSession.java:151) ~[mybatis-3.5.11.jar:3.5.11]
	at org.apache.ibatis.session.defaults.DefaultSqlSession.selectList(DefaultSqlSession.java:145) ~[mybatis-3.5.11.jar:3.5.11]
	at org.apache.ibatis.session.defaults.DefaultSqlSession.selectList(DefaultSqlSession.java:140) ~[mybatis-3.5.11.jar:3.5.11]
	at jdk.internal.reflect.NativeMethodAccessorImpl.invoke0(Native Method) ~[?:?]
	at jdk.internal.reflect.NativeMethodAccessorImpl.invoke(NativeMethodAccessorImpl.java:77) ~[?:?]
	at jdk.internal.reflect.DelegatingMethodAccessorImpl.invoke(DelegatingMethodAccessorImpl.java:43) ~[?:?]
	at java.lang.reflect.Method.invoke(Method.java:568) ~[?:?]
	at org.mybatis.spring.SqlSessionTemplate$SqlSessionInterceptor.invoke(SqlSessionTemplate.java:425) ~[mybatis-spring-2.1.0.jar:2.1.0]
	at jdk.proxy2.$Proxy92.selectList(Unknown Source) ~[?:?]
	at org.mybatis.spring.SqlSessionTemplate.selectList(SqlSessionTemplate.java:224) ~[mybatis-spring-2.1.0.jar:2.1.0]
	at org.apache.ibatis.binding.MapperMethod.executeForMany(MapperMethod.java:147) ~[mybatis-3.5.11.jar:3.5.11]
	at org.apache.ibatis.binding.MapperMethod.execute(MapperMethod.java:80) ~[mybatis-3.5.11.jar:3.5.11]
	at org.apache.ibatis.binding.MapperProxy$PlainMethodInvoker.invoke(MapperProxy.java:145) ~[mybatis-3.5.11.jar:3.5.11]
	at org.apache.ibatis.binding.MapperProxy.invoke(MapperProxy.java:86) ~[mybatis-3.5.11.jar:3.5.11]
	at jdk.proxy3.$Proxy110.getUserList(Unknown Source) ~[?:?]
	at ma.com.serviceImp.UserServiceImp.getAllUser(UserServiceImp.java:19) ~[classes/:?]
	at ma.com.controller.UserController.getAllUser(UserController.java:103) ~[classes/:?]
	at jdk.internal.reflect.NativeMethodAccessorImpl.invoke0(Native Method) ~[?:?]
	at jdk.internal.reflect.NativeMethodAccessorImpl.invoke(NativeMethodAccessorImpl.java:77) ~[?:?]
	at jdk.internal.reflect.DelegatingMethodAccessorImpl.invoke(DelegatingMethodAccessorImpl.java:43) ~[?:?]
	at java.lang.reflect.Method.invoke(Method.java:568) ~[?:?]
	at org.springframework.web.method.support.InvocableHandlerMethod.doInvoke(InvocableHandlerMethod.java:205) ~[spring-web-5.3.25.jar:5.3.25]
	at org.springframework.web.method.support.InvocableHandlerMethod.invokeForRequest(InvocableHandlerMethod.java:150) ~[spring-web-5.3.25.jar:5.3.25]
	at org.springframework.web.servlet.mvc.method.annotation.ServletInvocableHandlerMethod.invokeAndHandle(ServletInvocableHandlerMethod.java:117) ~[spring-webmvc-5.3.25.jar:5.3.25]
	at org.springframework.web.servlet.mvc.method.annotation.RequestMappingHandlerAdapter.invokeHandlerMethod(RequestMappingHandlerAdapter.java:895) ~[spring-webmvc-5.3.25.jar:5.3.25]
	at org.springframework.web.servlet.mvc.method.annotation.RequestMappingHandlerAdapter.handleInternal(RequestMappingHandlerAdapter.java:808) ~[spring-webmvc-5.3.25.jar:5.3.25]
	at org.springframework.web.servlet.mvc.method.AbstractHandlerMethodAdapter.handle(AbstractHandlerMethodAdapter.java:87) ~[spring-webmvc-5.3.25.jar:5.3.25]
	at org.springframework.web.servlet.DispatcherServlet.doDispatch(DispatcherServlet.java:1071) ~[spring-webmvc-5.3.25.jar:5.3.25]
	at org.springframework.web.servlet.DispatcherServlet.doService(DispatcherServlet.java:964) ~[spring-webmvc-5.3.25.jar:5.3.25]
	at org.springframework.web.servlet.FrameworkServlet.processRequest(FrameworkServlet.java:1006) ~[spring-webmvc-5.3.25.jar:5.3.25]
	at org.springframework.web.servlet.FrameworkServlet.doGet(FrameworkServlet.java:898) ~[spring-webmvc-5.3.25.jar:5.3.25]
	at javax.servlet.http.HttpServlet.service(HttpServlet.java:670) ~[tomcat-embed-core-9.0.71.jar:4.0.FR]
	at org.springframework.web.servlet.FrameworkServlet.service(FrameworkServlet.java:883) ~[spring-webmvc-5.3.25.jar:5.3.25]
	at javax.servlet.http.HttpServlet.service(HttpServlet.java:779) ~[tomcat-embed-core-9.0.71.jar:4.0.FR]
	at org.apache.catalina.core.ApplicationFilterChain.internalDoFilter(ApplicationFilterChain.java:227) ~[tomcat-embed-core-9.0.71.jar:9.0.71]
	at org.apache.catalina.core.ApplicationFilterChain.doFilter(ApplicationFilterChain.java:162) ~[tomcat-embed-core-9.0.71.jar:9.0.71]
	at org.apache.tomcat.websocket.server.WsFilter.doFilter(WsFilter.java:53) ~[tomcat-embed-websocket-9.0.71.jar:9.0.71]
	at org.apache.catalina.core.ApplicationFilterChain.internalDoFilter(ApplicationFilterChain.java:189) ~[tomcat-embed-core-9.0.71.jar:9.0.71]
	at org.apache.catalina.core.ApplicationFilterChain.doFilter(ApplicationFilterChain.java:162) ~[tomcat-embed-core-9.0.71.jar:9.0.71]
	at org.springframework.web.filter.RequestContextFilter.doFilterInternal(RequestContextFilter.java:100) ~[spring-web-5.3.25.jar:5.3.25]
	at org.springframework.web.filter.OncePerRequestFilter.doFilter(OncePerRequestFilter.java:117) ~[spring-web-5.3.25.jar:5.3.25]
	at org.apache.catalina.core.ApplicationFilterChain.internalDoFilter(ApplicationFilterChain.java:189) ~[tomcat-embed-core-9.0.71.jar:9.0.71]
	at org.apache.catalina.core.ApplicationFilterChain.doFilter(ApplicationFilterChain.java:162) ~[tomcat-embed-core-9.0.71.jar:9.0.71]
	at org.springframework.web.filter.FormContentFilter.doFilterInternal(FormContentFilter.java:93) ~[spring-web-5.3.25.jar:5.3.25]
	at org.springframework.web.filter.OncePerRequestFilter.doFilter(OncePerRequestFilter.java:117) ~[spring-web-5.3.25.jar:5.3.25]
	at org.apache.catalina.core.ApplicationFilterChain.internalDoFilter(ApplicationFilterChain.java:189) ~[tomcat-embed-core-9.0.71.jar:9.0.71]
	at org.apache.catalina.core.ApplicationFilterChain.doFilter(ApplicationFilterChain.java:162) ~[tomcat-embed-core-9.0.71.jar:9.0.71]
	at org.springframework.web.filter.CharacterEncodingFilter.doFilterInternal(CharacterEncodingFilter.java:201) ~[spring-web-5.3.25.jar:5.3.25]
	at org.springframework.web.filter.OncePerRequestFilter.doFilter(OncePerRequestFilter.java:117) ~[spring-web-5.3.25.jar:5.3.25]
	at org.apache.catalina.core.ApplicationFilterChain.internalDoFilter(ApplicationFilterChain.java:189) ~[tomcat-embed-core-9.0.71.jar:9.0.71]
	at org.apache.catalina.core.ApplicationFilterChain.doFilter(ApplicationFilterChain.java:162) ~[tomcat-embed-core-9.0.71.jar:9.0.71]
	at org.apache.catalina.core.StandardWrapperValve.invoke(StandardWrapperValve.java:177) ~[tomcat-embed-core-9.0.71.jar:9.0.71]
	at org.apache.catalina.core.StandardContextValve.invoke(StandardContextValve.java:97) ~[tomcat-embed-core-9.0.71.jar:9.0.71]
	at org.apache.catalina.authenticator.AuthenticatorBase.invoke(AuthenticatorBase.java:541) ~[tomcat-embed-core-9.0.71.jar:9.0.71]
	at org.apache.catalina.core.StandardHostValve.invoke(StandardHostValve.java:135) ~[tomcat-embed-core-9.0.71.jar:9.0.71]
	at org.apache.catalina.valves.ErrorReportValve.invoke(ErrorReportValve.java:92) ~[tomcat-embed-core-9.0.71.jar:9.0.71]
	at org.apache.catalina.core.StandardEngineValve.invoke(StandardEngineValve.java:78) ~[tomcat-embed-core-9.0.71.jar:9.0.71]
	at org.apache.catalina.connector.CoyoteAdapter.service(CoyoteAdapter.java:360) ~[tomcat-embed-core-9.0.71.jar:9.0.71]
	at org.apache.coyote.http11.Http11Processor.service(Http11Processor.java:399) ~[tomcat-embed-core-9.0.71.jar:9.0.71]
	at org.apache.coyote.AbstractProcessorLight.process(AbstractProcessorLight.java:65) ~[tomcat-embed-core-9.0.71.jar:9.0.71]
	at org.apache.coyote.AbstractProtocol$ConnectionHandler.process(AbstractProtocol.java:891) ~[tomcat-embed-core-9.0.71.jar:9.0.71]
	at org.apache.tomcat.util.net.NioEndpoint$SocketProcessor.doRun(NioEndpoint.java:1784) ~[tomcat-embed-core-9.0.71.jar:9.0.71]
	at org.apache.tomcat.util.net.SocketProcessorBase.run(SocketProcessorBase.java:49) ~[tomcat-embed-core-9.0.71.jar:9.0.71]
	at org.apache.tomcat.util.threads.ThreadPoolExecutor.runWorker(ThreadPoolExecutor.java:1191) ~[tomcat-embed-core-9.0.71.jar:9.0.71]
	at org.apache.tomcat.util.threads.ThreadPoolExecutor$Worker.run(ThreadPoolExecutor.java:659) ~[tomcat-embed-core-9.0.71.jar:9.0.71]
	at org.apache.tomcat.util.threads.TaskThread$WrappingRunnable.run(TaskThread.java:61) ~[tomcat-embed-core-9.0.71.jar:9.0.71]
	at java.lang.Thread.run(Thread.java:840) ~[?:?]
Caused by: java.net.ConnectException: Connection timed out: getsockopt
	at sun.nio.ch.Net.pollConnect(Native Method) ~[?:?]
	at sun.nio.ch.Net.pollConnectNow(Net.java:672) ~[?:?]
	at sun.nio.ch.NioSocketImpl.timedFinishConnect(NioSocketImpl.java:554) ~[?:?]
	at sun.nio.ch.NioSocketImpl.connect(NioSocketImpl.java:602) ~[?:?]
	at java.net.SocksSocketImpl.connect(SocksSocketImpl.java:327) ~[?:?]
	at java.net.Socket.connect(Socket.java:633) ~[?:?]
	at com.mysql.jdbc.StandardSocketFactory.connect(StandardSocketFactory.java:211) ~[mysql-connector-java-5.1.49.jar:5.1.49]
	at com.mysql.jdbc.MysqlIO.<init>(MysqlIO.java:299) ~[mysql-connector-java-5.1.49.jar:5.1.49]
	... 101 more
[2025-03-27 09:48:33:628] [ERROR] - org.apache.juli.logging.DirectJDKLog.log(DirectJDKLog.java:175) - Servlet.service() for servlet [dispatcherServlet] in context with path [] threw exception [Request processing failed; nested exception is org.mybatis.spring.MyBatisSystemException: nested exception is org.apache.ibatis.exceptions.PersistenceException: 
### Error querying database.  Cause: org.springframework.jdbc.CannotGetJdbcConnectionException: Failed to obtain JDBC Connection; nested exception is com.mysql.jdbc.exceptions.jdbc4.CommunicationsException: Communications link failure

The last packet sent successfully to the server was 0 milliseconds ago. The driver has not received any packets from the server.
### The error may exist in file [E:\computer2\computer1\ifly\target\classes\mapper\userMapper.xml]
### The error may involve ma.com.mapper.UserMapper.getUserList
### The error occurred while executing a query
### Cause: org.springframework.jdbc.CannotGetJdbcConnectionException: Failed to obtain JDBC Connection; nested exception is com.mysql.jdbc.exceptions.jdbc4.CommunicationsException: Communications link failure

The last packet sent successfully to the server was 0 milliseconds ago. The driver has not received any packets from the server.] with root cause
java.net.ConnectException: Connection timed out: getsockopt
	at sun.nio.ch.Net.pollConnect(Native Method) ~[?:?]
	at sun.nio.ch.Net.pollConnectNow(Net.java:672) ~[?:?]
	at sun.nio.ch.NioSocketImpl.timedFinishConnect(NioSocketImpl.java:554) ~[?:?]
	at sun.nio.ch.NioSocketImpl.connect(NioSocketImpl.java:602) ~[?:?]
	at java.net.SocksSocketImpl.connect(SocksSocketImpl.java:327) ~[?:?]
	at java.net.Socket.connect(Socket.java:633) ~[?:?]
	at com.mysql.jdbc.StandardSocketFactory.connect(StandardSocketFactory.java:211) ~[mysql-connector-java-5.1.49.jar:5.1.49]
	at com.mysql.jdbc.MysqlIO.<init>(MysqlIO.java:299) ~[mysql-connector-java-5.1.49.jar:5.1.49]
	at com.mysql.jdbc.ConnectionImpl.coreConnect(ConnectionImpl.java:2187) ~[mysql-connector-java-5.1.49.jar:5.1.49]
	at com.mysql.jdbc.ConnectionImpl.connectOneTryOnly(ConnectionImpl.java:2220) ~[mysql-connector-java-5.1.49.jar:5.1.49]
	at com.mysql.jdbc.ConnectionImpl.createNewIO(ConnectionImpl.java:2015) ~[mysql-connector-java-5.1.49.jar:5.1.49]
	at com.mysql.jdbc.ConnectionImpl.<init>(ConnectionImpl.java:768) ~[mysql-connector-java-5.1.49.jar:5.1.49]
	at com.mysql.jdbc.JDBC4Connection.<init>(JDBC4Connection.java:47) ~[mysql-connector-java-5.1.49.jar:5.1.49]
	at jdk.internal.reflect.NativeConstructorAccessorImpl.newInstance0(Native Method) ~[?:?]
	at jdk.internal.reflect.NativeConstructorAccessorImpl.newInstance(NativeConstructorAccessorImpl.java:77) ~[?:?]
	at jdk.internal.reflect.DelegatingConstructorAccessorImpl.newInstance(DelegatingConstructorAccessorImpl.java:45) ~[?:?]
	at java.lang.reflect.Constructor.newInstanceWithCaller(Constructor.java:499) ~[?:?]
	at java.lang.reflect.Constructor.newInstance(Constructor.java:480) ~[?:?]
	at com.mysql.jdbc.Util.handleNewInstance(Util.java:403) ~[mysql-connector-java-5.1.49.jar:5.1.49]
	at com.mysql.jdbc.ConnectionImpl.getInstance(ConnectionImpl.java:385) ~[mysql-connector-java-5.1.49.jar:5.1.49]
	at com.mysql.jdbc.NonRegisteringDriver.connect(NonRegisteringDriver.java:323) ~[mysql-connector-java-5.1.49.jar:5.1.49]
	at com.zaxxer.hikari.util.DriverDataSource.getConnection(DriverDataSource.java:138) ~[HikariCP-4.0.3.jar:?]
	at com.zaxxer.hikari.pool.PoolBase.newConnection(PoolBase.java:364) ~[HikariCP-4.0.3.jar:?]
	at com.zaxxer.hikari.pool.PoolBase.newPoolEntry(PoolBase.java:206) ~[HikariCP-4.0.3.jar:?]
	at com.zaxxer.hikari.pool.HikariPool.createPoolEntry(HikariPool.java:476) ~[HikariCP-4.0.3.jar:?]
	at com.zaxxer.hikari.pool.HikariPool.checkFailFast(HikariPool.java:561) ~[HikariCP-4.0.3.jar:?]
	at com.zaxxer.hikari.pool.HikariPool.<init>(HikariPool.java:115) ~[HikariCP-4.0.3.jar:?]
	at com.zaxxer.hikari.HikariDataSource.getConnection(HikariDataSource.java:112) ~[HikariCP-4.0.3.jar:?]
	at org.springframework.jdbc.datasource.DataSourceUtils.fetchConnection(DataSourceUtils.java:159) ~[spring-jdbc-5.3.25.jar:5.3.25]
	at org.springframework.jdbc.datasource.DataSourceUtils.doGetConnection(DataSourceUtils.java:117) ~[spring-jdbc-5.3.25.jar:5.3.25]
	at org.springframework.jdbc.datasource.DataSourceUtils.getConnection(DataSourceUtils.java:80) ~[spring-jdbc-5.3.25.jar:5.3.25]
	at org.mybatis.spring.transaction.SpringManagedTransaction.openConnection(SpringManagedTransaction.java:80) ~[mybatis-spring-2.1.0.jar:2.1.0]
	at org.mybatis.spring.transaction.SpringManagedTransaction.getConnection(SpringManagedTransaction.java:67) ~[mybatis-spring-2.1.0.jar:2.1.0]
	at org.apache.ibatis.executor.BaseExecutor.getConnection(BaseExecutor.java:337) ~[mybatis-3.5.11.jar:3.5.11]
	at org.apache.ibatis.executor.SimpleExecutor.prepareStatement(SimpleExecutor.java:86) ~[mybatis-3.5.11.jar:3.5.11]
	at org.apache.ibatis.executor.SimpleExecutor.doQuery(SimpleExecutor.java:62) ~[mybatis-3.5.11.jar:3.5.11]
	at org.apache.ibatis.executor.BaseExecutor.queryFromDatabase(BaseExecutor.java:325) ~[mybatis-3.5.11.jar:3.5.11]
	at org.apache.ibatis.executor.BaseExecutor.query(BaseExecutor.java:156) ~[mybatis-3.5.11.jar:3.5.11]
	at org.apache.ibatis.executor.CachingExecutor.query(CachingExecutor.java:109) ~[mybatis-3.5.11.jar:3.5.11]
	at com.github.pagehelper.PageInterceptor.intercept(PageInterceptor.java:151) ~[pagehelper-5.3.2.jar:?]
	at org.apache.ibatis.plugin.Plugin.invoke(Plugin.java:62) ~[mybatis-3.5.11.jar:3.5.11]
	at jdk.proxy2.$Proxy131.query(Unknown Source) ~[?:?]
	at org.apache.ibatis.session.defaults.DefaultSqlSession.selectList(DefaultSqlSession.java:151) ~[mybatis-3.5.11.jar:3.5.11]
	at org.apache.ibatis.session.defaults.DefaultSqlSession.selectList(DefaultSqlSession.java:145) ~[mybatis-3.5.11.jar:3.5.11]
	at org.apache.ibatis.session.defaults.DefaultSqlSession.selectList(DefaultSqlSession.java:140) ~[mybatis-3.5.11.jar:3.5.11]
	at jdk.internal.reflect.NativeMethodAccessorImpl.invoke0(Native Method) ~[?:?]
	at jdk.internal.reflect.NativeMethodAccessorImpl.invoke(NativeMethodAccessorImpl.java:77) ~[?:?]
	at jdk.internal.reflect.DelegatingMethodAccessorImpl.invoke(DelegatingMethodAccessorImpl.java:43) ~[?:?]
	at java.lang.reflect.Method.invoke(Method.java:568) ~[?:?]
	at org.mybatis.spring.SqlSessionTemplate$SqlSessionInterceptor.invoke(SqlSessionTemplate.java:425) ~[mybatis-spring-2.1.0.jar:2.1.0]
	at jdk.proxy2.$Proxy92.selectList(Unknown Source) ~[?:?]
	at org.mybatis.spring.SqlSessionTemplate.selectList(SqlSessionTemplate.java:224) ~[mybatis-spring-2.1.0.jar:2.1.0]
	at org.apache.ibatis.binding.MapperMethod.executeForMany(MapperMethod.java:147) ~[mybatis-3.5.11.jar:3.5.11]
	at org.apache.ibatis.binding.MapperMethod.execute(MapperMethod.java:80) ~[mybatis-3.5.11.jar:3.5.11]
	at org.apache.ibatis.binding.MapperProxy$PlainMethodInvoker.invoke(MapperProxy.java:145) ~[mybatis-3.5.11.jar:3.5.11]
	at org.apache.ibatis.binding.MapperProxy.invoke(MapperProxy.java:86) ~[mybatis-3.5.11.jar:3.5.11]
	at jdk.proxy3.$Proxy110.getUserList(Unknown Source) ~[?:?]
	at ma.com.serviceImp.UserServiceImp.getAllUser(UserServiceImp.java:19) ~[classes/:?]
	at ma.com.controller.UserController.getAllUser(UserController.java:103) ~[classes/:?]
	at jdk.internal.reflect.NativeMethodAccessorImpl.invoke0(Native Method) ~[?:?]
	at jdk.internal.reflect.NativeMethodAccessorImpl.invoke(NativeMethodAccessorImpl.java:77) ~[?:?]
	at jdk.internal.reflect.DelegatingMethodAccessorImpl.invoke(DelegatingMethodAccessorImpl.java:43) ~[?:?]
	at java.lang.reflect.Method.invoke(Method.java:568) ~[?:?]
	at org.springframework.web.method.support.InvocableHandlerMethod.doInvoke(InvocableHandlerMethod.java:205) ~[spring-web-5.3.25.jar:5.3.25]
	at org.springframework.web.method.support.InvocableHandlerMethod.invokeForRequest(InvocableHandlerMethod.java:150) ~[spring-web-5.3.25.jar:5.3.25]
	at org.springframework.web.servlet.mvc.method.annotation.ServletInvocableHandlerMethod.invokeAndHandle(ServletInvocableHandlerMethod.java:117) ~[spring-webmvc-5.3.25.jar:5.3.25]
	at org.springframework.web.servlet.mvc.method.annotation.RequestMappingHandlerAdapter.invokeHandlerMethod(RequestMappingHandlerAdapter.java:895) ~[spring-webmvc-5.3.25.jar:5.3.25]
	at org.springframework.web.servlet.mvc.method.annotation.RequestMappingHandlerAdapter.handleInternal(RequestMappingHandlerAdapter.java:808) ~[spring-webmvc-5.3.25.jar:5.3.25]
	at org.springframework.web.servlet.mvc.method.AbstractHandlerMethodAdapter.handle(AbstractHandlerMethodAdapter.java:87) ~[spring-webmvc-5.3.25.jar:5.3.25]
	at org.springframework.web.servlet.DispatcherServlet.doDispatch(DispatcherServlet.java:1071) ~[spring-webmvc-5.3.25.jar:5.3.25]
	at org.springframework.web.servlet.DispatcherServlet.doService(DispatcherServlet.java:964) ~[spring-webmvc-5.3.25.jar:5.3.25]
	at org.springframework.web.servlet.FrameworkServlet.processRequest(FrameworkServlet.java:1006) ~[spring-webmvc-5.3.25.jar:5.3.25]
	at org.springframework.web.servlet.FrameworkServlet.doGet(FrameworkServlet.java:898) ~[spring-webmvc-5.3.25.jar:5.3.25]
	at javax.servlet.http.HttpServlet.service(HttpServlet.java:670) ~[tomcat-embed-core-9.0.71.jar:4.0.FR]
	at org.springframework.web.servlet.FrameworkServlet.service(FrameworkServlet.java:883) ~[spring-webmvc-5.3.25.jar:5.3.25]
	at javax.servlet.http.HttpServlet.service(HttpServlet.java:779) ~[tomcat-embed-core-9.0.71.jar:4.0.FR]
	at org.apache.catalina.core.ApplicationFilterChain.internalDoFilter(ApplicationFilterChain.java:227) ~[tomcat-embed-core-9.0.71.jar:9.0.71]
	at org.apache.catalina.core.ApplicationFilterChain.doFilter(ApplicationFilterChain.java:162) ~[tomcat-embed-core-9.0.71.jar:9.0.71]
	at org.apache.tomcat.websocket.server.WsFilter.doFilter(WsFilter.java:53) ~[tomcat-embed-websocket-9.0.71.jar:9.0.71]
	at org.apache.catalina.core.ApplicationFilterChain.internalDoFilter(ApplicationFilterChain.java:189) ~[tomcat-embed-core-9.0.71.jar:9.0.71]
	at org.apache.catalina.core.ApplicationFilterChain.doFilter(ApplicationFilterChain.java:162) ~[tomcat-embed-core-9.0.71.jar:9.0.71]
	at org.springframework.web.filter.RequestContextFilter.doFilterInternal(RequestContextFilter.java:100) ~[spring-web-5.3.25.jar:5.3.25]
	at org.springframework.web.filter.OncePerRequestFilter.doFilter(OncePerRequestFilter.java:117) ~[spring-web-5.3.25.jar:5.3.25]
	at org.apache.catalina.core.ApplicationFilterChain.internalDoFilter(ApplicationFilterChain.java:189) ~[tomcat-embed-core-9.0.71.jar:9.0.71]
	at org.apache.catalina.core.ApplicationFilterChain.doFilter(ApplicationFilterChain.java:162) ~[tomcat-embed-core-9.0.71.jar:9.0.71]
	at org.springframework.web.filter.FormContentFilter.doFilterInternal(FormContentFilter.java:93) ~[spring-web-5.3.25.jar:5.3.25]
	at org.springframework.web.filter.OncePerRequestFilter.doFilter(OncePerRequestFilter.java:117) ~[spring-web-5.3.25.jar:5.3.25]
	at org.apache.catalina.core.ApplicationFilterChain.internalDoFilter(ApplicationFilterChain.java:189) ~[tomcat-embed-core-9.0.71.jar:9.0.71]
	at org.apache.catalina.core.ApplicationFilterChain.doFilter(ApplicationFilterChain.java:162) ~[tomcat-embed-core-9.0.71.jar:9.0.71]
	at org.springframework.web.filter.CharacterEncodingFilter.doFilterInternal(CharacterEncodingFilter.java:201) ~[spring-web-5.3.25.jar:5.3.25]
	at org.springframework.web.filter.OncePerRequestFilter.doFilter(OncePerRequestFilter.java:117) ~[spring-web-5.3.25.jar:5.3.25]
	at org.apache.catalina.core.ApplicationFilterChain.internalDoFilter(ApplicationFilterChain.java:189) ~[tomcat-embed-core-9.0.71.jar:9.0.71]
	at org.apache.catalina.core.ApplicationFilterChain.doFilter(ApplicationFilterChain.java:162) ~[tomcat-embed-core-9.0.71.jar:9.0.71]
	at org.apache.catalina.core.StandardWrapperValve.invoke(StandardWrapperValve.java:177) ~[tomcat-embed-core-9.0.71.jar:9.0.71]
	at org.apache.catalina.core.StandardContextValve.invoke(StandardContextValve.java:97) ~[tomcat-embed-core-9.0.71.jar:9.0.71]
	at org.apache.catalina.authenticator.AuthenticatorBase.invoke(AuthenticatorBase.java:541) ~[tomcat-embed-core-9.0.71.jar:9.0.71]
	at org.apache.catalina.core.StandardHostValve.invoke(StandardHostValve.java:135) ~[tomcat-embed-core-9.0.71.jar:9.0.71]
	at org.apache.catalina.valves.ErrorReportValve.invoke(ErrorReportValve.java:92) ~[tomcat-embed-core-9.0.71.jar:9.0.71]
	at org.apache.catalina.core.StandardEngineValve.invoke(StandardEngineValve.java:78) ~[tomcat-embed-core-9.0.71.jar:9.0.71]
	at org.apache.catalina.connector.CoyoteAdapter.service(CoyoteAdapter.java:360) ~[tomcat-embed-core-9.0.71.jar:9.0.71]
	at org.apache.coyote.http11.Http11Processor.service(Http11Processor.java:399) ~[tomcat-embed-core-9.0.71.jar:9.0.71]
	at org.apache.coyote.AbstractProcessorLight.process(AbstractProcessorLight.java:65) ~[tomcat-embed-core-9.0.71.jar:9.0.71]
	at org.apache.coyote.AbstractProtocol$ConnectionHandler.process(AbstractProtocol.java:891) ~[tomcat-embed-core-9.0.71.jar:9.0.71]
	at org.apache.tomcat.util.net.NioEndpoint$SocketProcessor.doRun(NioEndpoint.java:1784) ~[tomcat-embed-core-9.0.71.jar:9.0.71]
	at org.apache.tomcat.util.net.SocketProcessorBase.run(SocketProcessorBase.java:49) ~[tomcat-embed-core-9.0.71.jar:9.0.71]
	at org.apache.tomcat.util.threads.ThreadPoolExecutor.runWorker(ThreadPoolExecutor.java:1191) ~[tomcat-embed-core-9.0.71.jar:9.0.71]
	at org.apache.tomcat.util.threads.ThreadPoolExecutor$Worker.run(ThreadPoolExecutor.java:659) ~[tomcat-embed-core-9.0.71.jar:9.0.71]
	at org.apache.tomcat.util.threads.TaskThread$WrappingRunnable.run(TaskThread.java:61) ~[tomcat-embed-core-9.0.71.jar:9.0.71]
	at java.lang.Thread.run(Thread.java:840) ~[?:?]
[2025-03-27 09:48:55:682] [ERROR] - com.zaxxer.hikari.pool.HikariPool.throwPoolInitializationException(HikariPool.java:594) - HikariPool-1 - Exception during pool initialization.
com.mysql.jdbc.exceptions.jdbc4.CommunicationsException: Communications link failure

The last packet sent successfully to the server was 0 milliseconds ago. The driver has not received any packets from the server.
	at jdk.internal.reflect.NativeConstructorAccessorImpl.newInstance0(Native Method) ~[?:?]
	at jdk.internal.reflect.NativeConstructorAccessorImpl.newInstance(NativeConstructorAccessorImpl.java:77) ~[?:?]
	at jdk.internal.reflect.DelegatingConstructorAccessorImpl.newInstance(DelegatingConstructorAccessorImpl.java:45) ~[?:?]
	at java.lang.reflect.Constructor.newInstanceWithCaller(Constructor.java:499) ~[?:?]
	at java.lang.reflect.Constructor.newInstance(Constructor.java:480) ~[?:?]
	at com.mysql.jdbc.Util.handleNewInstance(Util.java:403) ~[mysql-connector-java-5.1.49.jar:5.1.49]
	at com.mysql.jdbc.SQLError.createCommunicationsException(SQLError.java:990) ~[mysql-connector-java-5.1.49.jar:5.1.49]
	at com.mysql.jdbc.MysqlIO.<init>(MysqlIO.java:335) ~[mysql-connector-java-5.1.49.jar:5.1.49]
	at com.mysql.jdbc.ConnectionImpl.coreConnect(ConnectionImpl.java:2187) ~[mysql-connector-java-5.1.49.jar:5.1.49]
	at com.mysql.jdbc.ConnectionImpl.connectOneTryOnly(ConnectionImpl.java:2220) ~[mysql-connector-java-5.1.49.jar:5.1.49]
	at com.mysql.jdbc.ConnectionImpl.createNewIO(ConnectionImpl.java:2015) ~[mysql-connector-java-5.1.49.jar:5.1.49]
	at com.mysql.jdbc.ConnectionImpl.<init>(ConnectionImpl.java:768) ~[mysql-connector-java-5.1.49.jar:5.1.49]
	at com.mysql.jdbc.JDBC4Connection.<init>(JDBC4Connection.java:47) ~[mysql-connector-java-5.1.49.jar:5.1.49]
	at jdk.internal.reflect.NativeConstructorAccessorImpl.newInstance0(Native Method) ~[?:?]
	at jdk.internal.reflect.NativeConstructorAccessorImpl.newInstance(NativeConstructorAccessorImpl.java:77) ~[?:?]
	at jdk.internal.reflect.DelegatingConstructorAccessorImpl.newInstance(DelegatingConstructorAccessorImpl.java:45) ~[?:?]
	at java.lang.reflect.Constructor.newInstanceWithCaller(Constructor.java:499) ~[?:?]
	at java.lang.reflect.Constructor.newInstance(Constructor.java:480) ~[?:?]
	at com.mysql.jdbc.Util.handleNewInstance(Util.java:403) ~[mysql-connector-java-5.1.49.jar:5.1.49]
	at com.mysql.jdbc.ConnectionImpl.getInstance(ConnectionImpl.java:385) ~[mysql-connector-java-5.1.49.jar:5.1.49]
	at com.mysql.jdbc.NonRegisteringDriver.connect(NonRegisteringDriver.java:323) ~[mysql-connector-java-5.1.49.jar:5.1.49]
	at com.zaxxer.hikari.util.DriverDataSource.getConnection(DriverDataSource.java:138) ~[HikariCP-4.0.3.jar:?]
	at com.zaxxer.hikari.pool.PoolBase.newConnection(PoolBase.java:364) ~[HikariCP-4.0.3.jar:?]
	at com.zaxxer.hikari.pool.PoolBase.newPoolEntry(PoolBase.java:206) ~[HikariCP-4.0.3.jar:?]
	at com.zaxxer.hikari.pool.HikariPool.createPoolEntry(HikariPool.java:476) ~[HikariCP-4.0.3.jar:?]
	at com.zaxxer.hikari.pool.HikariPool.checkFailFast(HikariPool.java:561) ~[HikariCP-4.0.3.jar:?]
	at com.zaxxer.hikari.pool.HikariPool.<init>(HikariPool.java:115) ~[HikariCP-4.0.3.jar:?]
	at com.zaxxer.hikari.HikariDataSource.getConnection(HikariDataSource.java:112) ~[HikariCP-4.0.3.jar:?]
	at org.springframework.jdbc.datasource.DataSourceUtils.fetchConnection(DataSourceUtils.java:159) ~[spring-jdbc-5.3.25.jar:5.3.25]
	at org.springframework.jdbc.datasource.DataSourceUtils.doGetConnection(DataSourceUtils.java:117) ~[spring-jdbc-5.3.25.jar:5.3.25]
	at org.springframework.jdbc.datasource.DataSourceUtils.getConnection(DataSourceUtils.java:80) ~[spring-jdbc-5.3.25.jar:5.3.25]
	at org.mybatis.spring.transaction.SpringManagedTransaction.openConnection(SpringManagedTransaction.java:80) ~[mybatis-spring-2.1.0.jar:2.1.0]
	at org.mybatis.spring.transaction.SpringManagedTransaction.getConnection(SpringManagedTransaction.java:67) ~[mybatis-spring-2.1.0.jar:2.1.0]
	at org.apache.ibatis.executor.BaseExecutor.getConnection(BaseExecutor.java:337) ~[mybatis-3.5.11.jar:3.5.11]
	at org.apache.ibatis.executor.SimpleExecutor.prepareStatement(SimpleExecutor.java:86) ~[mybatis-3.5.11.jar:3.5.11]
	at org.apache.ibatis.executor.SimpleExecutor.doQuery(SimpleExecutor.java:62) ~[mybatis-3.5.11.jar:3.5.11]
	at org.apache.ibatis.executor.BaseExecutor.queryFromDatabase(BaseExecutor.java:325) ~[mybatis-3.5.11.jar:3.5.11]
	at org.apache.ibatis.executor.BaseExecutor.query(BaseExecutor.java:156) ~[mybatis-3.5.11.jar:3.5.11]
	at org.apache.ibatis.executor.CachingExecutor.query(CachingExecutor.java:109) ~[mybatis-3.5.11.jar:3.5.11]
	at com.github.pagehelper.PageInterceptor.intercept(PageInterceptor.java:151) ~[pagehelper-5.3.2.jar:?]
	at org.apache.ibatis.plugin.Plugin.invoke(Plugin.java:62) ~[mybatis-3.5.11.jar:3.5.11]
	at jdk.proxy2.$Proxy131.query(Unknown Source) ~[?:?]
	at org.apache.ibatis.session.defaults.DefaultSqlSession.selectList(DefaultSqlSession.java:151) ~[mybatis-3.5.11.jar:3.5.11]
	at org.apache.ibatis.session.defaults.DefaultSqlSession.selectList(DefaultSqlSession.java:145) ~[mybatis-3.5.11.jar:3.5.11]
	at org.apache.ibatis.session.defaults.DefaultSqlSession.selectList(DefaultSqlSession.java:140) ~[mybatis-3.5.11.jar:3.5.11]
	at jdk.internal.reflect.NativeMethodAccessorImpl.invoke0(Native Method) ~[?:?]
	at jdk.internal.reflect.NativeMethodAccessorImpl.invoke(NativeMethodAccessorImpl.java:77) ~[?:?]
	at jdk.internal.reflect.DelegatingMethodAccessorImpl.invoke(DelegatingMethodAccessorImpl.java:43) ~[?:?]
	at java.lang.reflect.Method.invoke(Method.java:568) ~[?:?]
	at org.mybatis.spring.SqlSessionTemplate$SqlSessionInterceptor.invoke(SqlSessionTemplate.java:425) ~[mybatis-spring-2.1.0.jar:2.1.0]
	at jdk.proxy2.$Proxy92.selectList(Unknown Source) ~[?:?]
	at org.mybatis.spring.SqlSessionTemplate.selectList(SqlSessionTemplate.java:224) ~[mybatis-spring-2.1.0.jar:2.1.0]
	at org.apache.ibatis.binding.MapperMethod.executeForMany(MapperMethod.java:147) ~[mybatis-3.5.11.jar:3.5.11]
	at org.apache.ibatis.binding.MapperMethod.execute(MapperMethod.java:80) ~[mybatis-3.5.11.jar:3.5.11]
	at org.apache.ibatis.binding.MapperProxy$PlainMethodInvoker.invoke(MapperProxy.java:145) ~[mybatis-3.5.11.jar:3.5.11]
	at org.apache.ibatis.binding.MapperProxy.invoke(MapperProxy.java:86) ~[mybatis-3.5.11.jar:3.5.11]
	at jdk.proxy3.$Proxy104.getFilesByIssuerNumber0(Unknown Source) ~[?:?]
	at ma.com.serviceImp.FileServiceImpl.getFilesByIssuerNumber0(FileServiceImpl.java:86) ~[classes/:?]
	at ma.com.controller.FileController.getFilesByIssuerNumber0(FileController.java:46) ~[classes/:?]
	at jdk.internal.reflect.NativeMethodAccessorImpl.invoke0(Native Method) ~[?:?]
	at jdk.internal.reflect.NativeMethodAccessorImpl.invoke(NativeMethodAccessorImpl.java:77) ~[?:?]
	at jdk.internal.reflect.DelegatingMethodAccessorImpl.invoke(DelegatingMethodAccessorImpl.java:43) ~[?:?]
	at java.lang.reflect.Method.invoke(Method.java:568) ~[?:?]
	at org.springframework.web.method.support.InvocableHandlerMethod.doInvoke(InvocableHandlerMethod.java:205) ~[spring-web-5.3.25.jar:5.3.25]
	at org.springframework.web.method.support.InvocableHandlerMethod.invokeForRequest(InvocableHandlerMethod.java:150) ~[spring-web-5.3.25.jar:5.3.25]
	at org.springframework.web.servlet.mvc.method.annotation.ServletInvocableHandlerMethod.invokeAndHandle(ServletInvocableHandlerMethod.java:117) ~[spring-webmvc-5.3.25.jar:5.3.25]
	at org.springframework.web.servlet.mvc.method.annotation.RequestMappingHandlerAdapter.invokeHandlerMethod(RequestMappingHandlerAdapter.java:895) ~[spring-webmvc-5.3.25.jar:5.3.25]
	at org.springframework.web.servlet.mvc.method.annotation.RequestMappingHandlerAdapter.handleInternal(RequestMappingHandlerAdapter.java:808) ~[spring-webmvc-5.3.25.jar:5.3.25]
	at org.springframework.web.servlet.mvc.method.AbstractHandlerMethodAdapter.handle(AbstractHandlerMethodAdapter.java:87) ~[spring-webmvc-5.3.25.jar:5.3.25]
	at org.springframework.web.servlet.DispatcherServlet.doDispatch(DispatcherServlet.java:1071) ~[spring-webmvc-5.3.25.jar:5.3.25]
	at org.springframework.web.servlet.DispatcherServlet.doService(DispatcherServlet.java:964) ~[spring-webmvc-5.3.25.jar:5.3.25]
	at org.springframework.web.servlet.FrameworkServlet.processRequest(FrameworkServlet.java:1006) ~[spring-webmvc-5.3.25.jar:5.3.25]
	at org.springframework.web.servlet.FrameworkServlet.doGet(FrameworkServlet.java:898) ~[spring-webmvc-5.3.25.jar:5.3.25]
	at javax.servlet.http.HttpServlet.service(HttpServlet.java:670) ~[tomcat-embed-core-9.0.71.jar:4.0.FR]
	at org.springframework.web.servlet.FrameworkServlet.service(FrameworkServlet.java:883) ~[spring-webmvc-5.3.25.jar:5.3.25]
	at javax.servlet.http.HttpServlet.service(HttpServlet.java:779) ~[tomcat-embed-core-9.0.71.jar:4.0.FR]
	at org.apache.catalina.core.ApplicationFilterChain.internalDoFilter(ApplicationFilterChain.java:227) ~[tomcat-embed-core-9.0.71.jar:9.0.71]
	at org.apache.catalina.core.ApplicationFilterChain.doFilter(ApplicationFilterChain.java:162) ~[tomcat-embed-core-9.0.71.jar:9.0.71]
	at org.apache.tomcat.websocket.server.WsFilter.doFilter(WsFilter.java:53) ~[tomcat-embed-websocket-9.0.71.jar:9.0.71]
	at org.apache.catalina.core.ApplicationFilterChain.internalDoFilter(ApplicationFilterChain.java:189) ~[tomcat-embed-core-9.0.71.jar:9.0.71]
	at org.apache.catalina.core.ApplicationFilterChain.doFilter(ApplicationFilterChain.java:162) ~[tomcat-embed-core-9.0.71.jar:9.0.71]
	at org.springframework.web.filter.RequestContextFilter.doFilterInternal(RequestContextFilter.java:100) ~[spring-web-5.3.25.jar:5.3.25]
	at org.springframework.web.filter.OncePerRequestFilter.doFilter(OncePerRequestFilter.java:117) ~[spring-web-5.3.25.jar:5.3.25]
	at org.apache.catalina.core.ApplicationFilterChain.internalDoFilter(ApplicationFilterChain.java:189) ~[tomcat-embed-core-9.0.71.jar:9.0.71]
	at org.apache.catalina.core.ApplicationFilterChain.doFilter(ApplicationFilterChain.java:162) ~[tomcat-embed-core-9.0.71.jar:9.0.71]
	at org.springframework.web.filter.FormContentFilter.doFilterInternal(FormContentFilter.java:93) ~[spring-web-5.3.25.jar:5.3.25]
	at org.springframework.web.filter.OncePerRequestFilter.doFilter(OncePerRequestFilter.java:117) ~[spring-web-5.3.25.jar:5.3.25]
	at org.apache.catalina.core.ApplicationFilterChain.internalDoFilter(ApplicationFilterChain.java:189) ~[tomcat-embed-core-9.0.71.jar:9.0.71]
	at org.apache.catalina.core.ApplicationFilterChain.doFilter(ApplicationFilterChain.java:162) ~[tomcat-embed-core-9.0.71.jar:9.0.71]
	at org.springframework.web.filter.CharacterEncodingFilter.doFilterInternal(CharacterEncodingFilter.java:201) ~[spring-web-5.3.25.jar:5.3.25]
	at org.springframework.web.filter.OncePerRequestFilter.doFilter(OncePerRequestFilter.java:117) ~[spring-web-5.3.25.jar:5.3.25]
	at org.apache.catalina.core.ApplicationFilterChain.internalDoFilter(ApplicationFilterChain.java:189) ~[tomcat-embed-core-9.0.71.jar:9.0.71]
	at org.apache.catalina.core.ApplicationFilterChain.doFilter(ApplicationFilterChain.java:162) ~[tomcat-embed-core-9.0.71.jar:9.0.71]
	at org.apache.catalina.core.StandardWrapperValve.invoke(StandardWrapperValve.java:177) ~[tomcat-embed-core-9.0.71.jar:9.0.71]
	at org.apache.catalina.core.StandardContextValve.invoke(StandardContextValve.java:97) ~[tomcat-embed-core-9.0.71.jar:9.0.71]
	at org.apache.catalina.authenticator.AuthenticatorBase.invoke(AuthenticatorBase.java:541) ~[tomcat-embed-core-9.0.71.jar:9.0.71]
	at org.apache.catalina.core.StandardHostValve.invoke(StandardHostValve.java:135) ~[tomcat-embed-core-9.0.71.jar:9.0.71]
	at org.apache.catalina.valves.ErrorReportValve.invoke(ErrorReportValve.java:92) ~[tomcat-embed-core-9.0.71.jar:9.0.71]
	at org.apache.catalina.core.StandardEngineValve.invoke(StandardEngineValve.java:78) ~[tomcat-embed-core-9.0.71.jar:9.0.71]
	at org.apache.catalina.connector.CoyoteAdapter.service(CoyoteAdapter.java:360) ~[tomcat-embed-core-9.0.71.jar:9.0.71]
	at org.apache.coyote.http11.Http11Processor.service(Http11Processor.java:399) ~[tomcat-embed-core-9.0.71.jar:9.0.71]
	at org.apache.coyote.AbstractProcessorLight.process(AbstractProcessorLight.java:65) ~[tomcat-embed-core-9.0.71.jar:9.0.71]
	at org.apache.coyote.AbstractProtocol$ConnectionHandler.process(AbstractProtocol.java:891) ~[tomcat-embed-core-9.0.71.jar:9.0.71]
	at org.apache.tomcat.util.net.NioEndpoint$SocketProcessor.doRun(NioEndpoint.java:1784) ~[tomcat-embed-core-9.0.71.jar:9.0.71]
	at org.apache.tomcat.util.net.SocketProcessorBase.run(SocketProcessorBase.java:49) ~[tomcat-embed-core-9.0.71.jar:9.0.71]
	at org.apache.tomcat.util.threads.ThreadPoolExecutor.runWorker(ThreadPoolExecutor.java:1191) ~[tomcat-embed-core-9.0.71.jar:9.0.71]
	at org.apache.tomcat.util.threads.ThreadPoolExecutor$Worker.run(ThreadPoolExecutor.java:659) ~[tomcat-embed-core-9.0.71.jar:9.0.71]
	at org.apache.tomcat.util.threads.TaskThread$WrappingRunnable.run(TaskThread.java:61) ~[tomcat-embed-core-9.0.71.jar:9.0.71]
	at java.lang.Thread.run(Thread.java:840) ~[?:?]
Caused by: java.net.ConnectException: Connection timed out: getsockopt
	at sun.nio.ch.Net.pollConnect(Native Method) ~[?:?]
	at sun.nio.ch.Net.pollConnectNow(Net.java:672) ~[?:?]
	at sun.nio.ch.NioSocketImpl.timedFinishConnect(NioSocketImpl.java:554) ~[?:?]
	at sun.nio.ch.NioSocketImpl.connect(NioSocketImpl.java:602) ~[?:?]
	at java.net.SocksSocketImpl.connect(SocksSocketImpl.java:327) ~[?:?]
	at java.net.Socket.connect(Socket.java:633) ~[?:?]
	at com.mysql.jdbc.StandardSocketFactory.connect(StandardSocketFactory.java:211) ~[mysql-connector-java-5.1.49.jar:5.1.49]
	at com.mysql.jdbc.MysqlIO.<init>(MysqlIO.java:299) ~[mysql-connector-java-5.1.49.jar:5.1.49]
	... 101 more
[2025-03-27 09:48:55:689] [ERROR] - org.apache.juli.logging.DirectJDKLog.log(DirectJDKLog.java:175) - Servlet.service() for servlet [dispatcherServlet] in context with path [] threw exception [Request processing failed; nested exception is org.mybatis.spring.MyBatisSystemException: nested exception is org.apache.ibatis.exceptions.PersistenceException: 
### Error querying database.  Cause: org.springframework.jdbc.CannotGetJdbcConnectionException: Failed to obtain JDBC Connection; nested exception is com.mysql.jdbc.exceptions.jdbc4.CommunicationsException: Communications link failure

The last packet sent successfully to the server was 0 milliseconds ago. The driver has not received any packets from the server.
### The error may exist in ma/com/mapper/FileMapper.java (best guess)
### The error may involve ma.com.mapper.FileMapper.getFilesByIssuerNumber0
### The error occurred while executing a query
### Cause: org.springframework.jdbc.CannotGetJdbcConnectionException: Failed to obtain JDBC Connection; nested exception is com.mysql.jdbc.exceptions.jdbc4.CommunicationsException: Communications link failure

The last packet sent successfully to the server was 0 milliseconds ago. The driver has not received any packets from the server.] with root cause
java.net.ConnectException: Connection timed out: getsockopt
	at sun.nio.ch.Net.pollConnect(Native Method) ~[?:?]
	at sun.nio.ch.Net.pollConnectNow(Net.java:672) ~[?:?]
	at sun.nio.ch.NioSocketImpl.timedFinishConnect(NioSocketImpl.java:554) ~[?:?]
	at sun.nio.ch.NioSocketImpl.connect(NioSocketImpl.java:602) ~[?:?]
	at java.net.SocksSocketImpl.connect(SocksSocketImpl.java:327) ~[?:?]
	at java.net.Socket.connect(Socket.java:633) ~[?:?]
	at com.mysql.jdbc.StandardSocketFactory.connect(StandardSocketFactory.java:211) ~[mysql-connector-java-5.1.49.jar:5.1.49]
	at com.mysql.jdbc.MysqlIO.<init>(MysqlIO.java:299) ~[mysql-connector-java-5.1.49.jar:5.1.49]
	at com.mysql.jdbc.ConnectionImpl.coreConnect(ConnectionImpl.java:2187) ~[mysql-connector-java-5.1.49.jar:5.1.49]
	at com.mysql.jdbc.ConnectionImpl.connectOneTryOnly(ConnectionImpl.java:2220) ~[mysql-connector-java-5.1.49.jar:5.1.49]
	at com.mysql.jdbc.ConnectionImpl.createNewIO(ConnectionImpl.java:2015) ~[mysql-connector-java-5.1.49.jar:5.1.49]
	at com.mysql.jdbc.ConnectionImpl.<init>(ConnectionImpl.java:768) ~[mysql-connector-java-5.1.49.jar:5.1.49]
	at com.mysql.jdbc.JDBC4Connection.<init>(JDBC4Connection.java:47) ~[mysql-connector-java-5.1.49.jar:5.1.49]
	at jdk.internal.reflect.NativeConstructorAccessorImpl.newInstance0(Native Method) ~[?:?]
	at jdk.internal.reflect.NativeConstructorAccessorImpl.newInstance(NativeConstructorAccessorImpl.java:77) ~[?:?]
	at jdk.internal.reflect.DelegatingConstructorAccessorImpl.newInstance(DelegatingConstructorAccessorImpl.java:45) ~[?:?]
	at java.lang.reflect.Constructor.newInstanceWithCaller(Constructor.java:499) ~[?:?]
	at java.lang.reflect.Constructor.newInstance(Constructor.java:480) ~[?:?]
	at com.mysql.jdbc.Util.handleNewInstance(Util.java:403) ~[mysql-connector-java-5.1.49.jar:5.1.49]
	at com.mysql.jdbc.ConnectionImpl.getInstance(ConnectionImpl.java:385) ~[mysql-connector-java-5.1.49.jar:5.1.49]
	at com.mysql.jdbc.NonRegisteringDriver.connect(NonRegisteringDriver.java:323) ~[mysql-connector-java-5.1.49.jar:5.1.49]
	at com.zaxxer.hikari.util.DriverDataSource.getConnection(DriverDataSource.java:138) ~[HikariCP-4.0.3.jar:?]
	at com.zaxxer.hikari.pool.PoolBase.newConnection(PoolBase.java:364) ~[HikariCP-4.0.3.jar:?]
	at com.zaxxer.hikari.pool.PoolBase.newPoolEntry(PoolBase.java:206) ~[HikariCP-4.0.3.jar:?]
	at com.zaxxer.hikari.pool.HikariPool.createPoolEntry(HikariPool.java:476) ~[HikariCP-4.0.3.jar:?]
	at com.zaxxer.hikari.pool.HikariPool.checkFailFast(HikariPool.java:561) ~[HikariCP-4.0.3.jar:?]
	at com.zaxxer.hikari.pool.HikariPool.<init>(HikariPool.java:115) ~[HikariCP-4.0.3.jar:?]
	at com.zaxxer.hikari.HikariDataSource.getConnection(HikariDataSource.java:112) ~[HikariCP-4.0.3.jar:?]
	at org.springframework.jdbc.datasource.DataSourceUtils.fetchConnection(DataSourceUtils.java:159) ~[spring-jdbc-5.3.25.jar:5.3.25]
	at org.springframework.jdbc.datasource.DataSourceUtils.doGetConnection(DataSourceUtils.java:117) ~[spring-jdbc-5.3.25.jar:5.3.25]
	at org.springframework.jdbc.datasource.DataSourceUtils.getConnection(DataSourceUtils.java:80) ~[spring-jdbc-5.3.25.jar:5.3.25]
	at org.mybatis.spring.transaction.SpringManagedTransaction.openConnection(SpringManagedTransaction.java:80) ~[mybatis-spring-2.1.0.jar:2.1.0]
	at org.mybatis.spring.transaction.SpringManagedTransaction.getConnection(SpringManagedTransaction.java:67) ~[mybatis-spring-2.1.0.jar:2.1.0]
	at org.apache.ibatis.executor.BaseExecutor.getConnection(BaseExecutor.java:337) ~[mybatis-3.5.11.jar:3.5.11]
	at org.apache.ibatis.executor.SimpleExecutor.prepareStatement(SimpleExecutor.java:86) ~[mybatis-3.5.11.jar:3.5.11]
	at org.apache.ibatis.executor.SimpleExecutor.doQuery(SimpleExecutor.java:62) ~[mybatis-3.5.11.jar:3.5.11]
	at org.apache.ibatis.executor.BaseExecutor.queryFromDatabase(BaseExecutor.java:325) ~[mybatis-3.5.11.jar:3.5.11]
	at org.apache.ibatis.executor.BaseExecutor.query(BaseExecutor.java:156) ~[mybatis-3.5.11.jar:3.5.11]
	at org.apache.ibatis.executor.CachingExecutor.query(CachingExecutor.java:109) ~[mybatis-3.5.11.jar:3.5.11]
	at com.github.pagehelper.PageInterceptor.intercept(PageInterceptor.java:151) ~[pagehelper-5.3.2.jar:?]
	at org.apache.ibatis.plugin.Plugin.invoke(Plugin.java:62) ~[mybatis-3.5.11.jar:3.5.11]
	at jdk.proxy2.$Proxy131.query(Unknown Source) ~[?:?]
	at org.apache.ibatis.session.defaults.DefaultSqlSession.selectList(DefaultSqlSession.java:151) ~[mybatis-3.5.11.jar:3.5.11]
	at org.apache.ibatis.session.defaults.DefaultSqlSession.selectList(DefaultSqlSession.java:145) ~[mybatis-3.5.11.jar:3.5.11]
	at org.apache.ibatis.session.defaults.DefaultSqlSession.selectList(DefaultSqlSession.java:140) ~[mybatis-3.5.11.jar:3.5.11]
	at jdk.internal.reflect.NativeMethodAccessorImpl.invoke0(Native Method) ~[?:?]
	at jdk.internal.reflect.NativeMethodAccessorImpl.invoke(NativeMethodAccessorImpl.java:77) ~[?:?]
	at jdk.internal.reflect.DelegatingMethodAccessorImpl.invoke(DelegatingMethodAccessorImpl.java:43) ~[?:?]
	at java.lang.reflect.Method.invoke(Method.java:568) ~[?:?]
	at org.mybatis.spring.SqlSessionTemplate$SqlSessionInterceptor.invoke(SqlSessionTemplate.java:425) ~[mybatis-spring-2.1.0.jar:2.1.0]
	at jdk.proxy2.$Proxy92.selectList(Unknown Source) ~[?:?]
	at org.mybatis.spring.SqlSessionTemplate.selectList(SqlSessionTemplate.java:224) ~[mybatis-spring-2.1.0.jar:2.1.0]
	at org.apache.ibatis.binding.MapperMethod.executeForMany(MapperMethod.java:147) ~[mybatis-3.5.11.jar:3.5.11]
	at org.apache.ibatis.binding.MapperMethod.execute(MapperMethod.java:80) ~[mybatis-3.5.11.jar:3.5.11]
	at org.apache.ibatis.binding.MapperProxy$PlainMethodInvoker.invoke(MapperProxy.java:145) ~[mybatis-3.5.11.jar:3.5.11]
	at org.apache.ibatis.binding.MapperProxy.invoke(MapperProxy.java:86) ~[mybatis-3.5.11.jar:3.5.11]
	at jdk.proxy3.$Proxy104.getFilesByIssuerNumber0(Unknown Source) ~[?:?]
	at ma.com.serviceImp.FileServiceImpl.getFilesByIssuerNumber0(FileServiceImpl.java:86) ~[classes/:?]
	at ma.com.controller.FileController.getFilesByIssuerNumber0(FileController.java:46) ~[classes/:?]
	at jdk.internal.reflect.NativeMethodAccessorImpl.invoke0(Native Method) ~[?:?]
	at jdk.internal.reflect.NativeMethodAccessorImpl.invoke(NativeMethodAccessorImpl.java:77) ~[?:?]
	at jdk.internal.reflect.DelegatingMethodAccessorImpl.invoke(DelegatingMethodAccessorImpl.java:43) ~[?:?]
	at java.lang.reflect.Method.invoke(Method.java:568) ~[?:?]
	at org.springframework.web.method.support.InvocableHandlerMethod.doInvoke(InvocableHandlerMethod.java:205) ~[spring-web-5.3.25.jar:5.3.25]
	at org.springframework.web.method.support.InvocableHandlerMethod.invokeForRequest(InvocableHandlerMethod.java:150) ~[spring-web-5.3.25.jar:5.3.25]
	at org.springframework.web.servlet.mvc.method.annotation.ServletInvocableHandlerMethod.invokeAndHandle(ServletInvocableHandlerMethod.java:117) ~[spring-webmvc-5.3.25.jar:5.3.25]
	at org.springframework.web.servlet.mvc.method.annotation.RequestMappingHandlerAdapter.invokeHandlerMethod(RequestMappingHandlerAdapter.java:895) ~[spring-webmvc-5.3.25.jar:5.3.25]
	at org.springframework.web.servlet.mvc.method.annotation.RequestMappingHandlerAdapter.handleInternal(RequestMappingHandlerAdapter.java:808) ~[spring-webmvc-5.3.25.jar:5.3.25]
	at org.springframework.web.servlet.mvc.method.AbstractHandlerMethodAdapter.handle(AbstractHandlerMethodAdapter.java:87) ~[spring-webmvc-5.3.25.jar:5.3.25]
	at org.springframework.web.servlet.DispatcherServlet.doDispatch(DispatcherServlet.java:1071) ~[spring-webmvc-5.3.25.jar:5.3.25]
	at org.springframework.web.servlet.DispatcherServlet.doService(DispatcherServlet.java:964) ~[spring-webmvc-5.3.25.jar:5.3.25]
	at org.springframework.web.servlet.FrameworkServlet.processRequest(FrameworkServlet.java:1006) ~[spring-webmvc-5.3.25.jar:5.3.25]
	at org.springframework.web.servlet.FrameworkServlet.doGet(FrameworkServlet.java:898) ~[spring-webmvc-5.3.25.jar:5.3.25]
	at javax.servlet.http.HttpServlet.service(HttpServlet.java:670) ~[tomcat-embed-core-9.0.71.jar:4.0.FR]
	at org.springframework.web.servlet.FrameworkServlet.service(FrameworkServlet.java:883) ~[spring-webmvc-5.3.25.jar:5.3.25]
	at javax.servlet.http.HttpServlet.service(HttpServlet.java:779) ~[tomcat-embed-core-9.0.71.jar:4.0.FR]
	at org.apache.catalina.core.ApplicationFilterChain.internalDoFilter(ApplicationFilterChain.java:227) ~[tomcat-embed-core-9.0.71.jar:9.0.71]
	at org.apache.catalina.core.ApplicationFilterChain.doFilter(ApplicationFilterChain.java:162) ~[tomcat-embed-core-9.0.71.jar:9.0.71]
	at org.apache.tomcat.websocket.server.WsFilter.doFilter(WsFilter.java:53) ~[tomcat-embed-websocket-9.0.71.jar:9.0.71]
	at org.apache.catalina.core.ApplicationFilterChain.internalDoFilter(ApplicationFilterChain.java:189) ~[tomcat-embed-core-9.0.71.jar:9.0.71]
	at org.apache.catalina.core.ApplicationFilterChain.doFilter(ApplicationFilterChain.java:162) ~[tomcat-embed-core-9.0.71.jar:9.0.71]
	at org.springframework.web.filter.RequestContextFilter.doFilterInternal(RequestContextFilter.java:100) ~[spring-web-5.3.25.jar:5.3.25]
	at org.springframework.web.filter.OncePerRequestFilter.doFilter(OncePerRequestFilter.java:117) ~[spring-web-5.3.25.jar:5.3.25]
	at org.apache.catalina.core.ApplicationFilterChain.internalDoFilter(ApplicationFilterChain.java:189) ~[tomcat-embed-core-9.0.71.jar:9.0.71]
	at org.apache.catalina.core.ApplicationFilterChain.doFilter(ApplicationFilterChain.java:162) ~[tomcat-embed-core-9.0.71.jar:9.0.71]
	at org.springframework.web.filter.FormContentFilter.doFilterInternal(FormContentFilter.java:93) ~[spring-web-5.3.25.jar:5.3.25]
	at org.springframework.web.filter.OncePerRequestFilter.doFilter(OncePerRequestFilter.java:117) ~[spring-web-5.3.25.jar:5.3.25]
	at org.apache.catalina.core.ApplicationFilterChain.internalDoFilter(ApplicationFilterChain.java:189) ~[tomcat-embed-core-9.0.71.jar:9.0.71]
	at org.apache.catalina.core.ApplicationFilterChain.doFilter(ApplicationFilterChain.java:162) ~[tomcat-embed-core-9.0.71.jar:9.0.71]
	at org.springframework.web.filter.CharacterEncodingFilter.doFilterInternal(CharacterEncodingFilter.java:201) ~[spring-web-5.3.25.jar:5.3.25]
	at org.springframework.web.filter.OncePerRequestFilter.doFilter(OncePerRequestFilter.java:117) ~[spring-web-5.3.25.jar:5.3.25]
	at org.apache.catalina.core.ApplicationFilterChain.internalDoFilter(ApplicationFilterChain.java:189) ~[tomcat-embed-core-9.0.71.jar:9.0.71]
	at org.apache.catalina.core.ApplicationFilterChain.doFilter(ApplicationFilterChain.java:162) ~[tomcat-embed-core-9.0.71.jar:9.0.71]
	at org.apache.catalina.core.StandardWrapperValve.invoke(StandardWrapperValve.java:177) ~[tomcat-embed-core-9.0.71.jar:9.0.71]
	at org.apache.catalina.core.StandardContextValve.invoke(StandardContextValve.java:97) ~[tomcat-embed-core-9.0.71.jar:9.0.71]
	at org.apache.catalina.authenticator.AuthenticatorBase.invoke(AuthenticatorBase.java:541) ~[tomcat-embed-core-9.0.71.jar:9.0.71]
	at org.apache.catalina.core.StandardHostValve.invoke(StandardHostValve.java:135) ~[tomcat-embed-core-9.0.71.jar:9.0.71]
	at org.apache.catalina.valves.ErrorReportValve.invoke(ErrorReportValve.java:92) ~[tomcat-embed-core-9.0.71.jar:9.0.71]
	at org.apache.catalina.core.StandardEngineValve.invoke(StandardEngineValve.java:78) ~[tomcat-embed-core-9.0.71.jar:9.0.71]
	at org.apache.catalina.connector.CoyoteAdapter.service(CoyoteAdapter.java:360) ~[tomcat-embed-core-9.0.71.jar:9.0.71]
	at org.apache.coyote.http11.Http11Processor.service(Http11Processor.java:399) ~[tomcat-embed-core-9.0.71.jar:9.0.71]
	at org.apache.coyote.AbstractProcessorLight.process(AbstractProcessorLight.java:65) ~[tomcat-embed-core-9.0.71.jar:9.0.71]
	at org.apache.coyote.AbstractProtocol$ConnectionHandler.process(AbstractProtocol.java:891) ~[tomcat-embed-core-9.0.71.jar:9.0.71]
	at org.apache.tomcat.util.net.NioEndpoint$SocketProcessor.doRun(NioEndpoint.java:1784) ~[tomcat-embed-core-9.0.71.jar:9.0.71]
	at org.apache.tomcat.util.net.SocketProcessorBase.run(SocketProcessorBase.java:49) ~[tomcat-embed-core-9.0.71.jar:9.0.71]
	at org.apache.tomcat.util.threads.ThreadPoolExecutor.runWorker(ThreadPoolExecutor.java:1191) ~[tomcat-embed-core-9.0.71.jar:9.0.71]
	at org.apache.tomcat.util.threads.ThreadPoolExecutor$Worker.run(ThreadPoolExecutor.java:659) ~[tomcat-embed-core-9.0.71.jar:9.0.71]
	at org.apache.tomcat.util.threads.TaskThread$WrappingRunnable.run(TaskThread.java:61) ~[tomcat-embed-core-9.0.71.jar:9.0.71]
	at java.lang.Thread.run(Thread.java:840) ~[?:?]
[2025-03-27 09:49:17:789] [ERROR] - com.zaxxer.hikari.pool.HikariPool.throwPoolInitializationException(HikariPool.java:594) - HikariPool-1 - Exception during pool initialization.
com.mysql.jdbc.exceptions.jdbc4.CommunicationsException: Communications link failure

The last packet sent successfully to the server was 0 milliseconds ago. The driver has not received any packets from the server.
	at jdk.internal.reflect.NativeConstructorAccessorImpl.newInstance0(Native Method) ~[?:?]
	at jdk.internal.reflect.NativeConstructorAccessorImpl.newInstance(NativeConstructorAccessorImpl.java:77) ~[?:?]
	at jdk.internal.reflect.DelegatingConstructorAccessorImpl.newInstance(DelegatingConstructorAccessorImpl.java:45) ~[?:?]
	at java.lang.reflect.Constructor.newInstanceWithCaller(Constructor.java:499) ~[?:?]
	at java.lang.reflect.Constructor.newInstance(Constructor.java:480) ~[?:?]
	at com.mysql.jdbc.Util.handleNewInstance(Util.java:403) ~[mysql-connector-java-5.1.49.jar:5.1.49]
	at com.mysql.jdbc.SQLError.createCommunicationsException(SQLError.java:990) ~[mysql-connector-java-5.1.49.jar:5.1.49]
	at com.mysql.jdbc.MysqlIO.<init>(MysqlIO.java:335) ~[mysql-connector-java-5.1.49.jar:5.1.49]
	at com.mysql.jdbc.ConnectionImpl.coreConnect(ConnectionImpl.java:2187) ~[mysql-connector-java-5.1.49.jar:5.1.49]
	at com.mysql.jdbc.ConnectionImpl.connectOneTryOnly(ConnectionImpl.java:2220) ~[mysql-connector-java-5.1.49.jar:5.1.49]
	at com.mysql.jdbc.ConnectionImpl.createNewIO(ConnectionImpl.java:2015) ~[mysql-connector-java-5.1.49.jar:5.1.49]
	at com.mysql.jdbc.ConnectionImpl.<init>(ConnectionImpl.java:768) ~[mysql-connector-java-5.1.49.jar:5.1.49]
	at com.mysql.jdbc.JDBC4Connection.<init>(JDBC4Connection.java:47) ~[mysql-connector-java-5.1.49.jar:5.1.49]
	at jdk.internal.reflect.NativeConstructorAccessorImpl.newInstance0(Native Method) ~[?:?]
	at jdk.internal.reflect.NativeConstructorAccessorImpl.newInstance(NativeConstructorAccessorImpl.java:77) ~[?:?]
	at jdk.internal.reflect.DelegatingConstructorAccessorImpl.newInstance(DelegatingConstructorAccessorImpl.java:45) ~[?:?]
	at java.lang.reflect.Constructor.newInstanceWithCaller(Constructor.java:499) ~[?:?]
	at java.lang.reflect.Constructor.newInstance(Constructor.java:480) ~[?:?]
	at com.mysql.jdbc.Util.handleNewInstance(Util.java:403) ~[mysql-connector-java-5.1.49.jar:5.1.49]
	at com.mysql.jdbc.ConnectionImpl.getInstance(ConnectionImpl.java:385) ~[mysql-connector-java-5.1.49.jar:5.1.49]
	at com.mysql.jdbc.NonRegisteringDriver.connect(NonRegisteringDriver.java:323) ~[mysql-connector-java-5.1.49.jar:5.1.49]
	at com.zaxxer.hikari.util.DriverDataSource.getConnection(DriverDataSource.java:138) ~[HikariCP-4.0.3.jar:?]
	at com.zaxxer.hikari.pool.PoolBase.newConnection(PoolBase.java:364) ~[HikariCP-4.0.3.jar:?]
	at com.zaxxer.hikari.pool.PoolBase.newPoolEntry(PoolBase.java:206) ~[HikariCP-4.0.3.jar:?]
	at com.zaxxer.hikari.pool.HikariPool.createPoolEntry(HikariPool.java:476) ~[HikariCP-4.0.3.jar:?]
	at com.zaxxer.hikari.pool.HikariPool.checkFailFast(HikariPool.java:561) ~[HikariCP-4.0.3.jar:?]
	at com.zaxxer.hikari.pool.HikariPool.<init>(HikariPool.java:115) ~[HikariCP-4.0.3.jar:?]
	at com.zaxxer.hikari.HikariDataSource.getConnection(HikariDataSource.java:112) ~[HikariCP-4.0.3.jar:?]
	at org.springframework.jdbc.datasource.DataSourceUtils.fetchConnection(DataSourceUtils.java:159) ~[spring-jdbc-5.3.25.jar:5.3.25]
	at org.springframework.jdbc.datasource.DataSourceUtils.doGetConnection(DataSourceUtils.java:117) ~[spring-jdbc-5.3.25.jar:5.3.25]
	at org.springframework.jdbc.datasource.DataSourceUtils.getConnection(DataSourceUtils.java:80) ~[spring-jdbc-5.3.25.jar:5.3.25]
	at org.mybatis.spring.transaction.SpringManagedTransaction.openConnection(SpringManagedTransaction.java:80) ~[mybatis-spring-2.1.0.jar:2.1.0]
	at org.mybatis.spring.transaction.SpringManagedTransaction.getConnection(SpringManagedTransaction.java:67) ~[mybatis-spring-2.1.0.jar:2.1.0]
	at org.apache.ibatis.executor.BaseExecutor.getConnection(BaseExecutor.java:337) ~[mybatis-3.5.11.jar:3.5.11]
	at org.apache.ibatis.executor.SimpleExecutor.prepareStatement(SimpleExecutor.java:86) ~[mybatis-3.5.11.jar:3.5.11]
	at org.apache.ibatis.executor.SimpleExecutor.doQuery(SimpleExecutor.java:62) ~[mybatis-3.5.11.jar:3.5.11]
	at org.apache.ibatis.executor.BaseExecutor.queryFromDatabase(BaseExecutor.java:325) ~[mybatis-3.5.11.jar:3.5.11]
	at org.apache.ibatis.executor.BaseExecutor.query(BaseExecutor.java:156) ~[mybatis-3.5.11.jar:3.5.11]
	at org.apache.ibatis.executor.CachingExecutor.query(CachingExecutor.java:109) ~[mybatis-3.5.11.jar:3.5.11]
	at com.github.pagehelper.PageInterceptor.intercept(PageInterceptor.java:151) ~[pagehelper-5.3.2.jar:?]
	at org.apache.ibatis.plugin.Plugin.invoke(Plugin.java:62) ~[mybatis-3.5.11.jar:3.5.11]
	at jdk.proxy2.$Proxy131.query(Unknown Source) ~[?:?]
	at org.apache.ibatis.session.defaults.DefaultSqlSession.selectList(DefaultSqlSession.java:151) ~[mybatis-3.5.11.jar:3.5.11]
	at org.apache.ibatis.session.defaults.DefaultSqlSession.selectList(DefaultSqlSession.java:145) ~[mybatis-3.5.11.jar:3.5.11]
	at org.apache.ibatis.session.defaults.DefaultSqlSession.selectList(DefaultSqlSession.java:140) ~[mybatis-3.5.11.jar:3.5.11]
	at jdk.internal.reflect.NativeMethodAccessorImpl.invoke0(Native Method) ~[?:?]
	at jdk.internal.reflect.NativeMethodAccessorImpl.invoke(NativeMethodAccessorImpl.java:77) ~[?:?]
	at jdk.internal.reflect.DelegatingMethodAccessorImpl.invoke(DelegatingMethodAccessorImpl.java:43) ~[?:?]
	at java.lang.reflect.Method.invoke(Method.java:568) ~[?:?]
	at org.mybatis.spring.SqlSessionTemplate$SqlSessionInterceptor.invoke(SqlSessionTemplate.java:425) ~[mybatis-spring-2.1.0.jar:2.1.0]
	at jdk.proxy2.$Proxy92.selectList(Unknown Source) ~[?:?]
	at org.mybatis.spring.SqlSessionTemplate.selectList(SqlSessionTemplate.java:224) ~[mybatis-spring-2.1.0.jar:2.1.0]
	at org.apache.ibatis.binding.MapperMethod.executeForMany(MapperMethod.java:147) ~[mybatis-3.5.11.jar:3.5.11]
	at org.apache.ibatis.binding.MapperMethod.execute(MapperMethod.java:80) ~[mybatis-3.5.11.jar:3.5.11]
	at org.apache.ibatis.binding.MapperProxy$PlainMethodInvoker.invoke(MapperProxy.java:145) ~[mybatis-3.5.11.jar:3.5.11]
	at org.apache.ibatis.binding.MapperProxy.invoke(MapperProxy.java:86) ~[mybatis-3.5.11.jar:3.5.11]
	at jdk.proxy3.$Proxy106.getAllSchedules(Unknown Source) ~[?:?]
	at ma.com.serviceImp.ScheduleServiceImpl.getAllSchedules(ScheduleServiceImpl.java:34) ~[classes/:?]
	at ma.com.controller.ScheduleController.getAllSchedules(ScheduleController.java:42) ~[classes/:?]
	at jdk.internal.reflect.NativeMethodAccessorImpl.invoke0(Native Method) ~[?:?]
	at jdk.internal.reflect.NativeMethodAccessorImpl.invoke(NativeMethodAccessorImpl.java:77) ~[?:?]
	at jdk.internal.reflect.DelegatingMethodAccessorImpl.invoke(DelegatingMethodAccessorImpl.java:43) ~[?:?]
	at java.lang.reflect.Method.invoke(Method.java:568) ~[?:?]
	at org.springframework.web.method.support.InvocableHandlerMethod.doInvoke(InvocableHandlerMethod.java:205) ~[spring-web-5.3.25.jar:5.3.25]
	at org.springframework.web.method.support.InvocableHandlerMethod.invokeForRequest(InvocableHandlerMethod.java:150) ~[spring-web-5.3.25.jar:5.3.25]
	at org.springframework.web.servlet.mvc.method.annotation.ServletInvocableHandlerMethod.invokeAndHandle(ServletInvocableHandlerMethod.java:117) ~[spring-webmvc-5.3.25.jar:5.3.25]
	at org.springframework.web.servlet.mvc.method.annotation.RequestMappingHandlerAdapter.invokeHandlerMethod(RequestMappingHandlerAdapter.java:895) ~[spring-webmvc-5.3.25.jar:5.3.25]
	at org.springframework.web.servlet.mvc.method.annotation.RequestMappingHandlerAdapter.handleInternal(RequestMappingHandlerAdapter.java:808) ~[spring-webmvc-5.3.25.jar:5.3.25]
	at org.springframework.web.servlet.mvc.method.AbstractHandlerMethodAdapter.handle(AbstractHandlerMethodAdapter.java:87) ~[spring-webmvc-5.3.25.jar:5.3.25]
	at org.springframework.web.servlet.DispatcherServlet.doDispatch(DispatcherServlet.java:1071) ~[spring-webmvc-5.3.25.jar:5.3.25]
	at org.springframework.web.servlet.DispatcherServlet.doService(DispatcherServlet.java:964) ~[spring-webmvc-5.3.25.jar:5.3.25]
	at org.springframework.web.servlet.FrameworkServlet.processRequest(FrameworkServlet.java:1006) ~[spring-webmvc-5.3.25.jar:5.3.25]
	at org.springframework.web.servlet.FrameworkServlet.doGet(FrameworkServlet.java:898) ~[spring-webmvc-5.3.25.jar:5.3.25]
	at javax.servlet.http.HttpServlet.service(HttpServlet.java:670) ~[tomcat-embed-core-9.0.71.jar:4.0.FR]
	at org.springframework.web.servlet.FrameworkServlet.service(FrameworkServlet.java:883) ~[spring-webmvc-5.3.25.jar:5.3.25]
	at javax.servlet.http.HttpServlet.service(HttpServlet.java:779) ~[tomcat-embed-core-9.0.71.jar:4.0.FR]
	at org.apache.catalina.core.ApplicationFilterChain.internalDoFilter(ApplicationFilterChain.java:227) ~[tomcat-embed-core-9.0.71.jar:9.0.71]
	at org.apache.catalina.core.ApplicationFilterChain.doFilter(ApplicationFilterChain.java:162) ~[tomcat-embed-core-9.0.71.jar:9.0.71]
	at org.apache.tomcat.websocket.server.WsFilter.doFilter(WsFilter.java:53) ~[tomcat-embed-websocket-9.0.71.jar:9.0.71]
	at org.apache.catalina.core.ApplicationFilterChain.internalDoFilter(ApplicationFilterChain.java:189) ~[tomcat-embed-core-9.0.71.jar:9.0.71]
	at org.apache.catalina.core.ApplicationFilterChain.doFilter(ApplicationFilterChain.java:162) ~[tomcat-embed-core-9.0.71.jar:9.0.71]
	at org.springframework.web.filter.RequestContextFilter.doFilterInternal(RequestContextFilter.java:100) ~[spring-web-5.3.25.jar:5.3.25]
	at org.springframework.web.filter.OncePerRequestFilter.doFilter(OncePerRequestFilter.java:117) ~[spring-web-5.3.25.jar:5.3.25]
	at org.apache.catalina.core.ApplicationFilterChain.internalDoFilter(ApplicationFilterChain.java:189) ~[tomcat-embed-core-9.0.71.jar:9.0.71]
	at org.apache.catalina.core.ApplicationFilterChain.doFilter(ApplicationFilterChain.java:162) ~[tomcat-embed-core-9.0.71.jar:9.0.71]
	at org.springframework.web.filter.FormContentFilter.doFilterInternal(FormContentFilter.java:93) ~[spring-web-5.3.25.jar:5.3.25]
	at org.springframework.web.filter.OncePerRequestFilter.doFilter(OncePerRequestFilter.java:117) ~[spring-web-5.3.25.jar:5.3.25]
	at org.apache.catalina.core.ApplicationFilterChain.internalDoFilter(ApplicationFilterChain.java:189) ~[tomcat-embed-core-9.0.71.jar:9.0.71]
	at org.apache.catalina.core.ApplicationFilterChain.doFilter(ApplicationFilterChain.java:162) ~[tomcat-embed-core-9.0.71.jar:9.0.71]
	at org.springframework.web.filter.CharacterEncodingFilter.doFilterInternal(CharacterEncodingFilter.java:201) ~[spring-web-5.3.25.jar:5.3.25]
	at org.springframework.web.filter.OncePerRequestFilter.doFilter(OncePerRequestFilter.java:117) ~[spring-web-5.3.25.jar:5.3.25]
	at org.apache.catalina.core.ApplicationFilterChain.internalDoFilter(ApplicationFilterChain.java:189) ~[tomcat-embed-core-9.0.71.jar:9.0.71]
	at org.apache.catalina.core.ApplicationFilterChain.doFilter(ApplicationFilterChain.java:162) ~[tomcat-embed-core-9.0.71.jar:9.0.71]
	at org.apache.catalina.core.StandardWrapperValve.invoke(StandardWrapperValve.java:177) ~[tomcat-embed-core-9.0.71.jar:9.0.71]
	at org.apache.catalina.core.StandardContextValve.invoke(StandardContextValve.java:97) ~[tomcat-embed-core-9.0.71.jar:9.0.71]
	at org.apache.catalina.authenticator.AuthenticatorBase.invoke(AuthenticatorBase.java:541) ~[tomcat-embed-core-9.0.71.jar:9.0.71]
	at org.apache.catalina.core.StandardHostValve.invoke(StandardHostValve.java:135) ~[tomcat-embed-core-9.0.71.jar:9.0.71]
	at org.apache.catalina.valves.ErrorReportValve.invoke(ErrorReportValve.java:92) ~[tomcat-embed-core-9.0.71.jar:9.0.71]
	at org.apache.catalina.core.StandardEngineValve.invoke(StandardEngineValve.java:78) ~[tomcat-embed-core-9.0.71.jar:9.0.71]
	at org.apache.catalina.connector.CoyoteAdapter.service(CoyoteAdapter.java:360) ~[tomcat-embed-core-9.0.71.jar:9.0.71]
	at org.apache.coyote.http11.Http11Processor.service(Http11Processor.java:399) ~[tomcat-embed-core-9.0.71.jar:9.0.71]
	at org.apache.coyote.AbstractProcessorLight.process(AbstractProcessorLight.java:65) ~[tomcat-embed-core-9.0.71.jar:9.0.71]
	at org.apache.coyote.AbstractProtocol$ConnectionHandler.process(AbstractProtocol.java:891) ~[tomcat-embed-core-9.0.71.jar:9.0.71]
	at org.apache.tomcat.util.net.NioEndpoint$SocketProcessor.doRun(NioEndpoint.java:1784) ~[tomcat-embed-core-9.0.71.jar:9.0.71]
	at org.apache.tomcat.util.net.SocketProcessorBase.run(SocketProcessorBase.java:49) ~[tomcat-embed-core-9.0.71.jar:9.0.71]
	at org.apache.tomcat.util.threads.ThreadPoolExecutor.runWorker(ThreadPoolExecutor.java:1191) ~[tomcat-embed-core-9.0.71.jar:9.0.71]
	at org.apache.tomcat.util.threads.ThreadPoolExecutor$Worker.run(ThreadPoolExecutor.java:659) ~[tomcat-embed-core-9.0.71.jar:9.0.71]
	at org.apache.tomcat.util.threads.TaskThread$WrappingRunnable.run(TaskThread.java:61) ~[tomcat-embed-core-9.0.71.jar:9.0.71]
	at java.lang.Thread.run(Thread.java:840) ~[?:?]
Caused by: java.net.ConnectException: Connection timed out: getsockopt
	at sun.nio.ch.Net.pollConnect(Native Method) ~[?:?]
	at sun.nio.ch.Net.pollConnectNow(Net.java:672) ~[?:?]
	at sun.nio.ch.NioSocketImpl.timedFinishConnect(NioSocketImpl.java:554) ~[?:?]
	at sun.nio.ch.NioSocketImpl.connect(NioSocketImpl.java:602) ~[?:?]
	at java.net.SocksSocketImpl.connect(SocksSocketImpl.java:327) ~[?:?]
	at java.net.Socket.connect(Socket.java:633) ~[?:?]
	at com.mysql.jdbc.StandardSocketFactory.connect(StandardSocketFactory.java:211) ~[mysql-connector-java-5.1.49.jar:5.1.49]
	at com.mysql.jdbc.MysqlIO.<init>(MysqlIO.java:299) ~[mysql-connector-java-5.1.49.jar:5.1.49]
	... 101 more
[2025-03-27 09:49:17:793] [ERROR] - org.apache.juli.logging.DirectJDKLog.log(DirectJDKLog.java:175) - Servlet.service() for servlet [dispatcherServlet] in context with path [] threw exception [Request processing failed; nested exception is org.mybatis.spring.MyBatisSystemException: nested exception is org.apache.ibatis.exceptions.PersistenceException: 
### Error querying database.  Cause: org.springframework.jdbc.CannotGetJdbcConnectionException: Failed to obtain JDBC Connection; nested exception is com.mysql.jdbc.exceptions.jdbc4.CommunicationsException: Communications link failure

The last packet sent successfully to the server was 0 milliseconds ago. The driver has not received any packets from the server.
### The error may exist in file [E:\computer2\computer1\ifly\target\classes\mapper\ScheduleMapper.xml]
### The error may involve ma.com.mapper.ScheduleMapper.getAllSchedules
### The error occurred while executing a query
### Cause: org.springframework.jdbc.CannotGetJdbcConnectionException: Failed to obtain JDBC Connection; nested exception is com.mysql.jdbc.exceptions.jdbc4.CommunicationsException: Communications link failure

The last packet sent successfully to the server was 0 milliseconds ago. The driver has not received any packets from the server.] with root cause
java.net.ConnectException: Connection timed out: getsockopt
	at sun.nio.ch.Net.pollConnect(Native Method) ~[?:?]
	at sun.nio.ch.Net.pollConnectNow(Net.java:672) ~[?:?]
	at sun.nio.ch.NioSocketImpl.timedFinishConnect(NioSocketImpl.java:554) ~[?:?]
	at sun.nio.ch.NioSocketImpl.connect(NioSocketImpl.java:602) ~[?:?]
	at java.net.SocksSocketImpl.connect(SocksSocketImpl.java:327) ~[?:?]
	at java.net.Socket.connect(Socket.java:633) ~[?:?]
	at com.mysql.jdbc.StandardSocketFactory.connect(StandardSocketFactory.java:211) ~[mysql-connector-java-5.1.49.jar:5.1.49]
	at com.mysql.jdbc.MysqlIO.<init>(MysqlIO.java:299) ~[mysql-connector-java-5.1.49.jar:5.1.49]
	at com.mysql.jdbc.ConnectionImpl.coreConnect(ConnectionImpl.java:2187) ~[mysql-connector-java-5.1.49.jar:5.1.49]
	at com.mysql.jdbc.ConnectionImpl.connectOneTryOnly(ConnectionImpl.java:2220) ~[mysql-connector-java-5.1.49.jar:5.1.49]
	at com.mysql.jdbc.ConnectionImpl.createNewIO(ConnectionImpl.java:2015) ~[mysql-connector-java-5.1.49.jar:5.1.49]
	at com.mysql.jdbc.ConnectionImpl.<init>(ConnectionImpl.java:768) ~[mysql-connector-java-5.1.49.jar:5.1.49]
	at com.mysql.jdbc.JDBC4Connection.<init>(JDBC4Connection.java:47) ~[mysql-connector-java-5.1.49.jar:5.1.49]
	at jdk.internal.reflect.NativeConstructorAccessorImpl.newInstance0(Native Method) ~[?:?]
	at jdk.internal.reflect.NativeConstructorAccessorImpl.newInstance(NativeConstructorAccessorImpl.java:77) ~[?:?]
	at jdk.internal.reflect.DelegatingConstructorAccessorImpl.newInstance(DelegatingConstructorAccessorImpl.java:45) ~[?:?]
	at java.lang.reflect.Constructor.newInstanceWithCaller(Constructor.java:499) ~[?:?]
	at java.lang.reflect.Constructor.newInstance(Constructor.java:480) ~[?:?]
	at com.mysql.jdbc.Util.handleNewInstance(Util.java:403) ~[mysql-connector-java-5.1.49.jar:5.1.49]
	at com.mysql.jdbc.ConnectionImpl.getInstance(ConnectionImpl.java:385) ~[mysql-connector-java-5.1.49.jar:5.1.49]
	at com.mysql.jdbc.NonRegisteringDriver.connect(NonRegisteringDriver.java:323) ~[mysql-connector-java-5.1.49.jar:5.1.49]
	at com.zaxxer.hikari.util.DriverDataSource.getConnection(DriverDataSource.java:138) ~[HikariCP-4.0.3.jar:?]
	at com.zaxxer.hikari.pool.PoolBase.newConnection(PoolBase.java:364) ~[HikariCP-4.0.3.jar:?]
	at com.zaxxer.hikari.pool.PoolBase.newPoolEntry(PoolBase.java:206) ~[HikariCP-4.0.3.jar:?]
	at com.zaxxer.hikari.pool.HikariPool.createPoolEntry(HikariPool.java:476) ~[HikariCP-4.0.3.jar:?]
	at com.zaxxer.hikari.pool.HikariPool.checkFailFast(HikariPool.java:561) ~[HikariCP-4.0.3.jar:?]
	at com.zaxxer.hikari.pool.HikariPool.<init>(HikariPool.java:115) ~[HikariCP-4.0.3.jar:?]
	at com.zaxxer.hikari.HikariDataSource.getConnection(HikariDataSource.java:112) ~[HikariCP-4.0.3.jar:?]
	at org.springframework.jdbc.datasource.DataSourceUtils.fetchConnection(DataSourceUtils.java:159) ~[spring-jdbc-5.3.25.jar:5.3.25]
	at org.springframework.jdbc.datasource.DataSourceUtils.doGetConnection(DataSourceUtils.java:117) ~[spring-jdbc-5.3.25.jar:5.3.25]
	at org.springframework.jdbc.datasource.DataSourceUtils.getConnection(DataSourceUtils.java:80) ~[spring-jdbc-5.3.25.jar:5.3.25]
	at org.mybatis.spring.transaction.SpringManagedTransaction.openConnection(SpringManagedTransaction.java:80) ~[mybatis-spring-2.1.0.jar:2.1.0]
	at org.mybatis.spring.transaction.SpringManagedTransaction.getConnection(SpringManagedTransaction.java:67) ~[mybatis-spring-2.1.0.jar:2.1.0]
	at org.apache.ibatis.executor.BaseExecutor.getConnection(BaseExecutor.java:337) ~[mybatis-3.5.11.jar:3.5.11]
	at org.apache.ibatis.executor.SimpleExecutor.prepareStatement(SimpleExecutor.java:86) ~[mybatis-3.5.11.jar:3.5.11]
	at org.apache.ibatis.executor.SimpleExecutor.doQuery(SimpleExecutor.java:62) ~[mybatis-3.5.11.jar:3.5.11]
	at org.apache.ibatis.executor.BaseExecutor.queryFromDatabase(BaseExecutor.java:325) ~[mybatis-3.5.11.jar:3.5.11]
	at org.apache.ibatis.executor.BaseExecutor.query(BaseExecutor.java:156) ~[mybatis-3.5.11.jar:3.5.11]
	at org.apache.ibatis.executor.CachingExecutor.query(CachingExecutor.java:109) ~[mybatis-3.5.11.jar:3.5.11]
	at com.github.pagehelper.PageInterceptor.intercept(PageInterceptor.java:151) ~[pagehelper-5.3.2.jar:?]
	at org.apache.ibatis.plugin.Plugin.invoke(Plugin.java:62) ~[mybatis-3.5.11.jar:3.5.11]
	at jdk.proxy2.$Proxy131.query(Unknown Source) ~[?:?]
	at org.apache.ibatis.session.defaults.DefaultSqlSession.selectList(DefaultSqlSession.java:151) ~[mybatis-3.5.11.jar:3.5.11]
	at org.apache.ibatis.session.defaults.DefaultSqlSession.selectList(DefaultSqlSession.java:145) ~[mybatis-3.5.11.jar:3.5.11]
	at org.apache.ibatis.session.defaults.DefaultSqlSession.selectList(DefaultSqlSession.java:140) ~[mybatis-3.5.11.jar:3.5.11]
	at jdk.internal.reflect.NativeMethodAccessorImpl.invoke0(Native Method) ~[?:?]
	at jdk.internal.reflect.NativeMethodAccessorImpl.invoke(NativeMethodAccessorImpl.java:77) ~[?:?]
	at jdk.internal.reflect.DelegatingMethodAccessorImpl.invoke(DelegatingMethodAccessorImpl.java:43) ~[?:?]
	at java.lang.reflect.Method.invoke(Method.java:568) ~[?:?]
	at org.mybatis.spring.SqlSessionTemplate$SqlSessionInterceptor.invoke(SqlSessionTemplate.java:425) ~[mybatis-spring-2.1.0.jar:2.1.0]
	at jdk.proxy2.$Proxy92.selectList(Unknown Source) ~[?:?]
	at org.mybatis.spring.SqlSessionTemplate.selectList(SqlSessionTemplate.java:224) ~[mybatis-spring-2.1.0.jar:2.1.0]
	at org.apache.ibatis.binding.MapperMethod.executeForMany(MapperMethod.java:147) ~[mybatis-3.5.11.jar:3.5.11]
	at org.apache.ibatis.binding.MapperMethod.execute(MapperMethod.java:80) ~[mybatis-3.5.11.jar:3.5.11]
	at org.apache.ibatis.binding.MapperProxy$PlainMethodInvoker.invoke(MapperProxy.java:145) ~[mybatis-3.5.11.jar:3.5.11]
	at org.apache.ibatis.binding.MapperProxy.invoke(MapperProxy.java:86) ~[mybatis-3.5.11.jar:3.5.11]
	at jdk.proxy3.$Proxy106.getAllSchedules(Unknown Source) ~[?:?]
	at ma.com.serviceImp.ScheduleServiceImpl.getAllSchedules(ScheduleServiceImpl.java:34) ~[classes/:?]
	at ma.com.controller.ScheduleController.getAllSchedules(ScheduleController.java:42) ~[classes/:?]
	at jdk.internal.reflect.NativeMethodAccessorImpl.invoke0(Native Method) ~[?:?]
	at jdk.internal.reflect.NativeMethodAccessorImpl.invoke(NativeMethodAccessorImpl.java:77) ~[?:?]
	at jdk.internal.reflect.DelegatingMethodAccessorImpl.invoke(DelegatingMethodAccessorImpl.java:43) ~[?:?]
	at java.lang.reflect.Method.invoke(Method.java:568) ~[?:?]
	at org.springframework.web.method.support.InvocableHandlerMethod.doInvoke(InvocableHandlerMethod.java:205) ~[spring-web-5.3.25.jar:5.3.25]
	at org.springframework.web.method.support.InvocableHandlerMethod.invokeForRequest(InvocableHandlerMethod.java:150) ~[spring-web-5.3.25.jar:5.3.25]
	at org.springframework.web.servlet.mvc.method.annotation.ServletInvocableHandlerMethod.invokeAndHandle(ServletInvocableHandlerMethod.java:117) ~[spring-webmvc-5.3.25.jar:5.3.25]
	at org.springframework.web.servlet.mvc.method.annotation.RequestMappingHandlerAdapter.invokeHandlerMethod(RequestMappingHandlerAdapter.java:895) ~[spring-webmvc-5.3.25.jar:5.3.25]
	at org.springframework.web.servlet.mvc.method.annotation.RequestMappingHandlerAdapter.handleInternal(RequestMappingHandlerAdapter.java:808) ~[spring-webmvc-5.3.25.jar:5.3.25]
	at org.springframework.web.servlet.mvc.method.AbstractHandlerMethodAdapter.handle(AbstractHandlerMethodAdapter.java:87) ~[spring-webmvc-5.3.25.jar:5.3.25]
	at org.springframework.web.servlet.DispatcherServlet.doDispatch(DispatcherServlet.java:1071) ~[spring-webmvc-5.3.25.jar:5.3.25]
	at org.springframework.web.servlet.DispatcherServlet.doService(DispatcherServlet.java:964) ~[spring-webmvc-5.3.25.jar:5.3.25]
	at org.springframework.web.servlet.FrameworkServlet.processRequest(FrameworkServlet.java:1006) ~[spring-webmvc-5.3.25.jar:5.3.25]
	at org.springframework.web.servlet.FrameworkServlet.doGet(FrameworkServlet.java:898) ~[spring-webmvc-5.3.25.jar:5.3.25]
	at javax.servlet.http.HttpServlet.service(HttpServlet.java:670) ~[tomcat-embed-core-9.0.71.jar:4.0.FR]
	at org.springframework.web.servlet.FrameworkServlet.service(FrameworkServlet.java:883) ~[spring-webmvc-5.3.25.jar:5.3.25]
	at javax.servlet.http.HttpServlet.service(HttpServlet.java:779) ~[tomcat-embed-core-9.0.71.jar:4.0.FR]
	at org.apache.catalina.core.ApplicationFilterChain.internalDoFilter(ApplicationFilterChain.java:227) ~[tomcat-embed-core-9.0.71.jar:9.0.71]
	at org.apache.catalina.core.ApplicationFilterChain.doFilter(ApplicationFilterChain.java:162) ~[tomcat-embed-core-9.0.71.jar:9.0.71]
	at org.apache.tomcat.websocket.server.WsFilter.doFilter(WsFilter.java:53) ~[tomcat-embed-websocket-9.0.71.jar:9.0.71]
	at org.apache.catalina.core.ApplicationFilterChain.internalDoFilter(ApplicationFilterChain.java:189) ~[tomcat-embed-core-9.0.71.jar:9.0.71]
	at org.apache.catalina.core.ApplicationFilterChain.doFilter(ApplicationFilterChain.java:162) ~[tomcat-embed-core-9.0.71.jar:9.0.71]
	at org.springframework.web.filter.RequestContextFilter.doFilterInternal(RequestContextFilter.java:100) ~[spring-web-5.3.25.jar:5.3.25]
	at org.springframework.web.filter.OncePerRequestFilter.doFilter(OncePerRequestFilter.java:117) ~[spring-web-5.3.25.jar:5.3.25]
	at org.apache.catalina.core.ApplicationFilterChain.internalDoFilter(ApplicationFilterChain.java:189) ~[tomcat-embed-core-9.0.71.jar:9.0.71]
	at org.apache.catalina.core.ApplicationFilterChain.doFilter(ApplicationFilterChain.java:162) ~[tomcat-embed-core-9.0.71.jar:9.0.71]
	at org.springframework.web.filter.FormContentFilter.doFilterInternal(FormContentFilter.java:93) ~[spring-web-5.3.25.jar:5.3.25]
	at org.springframework.web.filter.OncePerRequestFilter.doFilter(OncePerRequestFilter.java:117) ~[spring-web-5.3.25.jar:5.3.25]
	at org.apache.catalina.core.ApplicationFilterChain.internalDoFilter(ApplicationFilterChain.java:189) ~[tomcat-embed-core-9.0.71.jar:9.0.71]
	at org.apache.catalina.core.ApplicationFilterChain.doFilter(ApplicationFilterChain.java:162) ~[tomcat-embed-core-9.0.71.jar:9.0.71]
	at org.springframework.web.filter.CharacterEncodingFilter.doFilterInternal(CharacterEncodingFilter.java:201) ~[spring-web-5.3.25.jar:5.3.25]
	at org.springframework.web.filter.OncePerRequestFilter.doFilter(OncePerRequestFilter.java:117) ~[spring-web-5.3.25.jar:5.3.25]
	at org.apache.catalina.core.ApplicationFilterChain.internalDoFilter(ApplicationFilterChain.java:189) ~[tomcat-embed-core-9.0.71.jar:9.0.71]
	at org.apache.catalina.core.ApplicationFilterChain.doFilter(ApplicationFilterChain.java:162) ~[tomcat-embed-core-9.0.71.jar:9.0.71]
	at org.apache.catalina.core.StandardWrapperValve.invoke(StandardWrapperValve.java:177) ~[tomcat-embed-core-9.0.71.jar:9.0.71]
	at org.apache.catalina.core.StandardContextValve.invoke(StandardContextValve.java:97) ~[tomcat-embed-core-9.0.71.jar:9.0.71]
	at org.apache.catalina.authenticator.AuthenticatorBase.invoke(AuthenticatorBase.java:541) ~[tomcat-embed-core-9.0.71.jar:9.0.71]
	at org.apache.catalina.core.StandardHostValve.invoke(StandardHostValve.java:135) ~[tomcat-embed-core-9.0.71.jar:9.0.71]
	at org.apache.catalina.valves.ErrorReportValve.invoke(ErrorReportValve.java:92) ~[tomcat-embed-core-9.0.71.jar:9.0.71]
	at org.apache.catalina.core.StandardEngineValve.invoke(StandardEngineValve.java:78) ~[tomcat-embed-core-9.0.71.jar:9.0.71]
	at org.apache.catalina.connector.CoyoteAdapter.service(CoyoteAdapter.java:360) ~[tomcat-embed-core-9.0.71.jar:9.0.71]
	at org.apache.coyote.http11.Http11Processor.service(Http11Processor.java:399) ~[tomcat-embed-core-9.0.71.jar:9.0.71]
	at org.apache.coyote.AbstractProcessorLight.process(AbstractProcessorLight.java:65) ~[tomcat-embed-core-9.0.71.jar:9.0.71]
	at org.apache.coyote.AbstractProtocol$ConnectionHandler.process(AbstractProtocol.java:891) ~[tomcat-embed-core-9.0.71.jar:9.0.71]
	at org.apache.tomcat.util.net.NioEndpoint$SocketProcessor.doRun(NioEndpoint.java:1784) ~[tomcat-embed-core-9.0.71.jar:9.0.71]
	at org.apache.tomcat.util.net.SocketProcessorBase.run(SocketProcessorBase.java:49) ~[tomcat-embed-core-9.0.71.jar:9.0.71]
	at org.apache.tomcat.util.threads.ThreadPoolExecutor.runWorker(ThreadPoolExecutor.java:1191) ~[tomcat-embed-core-9.0.71.jar:9.0.71]
	at org.apache.tomcat.util.threads.ThreadPoolExecutor$Worker.run(ThreadPoolExecutor.java:659) ~[tomcat-embed-core-9.0.71.jar:9.0.71]
	at org.apache.tomcat.util.threads.TaskThread$WrappingRunnable.run(TaskThread.java:61) ~[tomcat-embed-core-9.0.71.jar:9.0.71]
	at java.lang.Thread.run(Thread.java:840) ~[?:?]
[2025-03-27 09:49:39:862] [ERROR] - com.zaxxer.hikari.pool.HikariPool.throwPoolInitializationException(HikariPool.java:594) - HikariPool-1 - Exception during pool initialization.
com.mysql.jdbc.exceptions.jdbc4.CommunicationsException: Communications link failure

The last packet sent successfully to the server was 0 milliseconds ago. The driver has not received any packets from the server.
	at jdk.internal.reflect.NativeConstructorAccessorImpl.newInstance0(Native Method) ~[?:?]
	at jdk.internal.reflect.NativeConstructorAccessorImpl.newInstance(NativeConstructorAccessorImpl.java:77) ~[?:?]
	at jdk.internal.reflect.DelegatingConstructorAccessorImpl.newInstance(DelegatingConstructorAccessorImpl.java:45) ~[?:?]
	at java.lang.reflect.Constructor.newInstanceWithCaller(Constructor.java:499) ~[?:?]
	at java.lang.reflect.Constructor.newInstance(Constructor.java:480) ~[?:?]
	at com.mysql.jdbc.Util.handleNewInstance(Util.java:403) ~[mysql-connector-java-5.1.49.jar:5.1.49]
	at com.mysql.jdbc.SQLError.createCommunicationsException(SQLError.java:990) ~[mysql-connector-java-5.1.49.jar:5.1.49]
	at com.mysql.jdbc.MysqlIO.<init>(MysqlIO.java:335) ~[mysql-connector-java-5.1.49.jar:5.1.49]
	at com.mysql.jdbc.ConnectionImpl.coreConnect(ConnectionImpl.java:2187) ~[mysql-connector-java-5.1.49.jar:5.1.49]
	at com.mysql.jdbc.ConnectionImpl.connectOneTryOnly(ConnectionImpl.java:2220) ~[mysql-connector-java-5.1.49.jar:5.1.49]
	at com.mysql.jdbc.ConnectionImpl.createNewIO(ConnectionImpl.java:2015) ~[mysql-connector-java-5.1.49.jar:5.1.49]
	at com.mysql.jdbc.ConnectionImpl.<init>(ConnectionImpl.java:768) ~[mysql-connector-java-5.1.49.jar:5.1.49]
	at com.mysql.jdbc.JDBC4Connection.<init>(JDBC4Connection.java:47) ~[mysql-connector-java-5.1.49.jar:5.1.49]
	at jdk.internal.reflect.NativeConstructorAccessorImpl.newInstance0(Native Method) ~[?:?]
	at jdk.internal.reflect.NativeConstructorAccessorImpl.newInstance(NativeConstructorAccessorImpl.java:77) ~[?:?]
	at jdk.internal.reflect.DelegatingConstructorAccessorImpl.newInstance(DelegatingConstructorAccessorImpl.java:45) ~[?:?]
	at java.lang.reflect.Constructor.newInstanceWithCaller(Constructor.java:499) ~[?:?]
	at java.lang.reflect.Constructor.newInstance(Constructor.java:480) ~[?:?]
	at com.mysql.jdbc.Util.handleNewInstance(Util.java:403) ~[mysql-connector-java-5.1.49.jar:5.1.49]
	at com.mysql.jdbc.ConnectionImpl.getInstance(ConnectionImpl.java:385) ~[mysql-connector-java-5.1.49.jar:5.1.49]
	at com.mysql.jdbc.NonRegisteringDriver.connect(NonRegisteringDriver.java:323) ~[mysql-connector-java-5.1.49.jar:5.1.49]
	at com.zaxxer.hikari.util.DriverDataSource.getConnection(DriverDataSource.java:138) ~[HikariCP-4.0.3.jar:?]
	at com.zaxxer.hikari.pool.PoolBase.newConnection(PoolBase.java:364) ~[HikariCP-4.0.3.jar:?]
	at com.zaxxer.hikari.pool.PoolBase.newPoolEntry(PoolBase.java:206) ~[HikariCP-4.0.3.jar:?]
	at com.zaxxer.hikari.pool.HikariPool.createPoolEntry(HikariPool.java:476) ~[HikariCP-4.0.3.jar:?]
	at com.zaxxer.hikari.pool.HikariPool.checkFailFast(HikariPool.java:561) ~[HikariCP-4.0.3.jar:?]
	at com.zaxxer.hikari.pool.HikariPool.<init>(HikariPool.java:115) ~[HikariCP-4.0.3.jar:?]
	at com.zaxxer.hikari.HikariDataSource.getConnection(HikariDataSource.java:112) ~[HikariCP-4.0.3.jar:?]
	at org.springframework.jdbc.datasource.DataSourceUtils.fetchConnection(DataSourceUtils.java:159) ~[spring-jdbc-5.3.25.jar:5.3.25]
	at org.springframework.jdbc.datasource.DataSourceUtils.doGetConnection(DataSourceUtils.java:117) ~[spring-jdbc-5.3.25.jar:5.3.25]
	at org.springframework.jdbc.datasource.DataSourceUtils.getConnection(DataSourceUtils.java:80) ~[spring-jdbc-5.3.25.jar:5.3.25]
	at org.mybatis.spring.transaction.SpringManagedTransaction.openConnection(SpringManagedTransaction.java:80) ~[mybatis-spring-2.1.0.jar:2.1.0]
	at org.mybatis.spring.transaction.SpringManagedTransaction.getConnection(SpringManagedTransaction.java:67) ~[mybatis-spring-2.1.0.jar:2.1.0]
	at org.apache.ibatis.executor.BaseExecutor.getConnection(BaseExecutor.java:337) ~[mybatis-3.5.11.jar:3.5.11]
	at org.apache.ibatis.executor.SimpleExecutor.prepareStatement(SimpleExecutor.java:86) ~[mybatis-3.5.11.jar:3.5.11]
	at org.apache.ibatis.executor.SimpleExecutor.doQuery(SimpleExecutor.java:62) ~[mybatis-3.5.11.jar:3.5.11]
	at org.apache.ibatis.executor.BaseExecutor.queryFromDatabase(BaseExecutor.java:325) ~[mybatis-3.5.11.jar:3.5.11]
	at org.apache.ibatis.executor.BaseExecutor.query(BaseExecutor.java:156) ~[mybatis-3.5.11.jar:3.5.11]
	at org.apache.ibatis.executor.CachingExecutor.query(CachingExecutor.java:109) ~[mybatis-3.5.11.jar:3.5.11]
	at com.github.pagehelper.PageInterceptor.intercept(PageInterceptor.java:151) ~[pagehelper-5.3.2.jar:?]
	at org.apache.ibatis.plugin.Plugin.invoke(Plugin.java:62) ~[mybatis-3.5.11.jar:3.5.11]
	at jdk.proxy2.$Proxy131.query(Unknown Source) ~[?:?]
	at org.apache.ibatis.session.defaults.DefaultSqlSession.selectList(DefaultSqlSession.java:151) ~[mybatis-3.5.11.jar:3.5.11]
	at org.apache.ibatis.session.defaults.DefaultSqlSession.selectList(DefaultSqlSession.java:145) ~[mybatis-3.5.11.jar:3.5.11]
	at org.apache.ibatis.session.defaults.DefaultSqlSession.selectList(DefaultSqlSession.java:140) ~[mybatis-3.5.11.jar:3.5.11]
	at jdk.internal.reflect.NativeMethodAccessorImpl.invoke0(Native Method) ~[?:?]
	at jdk.internal.reflect.NativeMethodAccessorImpl.invoke(NativeMethodAccessorImpl.java:77) ~[?:?]
	at jdk.internal.reflect.DelegatingMethodAccessorImpl.invoke(DelegatingMethodAccessorImpl.java:43) ~[?:?]
	at java.lang.reflect.Method.invoke(Method.java:568) ~[?:?]
	at org.mybatis.spring.SqlSessionTemplate$SqlSessionInterceptor.invoke(SqlSessionTemplate.java:425) ~[mybatis-spring-2.1.0.jar:2.1.0]
	at jdk.proxy2.$Proxy92.selectList(Unknown Source) ~[?:?]
	at org.mybatis.spring.SqlSessionTemplate.selectList(SqlSessionTemplate.java:224) ~[mybatis-spring-2.1.0.jar:2.1.0]
	at org.apache.ibatis.binding.MapperMethod.executeForMany(MapperMethod.java:147) ~[mybatis-3.5.11.jar:3.5.11]
	at org.apache.ibatis.binding.MapperMethod.execute(MapperMethod.java:80) ~[mybatis-3.5.11.jar:3.5.11]
	at org.apache.ibatis.binding.MapperProxy$PlainMethodInvoker.invoke(MapperProxy.java:145) ~[mybatis-3.5.11.jar:3.5.11]
	at org.apache.ibatis.binding.MapperProxy.invoke(MapperProxy.java:86) ~[mybatis-3.5.11.jar:3.5.11]
	at jdk.proxy3.$Proxy102.getBooksBySubject(Unknown Source) ~[?:?]
	at ma.com.serviceImp.BookServiceImpl.getBooksBySubject(BookServiceImpl.java:29) ~[classes/:?]
	at ma.com.controller.BookController.getBooksBySubject(BookController.java:44) ~[classes/:?]
	at ma.com.controller.BookController$$FastClassBySpringCGLIB$$5ea98b10.invoke(<generated>) ~[classes/:?]
	at org.springframework.cglib.proxy.MethodProxy.invoke(MethodProxy.java:218) ~[spring-core-5.3.25.jar:5.3.25]
	at org.springframework.aop.framework.CglibAopProxy$CglibMethodInvocation.invokeJoinpoint(CglibAopProxy.java:793) ~[spring-aop-5.3.25.jar:5.3.25]
	at org.springframework.aop.framework.ReflectiveMethodInvocation.proceed(ReflectiveMethodInvocation.java:163) ~[spring-aop-5.3.25.jar:5.3.25]
	at org.springframework.aop.framework.CglibAopProxy$CglibMethodInvocation.proceed(CglibAopProxy.java:763) ~[spring-aop-5.3.25.jar:5.3.25]
	at org.springframework.aop.framework.adapter.AfterReturningAdviceInterceptor.invoke(AfterReturningAdviceInterceptor.java:57) ~[spring-aop-5.3.25.jar:5.3.25]
	at org.springframework.aop.framework.ReflectiveMethodInvocation.proceed(ReflectiveMethodInvocation.java:175) ~[spring-aop-5.3.25.jar:5.3.25]
	at org.springframework.aop.framework.CglibAopProxy$CglibMethodInvocation.proceed(CglibAopProxy.java:763) ~[spring-aop-5.3.25.jar:5.3.25]
	at org.springframework.aop.interceptor.ExposeInvocationInterceptor.invoke(ExposeInvocationInterceptor.java:97) ~[spring-aop-5.3.25.jar:5.3.25]
	at org.springframework.aop.framework.ReflectiveMethodInvocation.proceed(ReflectiveMethodInvocation.java:186) ~[spring-aop-5.3.25.jar:5.3.25]
	at org.springframework.aop.framework.CglibAopProxy$CglibMethodInvocation.proceed(CglibAopProxy.java:763) ~[spring-aop-5.3.25.jar:5.3.25]
	at org.springframework.aop.framework.CglibAopProxy$DynamicAdvisedInterceptor.intercept(CglibAopProxy.java:708) ~[spring-aop-5.3.25.jar:5.3.25]
	at ma.com.controller.BookController$$EnhancerBySpringCGLIB$$a0e94744.getBooksBySubject(<generated>) ~[classes/:?]
	at jdk.internal.reflect.NativeMethodAccessorImpl.invoke0(Native Method) ~[?:?]
	at jdk.internal.reflect.NativeMethodAccessorImpl.invoke(NativeMethodAccessorImpl.java:77) ~[?:?]
	at jdk.internal.reflect.DelegatingMethodAccessorImpl.invoke(DelegatingMethodAccessorImpl.java:43) ~[?:?]
	at java.lang.reflect.Method.invoke(Method.java:568) ~[?:?]
	at org.springframework.web.method.support.InvocableHandlerMethod.doInvoke(InvocableHandlerMethod.java:205) ~[spring-web-5.3.25.jar:5.3.25]
	at org.springframework.web.method.support.InvocableHandlerMethod.invokeForRequest(InvocableHandlerMethod.java:150) ~[spring-web-5.3.25.jar:5.3.25]
	at org.springframework.web.servlet.mvc.method.annotation.ServletInvocableHandlerMethod.invokeAndHandle(ServletInvocableHandlerMethod.java:117) ~[spring-webmvc-5.3.25.jar:5.3.25]
	at org.springframework.web.servlet.mvc.method.annotation.RequestMappingHandlerAdapter.invokeHandlerMethod(RequestMappingHandlerAdapter.java:895) ~[spring-webmvc-5.3.25.jar:5.3.25]
	at org.springframework.web.servlet.mvc.method.annotation.RequestMappingHandlerAdapter.handleInternal(RequestMappingHandlerAdapter.java:808) ~[spring-webmvc-5.3.25.jar:5.3.25]
	at org.springframework.web.servlet.mvc.method.AbstractHandlerMethodAdapter.handle(AbstractHandlerMethodAdapter.java:87) ~[spring-webmvc-5.3.25.jar:5.3.25]
	at org.springframework.web.servlet.DispatcherServlet.doDispatch(DispatcherServlet.java:1071) ~[spring-webmvc-5.3.25.jar:5.3.25]
	at org.springframework.web.servlet.DispatcherServlet.doService(DispatcherServlet.java:964) ~[spring-webmvc-5.3.25.jar:5.3.25]
	at org.springframework.web.servlet.FrameworkServlet.processRequest(FrameworkServlet.java:1006) ~[spring-webmvc-5.3.25.jar:5.3.25]
	at org.springframework.web.servlet.FrameworkServlet.doGet(FrameworkServlet.java:898) ~[spring-webmvc-5.3.25.jar:5.3.25]
	at javax.servlet.http.HttpServlet.service(HttpServlet.java:670) ~[tomcat-embed-core-9.0.71.jar:4.0.FR]
	at org.springframework.web.servlet.FrameworkServlet.service(FrameworkServlet.java:883) ~[spring-webmvc-5.3.25.jar:5.3.25]
	at javax.servlet.http.HttpServlet.service(HttpServlet.java:779) ~[tomcat-embed-core-9.0.71.jar:4.0.FR]
	at org.apache.catalina.core.ApplicationFilterChain.internalDoFilter(ApplicationFilterChain.java:227) ~[tomcat-embed-core-9.0.71.jar:9.0.71]
	at org.apache.catalina.core.ApplicationFilterChain.doFilter(ApplicationFilterChain.java:162) ~[tomcat-embed-core-9.0.71.jar:9.0.71]
	at org.apache.tomcat.websocket.server.WsFilter.doFilter(WsFilter.java:53) ~[tomcat-embed-websocket-9.0.71.jar:9.0.71]
	at org.apache.catalina.core.ApplicationFilterChain.internalDoFilter(ApplicationFilterChain.java:189) ~[tomcat-embed-core-9.0.71.jar:9.0.71]
	at org.apache.catalina.core.ApplicationFilterChain.doFilter(ApplicationFilterChain.java:162) ~[tomcat-embed-core-9.0.71.jar:9.0.71]
	at org.springframework.web.filter.RequestContextFilter.doFilterInternal(RequestContextFilter.java:100) ~[spring-web-5.3.25.jar:5.3.25]
	at org.springframework.web.filter.OncePerRequestFilter.doFilter(OncePerRequestFilter.java:117) ~[spring-web-5.3.25.jar:5.3.25]
	at org.apache.catalina.core.ApplicationFilterChain.internalDoFilter(ApplicationFilterChain.java:189) ~[tomcat-embed-core-9.0.71.jar:9.0.71]
	at org.apache.catalina.core.ApplicationFilterChain.doFilter(ApplicationFilterChain.java:162) ~[tomcat-embed-core-9.0.71.jar:9.0.71]
	at org.springframework.web.filter.FormContentFilter.doFilterInternal(FormContentFilter.java:93) ~[spring-web-5.3.25.jar:5.3.25]
	at org.springframework.web.filter.OncePerRequestFilter.doFilter(OncePerRequestFilter.java:117) ~[spring-web-5.3.25.jar:5.3.25]
	at org.apache.catalina.core.ApplicationFilterChain.internalDoFilter(ApplicationFilterChain.java:189) ~[tomcat-embed-core-9.0.71.jar:9.0.71]
	at org.apache.catalina.core.ApplicationFilterChain.doFilter(ApplicationFilterChain.java:162) ~[tomcat-embed-core-9.0.71.jar:9.0.71]
	at org.springframework.web.filter.CharacterEncodingFilter.doFilterInternal(CharacterEncodingFilter.java:201) ~[spring-web-5.3.25.jar:5.3.25]
	at org.springframework.web.filter.OncePerRequestFilter.doFilter(OncePerRequestFilter.java:117) ~[spring-web-5.3.25.jar:5.3.25]
	at org.apache.catalina.core.ApplicationFilterChain.internalDoFilter(ApplicationFilterChain.java:189) ~[tomcat-embed-core-9.0.71.jar:9.0.71]
	at org.apache.catalina.core.ApplicationFilterChain.doFilter(ApplicationFilterChain.java:162) ~[tomcat-embed-core-9.0.71.jar:9.0.71]
	at org.apache.catalina.core.StandardWrapperValve.invoke(StandardWrapperValve.java:177) ~[tomcat-embed-core-9.0.71.jar:9.0.71]
	at org.apache.catalina.core.StandardContextValve.invoke(StandardContextValve.java:97) ~[tomcat-embed-core-9.0.71.jar:9.0.71]
	at org.apache.catalina.authenticator.AuthenticatorBase.invoke(AuthenticatorBase.java:541) ~[tomcat-embed-core-9.0.71.jar:9.0.71]
	at org.apache.catalina.core.StandardHostValve.invoke(StandardHostValve.java:135) ~[tomcat-embed-core-9.0.71.jar:9.0.71]
	at org.apache.catalina.valves.ErrorReportValve.invoke(ErrorReportValve.java:92) ~[tomcat-embed-core-9.0.71.jar:9.0.71]
	at org.apache.catalina.core.StandardEngineValve.invoke(StandardEngineValve.java:78) ~[tomcat-embed-core-9.0.71.jar:9.0.71]
	at org.apache.catalina.connector.CoyoteAdapter.service(CoyoteAdapter.java:360) ~[tomcat-embed-core-9.0.71.jar:9.0.71]
	at org.apache.coyote.http11.Http11Processor.service(Http11Processor.java:399) ~[tomcat-embed-core-9.0.71.jar:9.0.71]
	at org.apache.coyote.AbstractProcessorLight.process(AbstractProcessorLight.java:65) ~[tomcat-embed-core-9.0.71.jar:9.0.71]
	at org.apache.coyote.AbstractProtocol$ConnectionHandler.process(AbstractProtocol.java:891) ~[tomcat-embed-core-9.0.71.jar:9.0.71]
	at org.apache.tomcat.util.net.NioEndpoint$SocketProcessor.doRun(NioEndpoint.java:1784) ~[tomcat-embed-core-9.0.71.jar:9.0.71]
	at org.apache.tomcat.util.net.SocketProcessorBase.run(SocketProcessorBase.java:49) ~[tomcat-embed-core-9.0.71.jar:9.0.71]
	at org.apache.tomcat.util.threads.ThreadPoolExecutor.runWorker(ThreadPoolExecutor.java:1191) ~[tomcat-embed-core-9.0.71.jar:9.0.71]
	at org.apache.tomcat.util.threads.ThreadPoolExecutor$Worker.run(ThreadPoolExecutor.java:659) ~[tomcat-embed-core-9.0.71.jar:9.0.71]
	at org.apache.tomcat.util.threads.TaskThread$WrappingRunnable.run(TaskThread.java:61) ~[tomcat-embed-core-9.0.71.jar:9.0.71]
	at java.lang.Thread.run(Thread.java:840) ~[?:?]
Caused by: java.net.ConnectException: Connection timed out: getsockopt
	at sun.nio.ch.Net.pollConnect(Native Method) ~[?:?]
	at sun.nio.ch.Net.pollConnectNow(Net.java:672) ~[?:?]
	at sun.nio.ch.NioSocketImpl.timedFinishConnect(NioSocketImpl.java:554) ~[?:?]
	at sun.nio.ch.NioSocketImpl.connect(NioSocketImpl.java:602) ~[?:?]
	at java.net.SocksSocketImpl.connect(SocksSocketImpl.java:327) ~[?:?]
	at java.net.Socket.connect(Socket.java:633) ~[?:?]
	at com.mysql.jdbc.StandardSocketFactory.connect(StandardSocketFactory.java:211) ~[mysql-connector-java-5.1.49.jar:5.1.49]
	at com.mysql.jdbc.MysqlIO.<init>(MysqlIO.java:299) ~[mysql-connector-java-5.1.49.jar:5.1.49]
	... 114 more
[2025-03-27 09:49:39:869] [ERROR] - org.apache.juli.logging.DirectJDKLog.log(DirectJDKLog.java:175) - Servlet.service() for servlet [dispatcherServlet] in context with path [] threw exception [Request processing failed; nested exception is org.mybatis.spring.MyBatisSystemException: nested exception is org.apache.ibatis.exceptions.PersistenceException: 
### Error querying database.  Cause: org.springframework.jdbc.CannotGetJdbcConnectionException: Failed to obtain JDBC Connection; nested exception is com.mysql.jdbc.exceptions.jdbc4.CommunicationsException: Communications link failure

The last packet sent successfully to the server was 0 milliseconds ago. The driver has not received any packets from the server.
### The error may exist in file [E:\computer2\computer1\ifly\target\classes\mapper\BookMapper.xml]
### The error may involve ma.com.mapper.BookMapper.getBooksBySubject
### The error occurred while executing a query
### Cause: org.springframework.jdbc.CannotGetJdbcConnectionException: Failed to obtain JDBC Connection; nested exception is com.mysql.jdbc.exceptions.jdbc4.CommunicationsException: Communications link failure

The last packet sent successfully to the server was 0 milliseconds ago. The driver has not received any packets from the server.] with root cause
java.net.ConnectException: Connection timed out: getsockopt
	at sun.nio.ch.Net.pollConnect(Native Method) ~[?:?]
	at sun.nio.ch.Net.pollConnectNow(Net.java:672) ~[?:?]
	at sun.nio.ch.NioSocketImpl.timedFinishConnect(NioSocketImpl.java:554) ~[?:?]
	at sun.nio.ch.NioSocketImpl.connect(NioSocketImpl.java:602) ~[?:?]
	at java.net.SocksSocketImpl.connect(SocksSocketImpl.java:327) ~[?:?]
	at java.net.Socket.connect(Socket.java:633) ~[?:?]
	at com.mysql.jdbc.StandardSocketFactory.connect(StandardSocketFactory.java:211) ~[mysql-connector-java-5.1.49.jar:5.1.49]
	at com.mysql.jdbc.MysqlIO.<init>(MysqlIO.java:299) ~[mysql-connector-java-5.1.49.jar:5.1.49]
	at com.mysql.jdbc.ConnectionImpl.coreConnect(ConnectionImpl.java:2187) ~[mysql-connector-java-5.1.49.jar:5.1.49]
	at com.mysql.jdbc.ConnectionImpl.connectOneTryOnly(ConnectionImpl.java:2220) ~[mysql-connector-java-5.1.49.jar:5.1.49]
	at com.mysql.jdbc.ConnectionImpl.createNewIO(ConnectionImpl.java:2015) ~[mysql-connector-java-5.1.49.jar:5.1.49]
	at com.mysql.jdbc.ConnectionImpl.<init>(ConnectionImpl.java:768) ~[mysql-connector-java-5.1.49.jar:5.1.49]
	at com.mysql.jdbc.JDBC4Connection.<init>(JDBC4Connection.java:47) ~[mysql-connector-java-5.1.49.jar:5.1.49]
	at jdk.internal.reflect.NativeConstructorAccessorImpl.newInstance0(Native Method) ~[?:?]
	at jdk.internal.reflect.NativeConstructorAccessorImpl.newInstance(NativeConstructorAccessorImpl.java:77) ~[?:?]
	at jdk.internal.reflect.DelegatingConstructorAccessorImpl.newInstance(DelegatingConstructorAccessorImpl.java:45) ~[?:?]
	at java.lang.reflect.Constructor.newInstanceWithCaller(Constructor.java:499) ~[?:?]
	at java.lang.reflect.Constructor.newInstance(Constructor.java:480) ~[?:?]
	at com.mysql.jdbc.Util.handleNewInstance(Util.java:403) ~[mysql-connector-java-5.1.49.jar:5.1.49]
	at com.mysql.jdbc.ConnectionImpl.getInstance(ConnectionImpl.java:385) ~[mysql-connector-java-5.1.49.jar:5.1.49]
	at com.mysql.jdbc.NonRegisteringDriver.connect(NonRegisteringDriver.java:323) ~[mysql-connector-java-5.1.49.jar:5.1.49]
	at com.zaxxer.hikari.util.DriverDataSource.getConnection(DriverDataSource.java:138) ~[HikariCP-4.0.3.jar:?]
	at com.zaxxer.hikari.pool.PoolBase.newConnection(PoolBase.java:364) ~[HikariCP-4.0.3.jar:?]
	at com.zaxxer.hikari.pool.PoolBase.newPoolEntry(PoolBase.java:206) ~[HikariCP-4.0.3.jar:?]
	at com.zaxxer.hikari.pool.HikariPool.createPoolEntry(HikariPool.java:476) ~[HikariCP-4.0.3.jar:?]
	at com.zaxxer.hikari.pool.HikariPool.checkFailFast(HikariPool.java:561) ~[HikariCP-4.0.3.jar:?]
	at com.zaxxer.hikari.pool.HikariPool.<init>(HikariPool.java:115) ~[HikariCP-4.0.3.jar:?]
	at com.zaxxer.hikari.HikariDataSource.getConnection(HikariDataSource.java:112) ~[HikariCP-4.0.3.jar:?]
	at org.springframework.jdbc.datasource.DataSourceUtils.fetchConnection(DataSourceUtils.java:159) ~[spring-jdbc-5.3.25.jar:5.3.25]
	at org.springframework.jdbc.datasource.DataSourceUtils.doGetConnection(DataSourceUtils.java:117) ~[spring-jdbc-5.3.25.jar:5.3.25]
	at org.springframework.jdbc.datasource.DataSourceUtils.getConnection(DataSourceUtils.java:80) ~[spring-jdbc-5.3.25.jar:5.3.25]
	at org.mybatis.spring.transaction.SpringManagedTransaction.openConnection(SpringManagedTransaction.java:80) ~[mybatis-spring-2.1.0.jar:2.1.0]
	at org.mybatis.spring.transaction.SpringManagedTransaction.getConnection(SpringManagedTransaction.java:67) ~[mybatis-spring-2.1.0.jar:2.1.0]
	at org.apache.ibatis.executor.BaseExecutor.getConnection(BaseExecutor.java:337) ~[mybatis-3.5.11.jar:3.5.11]
	at org.apache.ibatis.executor.SimpleExecutor.prepareStatement(SimpleExecutor.java:86) ~[mybatis-3.5.11.jar:3.5.11]
	at org.apache.ibatis.executor.SimpleExecutor.doQuery(SimpleExecutor.java:62) ~[mybatis-3.5.11.jar:3.5.11]
	at org.apache.ibatis.executor.BaseExecutor.queryFromDatabase(BaseExecutor.java:325) ~[mybatis-3.5.11.jar:3.5.11]
	at org.apache.ibatis.executor.BaseExecutor.query(BaseExecutor.java:156) ~[mybatis-3.5.11.jar:3.5.11]
	at org.apache.ibatis.executor.CachingExecutor.query(CachingExecutor.java:109) ~[mybatis-3.5.11.jar:3.5.11]
	at com.github.pagehelper.PageInterceptor.intercept(PageInterceptor.java:151) ~[pagehelper-5.3.2.jar:?]
	at org.apache.ibatis.plugin.Plugin.invoke(Plugin.java:62) ~[mybatis-3.5.11.jar:3.5.11]
	at jdk.proxy2.$Proxy131.query(Unknown Source) ~[?:?]
	at org.apache.ibatis.session.defaults.DefaultSqlSession.selectList(DefaultSqlSession.java:151) ~[mybatis-3.5.11.jar:3.5.11]
	at org.apache.ibatis.session.defaults.DefaultSqlSession.selectList(DefaultSqlSession.java:145) ~[mybatis-3.5.11.jar:3.5.11]
	at org.apache.ibatis.session.defaults.DefaultSqlSession.selectList(DefaultSqlSession.java:140) ~[mybatis-3.5.11.jar:3.5.11]
	at jdk.internal.reflect.NativeMethodAccessorImpl.invoke0(Native Method) ~[?:?]
	at jdk.internal.reflect.NativeMethodAccessorImpl.invoke(NativeMethodAccessorImpl.java:77) ~[?:?]
	at jdk.internal.reflect.DelegatingMethodAccessorImpl.invoke(DelegatingMethodAccessorImpl.java:43) ~[?:?]
	at java.lang.reflect.Method.invoke(Method.java:568) ~[?:?]
	at org.mybatis.spring.SqlSessionTemplate$SqlSessionInterceptor.invoke(SqlSessionTemplate.java:425) ~[mybatis-spring-2.1.0.jar:2.1.0]
	at jdk.proxy2.$Proxy92.selectList(Unknown Source) ~[?:?]
	at org.mybatis.spring.SqlSessionTemplate.selectList(SqlSessionTemplate.java:224) ~[mybatis-spring-2.1.0.jar:2.1.0]
	at org.apache.ibatis.binding.MapperMethod.executeForMany(MapperMethod.java:147) ~[mybatis-3.5.11.jar:3.5.11]
	at org.apache.ibatis.binding.MapperMethod.execute(MapperMethod.java:80) ~[mybatis-3.5.11.jar:3.5.11]
	at org.apache.ibatis.binding.MapperProxy$PlainMethodInvoker.invoke(MapperProxy.java:145) ~[mybatis-3.5.11.jar:3.5.11]
	at org.apache.ibatis.binding.MapperProxy.invoke(MapperProxy.java:86) ~[mybatis-3.5.11.jar:3.5.11]
	at jdk.proxy3.$Proxy102.getBooksBySubject(Unknown Source) ~[?:?]
	at ma.com.serviceImp.BookServiceImpl.getBooksBySubject(BookServiceImpl.java:29) ~[classes/:?]
	at ma.com.controller.BookController.getBooksBySubject(BookController.java:44) ~[classes/:?]
	at ma.com.controller.BookController$$FastClassBySpringCGLIB$$5ea98b10.invoke(<generated>) ~[classes/:?]
	at org.springframework.cglib.proxy.MethodProxy.invoke(MethodProxy.java:218) ~[spring-core-5.3.25.jar:5.3.25]
	at org.springframework.aop.framework.CglibAopProxy$CglibMethodInvocation.invokeJoinpoint(CglibAopProxy.java:793) ~[spring-aop-5.3.25.jar:5.3.25]
	at org.springframework.aop.framework.ReflectiveMethodInvocation.proceed(ReflectiveMethodInvocation.java:163) ~[spring-aop-5.3.25.jar:5.3.25]
	at org.springframework.aop.framework.CglibAopProxy$CglibMethodInvocation.proceed(CglibAopProxy.java:763) ~[spring-aop-5.3.25.jar:5.3.25]
	at org.springframework.aop.framework.adapter.AfterReturningAdviceInterceptor.invoke(AfterReturningAdviceInterceptor.java:57) ~[spring-aop-5.3.25.jar:5.3.25]
	at org.springframework.aop.framework.ReflectiveMethodInvocation.proceed(ReflectiveMethodInvocation.java:175) ~[spring-aop-5.3.25.jar:5.3.25]
	at org.springframework.aop.framework.CglibAopProxy$CglibMethodInvocation.proceed(CglibAopProxy.java:763) ~[spring-aop-5.3.25.jar:5.3.25]
	at org.springframework.aop.interceptor.ExposeInvocationInterceptor.invoke(ExposeInvocationInterceptor.java:97) ~[spring-aop-5.3.25.jar:5.3.25]
	at org.springframework.aop.framework.ReflectiveMethodInvocation.proceed(ReflectiveMethodInvocation.java:186) ~[spring-aop-5.3.25.jar:5.3.25]
	at org.springframework.aop.framework.CglibAopProxy$CglibMethodInvocation.proceed(CglibAopProxy.java:763) ~[spring-aop-5.3.25.jar:5.3.25]
	at org.springframework.aop.framework.CglibAopProxy$DynamicAdvisedInterceptor.intercept(CglibAopProxy.java:708) ~[spring-aop-5.3.25.jar:5.3.25]
	at ma.com.controller.BookController$$EnhancerBySpringCGLIB$$a0e94744.getBooksBySubject(<generated>) ~[classes/:?]
	at jdk.internal.reflect.NativeMethodAccessorImpl.invoke0(Native Method) ~[?:?]
	at jdk.internal.reflect.NativeMethodAccessorImpl.invoke(NativeMethodAccessorImpl.java:77) ~[?:?]
	at jdk.internal.reflect.DelegatingMethodAccessorImpl.invoke(DelegatingMethodAccessorImpl.java:43) ~[?:?]
	at java.lang.reflect.Method.invoke(Method.java:568) ~[?:?]
	at org.springframework.web.method.support.InvocableHandlerMethod.doInvoke(InvocableHandlerMethod.java:205) ~[spring-web-5.3.25.jar:5.3.25]
	at org.springframework.web.method.support.InvocableHandlerMethod.invokeForRequest(InvocableHandlerMethod.java:150) ~[spring-web-5.3.25.jar:5.3.25]
	at org.springframework.web.servlet.mvc.method.annotation.ServletInvocableHandlerMethod.invokeAndHandle(ServletInvocableHandlerMethod.java:117) ~[spring-webmvc-5.3.25.jar:5.3.25]
	at org.springframework.web.servlet.mvc.method.annotation.RequestMappingHandlerAdapter.invokeHandlerMethod(RequestMappingHandlerAdapter.java:895) ~[spring-webmvc-5.3.25.jar:5.3.25]
	at org.springframework.web.servlet.mvc.method.annotation.RequestMappingHandlerAdapter.handleInternal(RequestMappingHandlerAdapter.java:808) ~[spring-webmvc-5.3.25.jar:5.3.25]
	at org.springframework.web.servlet.mvc.method.AbstractHandlerMethodAdapter.handle(AbstractHandlerMethodAdapter.java:87) ~[spring-webmvc-5.3.25.jar:5.3.25]
	at org.springframework.web.servlet.DispatcherServlet.doDispatch(DispatcherServlet.java:1071) ~[spring-webmvc-5.3.25.jar:5.3.25]
	at org.springframework.web.servlet.DispatcherServlet.doService(DispatcherServlet.java:964) ~[spring-webmvc-5.3.25.jar:5.3.25]
	at org.springframework.web.servlet.FrameworkServlet.processRequest(FrameworkServlet.java:1006) ~[spring-webmvc-5.3.25.jar:5.3.25]
	at org.springframework.web.servlet.FrameworkServlet.doGet(FrameworkServlet.java:898) ~[spring-webmvc-5.3.25.jar:5.3.25]
	at javax.servlet.http.HttpServlet.service(HttpServlet.java:670) ~[tomcat-embed-core-9.0.71.jar:4.0.FR]
	at org.springframework.web.servlet.FrameworkServlet.service(FrameworkServlet.java:883) ~[spring-webmvc-5.3.25.jar:5.3.25]
	at javax.servlet.http.HttpServlet.service(HttpServlet.java:779) ~[tomcat-embed-core-9.0.71.jar:4.0.FR]
	at org.apache.catalina.core.ApplicationFilterChain.internalDoFilter(ApplicationFilterChain.java:227) ~[tomcat-embed-core-9.0.71.jar:9.0.71]
	at org.apache.catalina.core.ApplicationFilterChain.doFilter(ApplicationFilterChain.java:162) ~[tomcat-embed-core-9.0.71.jar:9.0.71]
	at org.apache.tomcat.websocket.server.WsFilter.doFilter(WsFilter.java:53) ~[tomcat-embed-websocket-9.0.71.jar:9.0.71]
	at org.apache.catalina.core.ApplicationFilterChain.internalDoFilter(ApplicationFilterChain.java:189) ~[tomcat-embed-core-9.0.71.jar:9.0.71]
	at org.apache.catalina.core.ApplicationFilterChain.doFilter(ApplicationFilterChain.java:162) ~[tomcat-embed-core-9.0.71.jar:9.0.71]
	at org.springframework.web.filter.RequestContextFilter.doFilterInternal(RequestContextFilter.java:100) ~[spring-web-5.3.25.jar:5.3.25]
	at org.springframework.web.filter.OncePerRequestFilter.doFilter(OncePerRequestFilter.java:117) ~[spring-web-5.3.25.jar:5.3.25]
	at org.apache.catalina.core.ApplicationFilterChain.internalDoFilter(ApplicationFilterChain.java:189) ~[tomcat-embed-core-9.0.71.jar:9.0.71]
	at org.apache.catalina.core.ApplicationFilterChain.doFilter(ApplicationFilterChain.java:162) ~[tomcat-embed-core-9.0.71.jar:9.0.71]
	at org.springframework.web.filter.FormContentFilter.doFilterInternal(FormContentFilter.java:93) ~[spring-web-5.3.25.jar:5.3.25]
	at org.springframework.web.filter.OncePerRequestFilter.doFilter(OncePerRequestFilter.java:117) ~[spring-web-5.3.25.jar:5.3.25]
	at org.apache.catalina.core.ApplicationFilterChain.internalDoFilter(ApplicationFilterChain.java:189) ~[tomcat-embed-core-9.0.71.jar:9.0.71]
	at org.apache.catalina.core.ApplicationFilterChain.doFilter(ApplicationFilterChain.java:162) ~[tomcat-embed-core-9.0.71.jar:9.0.71]
	at org.springframework.web.filter.CharacterEncodingFilter.doFilterInternal(CharacterEncodingFilter.java:201) ~[spring-web-5.3.25.jar:5.3.25]
	at org.springframework.web.filter.OncePerRequestFilter.doFilter(OncePerRequestFilter.java:117) ~[spring-web-5.3.25.jar:5.3.25]
	at org.apache.catalina.core.ApplicationFilterChain.internalDoFilter(ApplicationFilterChain.java:189) ~[tomcat-embed-core-9.0.71.jar:9.0.71]
	at org.apache.catalina.core.ApplicationFilterChain.doFilter(ApplicationFilterChain.java:162) ~[tomcat-embed-core-9.0.71.jar:9.0.71]
	at org.apache.catalina.core.StandardWrapperValve.invoke(StandardWrapperValve.java:177) ~[tomcat-embed-core-9.0.71.jar:9.0.71]
	at org.apache.catalina.core.StandardContextValve.invoke(StandardContextValve.java:97) ~[tomcat-embed-core-9.0.71.jar:9.0.71]
	at org.apache.catalina.authenticator.AuthenticatorBase.invoke(AuthenticatorBase.java:541) ~[tomcat-embed-core-9.0.71.jar:9.0.71]
	at org.apache.catalina.core.StandardHostValve.invoke(StandardHostValve.java:135) ~[tomcat-embed-core-9.0.71.jar:9.0.71]
	at org.apache.catalina.valves.ErrorReportValve.invoke(ErrorReportValve.java:92) ~[tomcat-embed-core-9.0.71.jar:9.0.71]
	at org.apache.catalina.core.StandardEngineValve.invoke(StandardEngineValve.java:78) ~[tomcat-embed-core-9.0.71.jar:9.0.71]
	at org.apache.catalina.connector.CoyoteAdapter.service(CoyoteAdapter.java:360) ~[tomcat-embed-core-9.0.71.jar:9.0.71]
	at org.apache.coyote.http11.Http11Processor.service(Http11Processor.java:399) ~[tomcat-embed-core-9.0.71.jar:9.0.71]
	at org.apache.coyote.AbstractProcessorLight.process(AbstractProcessorLight.java:65) ~[tomcat-embed-core-9.0.71.jar:9.0.71]
	at org.apache.coyote.AbstractProtocol$ConnectionHandler.process(AbstractProtocol.java:891) ~[tomcat-embed-core-9.0.71.jar:9.0.71]
	at org.apache.tomcat.util.net.NioEndpoint$SocketProcessor.doRun(NioEndpoint.java:1784) ~[tomcat-embed-core-9.0.71.jar:9.0.71]
	at org.apache.tomcat.util.net.SocketProcessorBase.run(SocketProcessorBase.java:49) ~[tomcat-embed-core-9.0.71.jar:9.0.71]
	at org.apache.tomcat.util.threads.ThreadPoolExecutor.runWorker(ThreadPoolExecutor.java:1191) ~[tomcat-embed-core-9.0.71.jar:9.0.71]
	at org.apache.tomcat.util.threads.ThreadPoolExecutor$Worker.run(ThreadPoolExecutor.java:659) ~[tomcat-embed-core-9.0.71.jar:9.0.71]
	at org.apache.tomcat.util.threads.TaskThread$WrappingRunnable.run(TaskThread.java:61) ~[tomcat-embed-core-9.0.71.jar:9.0.71]
	at java.lang.Thread.run(Thread.java:840) ~[?:?]
[2025-03-27 09:50:01:958] [ERROR] - com.zaxxer.hikari.pool.HikariPool.throwPoolInitializationException(HikariPool.java:594) - HikariPool-1 - Exception during pool initialization.
com.mysql.jdbc.exceptions.jdbc4.CommunicationsException: Communications link failure

The last packet sent successfully to the server was 0 milliseconds ago. The driver has not received any packets from the server.
	at jdk.internal.reflect.NativeConstructorAccessorImpl.newInstance0(Native Method) ~[?:?]
	at jdk.internal.reflect.NativeConstructorAccessorImpl.newInstance(NativeConstructorAccessorImpl.java:77) ~[?:?]
	at jdk.internal.reflect.DelegatingConstructorAccessorImpl.newInstance(DelegatingConstructorAccessorImpl.java:45) ~[?:?]
	at java.lang.reflect.Constructor.newInstanceWithCaller(Constructor.java:499) ~[?:?]
	at java.lang.reflect.Constructor.newInstance(Constructor.java:480) ~[?:?]
	at com.mysql.jdbc.Util.handleNewInstance(Util.java:403) ~[mysql-connector-java-5.1.49.jar:5.1.49]
	at com.mysql.jdbc.SQLError.createCommunicationsException(SQLError.java:990) ~[mysql-connector-java-5.1.49.jar:5.1.49]
	at com.mysql.jdbc.MysqlIO.<init>(MysqlIO.java:335) ~[mysql-connector-java-5.1.49.jar:5.1.49]
	at com.mysql.jdbc.ConnectionImpl.coreConnect(ConnectionImpl.java:2187) ~[mysql-connector-java-5.1.49.jar:5.1.49]
	at com.mysql.jdbc.ConnectionImpl.connectOneTryOnly(ConnectionImpl.java:2220) ~[mysql-connector-java-5.1.49.jar:5.1.49]
	at com.mysql.jdbc.ConnectionImpl.createNewIO(ConnectionImpl.java:2015) ~[mysql-connector-java-5.1.49.jar:5.1.49]
	at com.mysql.jdbc.ConnectionImpl.<init>(ConnectionImpl.java:768) ~[mysql-connector-java-5.1.49.jar:5.1.49]
	at com.mysql.jdbc.JDBC4Connection.<init>(JDBC4Connection.java:47) ~[mysql-connector-java-5.1.49.jar:5.1.49]
	at jdk.internal.reflect.NativeConstructorAccessorImpl.newInstance0(Native Method) ~[?:?]
	at jdk.internal.reflect.NativeConstructorAccessorImpl.newInstance(NativeConstructorAccessorImpl.java:77) ~[?:?]
	at jdk.internal.reflect.DelegatingConstructorAccessorImpl.newInstance(DelegatingConstructorAccessorImpl.java:45) ~[?:?]
	at java.lang.reflect.Constructor.newInstanceWithCaller(Constructor.java:499) ~[?:?]
	at java.lang.reflect.Constructor.newInstance(Constructor.java:480) ~[?:?]
	at com.mysql.jdbc.Util.handleNewInstance(Util.java:403) ~[mysql-connector-java-5.1.49.jar:5.1.49]
	at com.mysql.jdbc.ConnectionImpl.getInstance(ConnectionImpl.java:385) ~[mysql-connector-java-5.1.49.jar:5.1.49]
	at com.mysql.jdbc.NonRegisteringDriver.connect(NonRegisteringDriver.java:323) ~[mysql-connector-java-5.1.49.jar:5.1.49]
	at com.zaxxer.hikari.util.DriverDataSource.getConnection(DriverDataSource.java:138) ~[HikariCP-4.0.3.jar:?]
	at com.zaxxer.hikari.pool.PoolBase.newConnection(PoolBase.java:364) ~[HikariCP-4.0.3.jar:?]
	at com.zaxxer.hikari.pool.PoolBase.newPoolEntry(PoolBase.java:206) ~[HikariCP-4.0.3.jar:?]
	at com.zaxxer.hikari.pool.HikariPool.createPoolEntry(HikariPool.java:476) ~[HikariCP-4.0.3.jar:?]
	at com.zaxxer.hikari.pool.HikariPool.checkFailFast(HikariPool.java:561) ~[HikariCP-4.0.3.jar:?]
	at com.zaxxer.hikari.pool.HikariPool.<init>(HikariPool.java:115) ~[HikariCP-4.0.3.jar:?]
	at com.zaxxer.hikari.HikariDataSource.getConnection(HikariDataSource.java:112) ~[HikariCP-4.0.3.jar:?]
	at org.springframework.jdbc.datasource.DataSourceUtils.fetchConnection(DataSourceUtils.java:159) ~[spring-jdbc-5.3.25.jar:5.3.25]
	at org.springframework.jdbc.datasource.DataSourceUtils.doGetConnection(DataSourceUtils.java:117) ~[spring-jdbc-5.3.25.jar:5.3.25]
	at org.springframework.jdbc.datasource.DataSourceUtils.getConnection(DataSourceUtils.java:80) ~[spring-jdbc-5.3.25.jar:5.3.25]
	at org.mybatis.spring.transaction.SpringManagedTransaction.openConnection(SpringManagedTransaction.java:80) ~[mybatis-spring-2.1.0.jar:2.1.0]
	at org.mybatis.spring.transaction.SpringManagedTransaction.getConnection(SpringManagedTransaction.java:67) ~[mybatis-spring-2.1.0.jar:2.1.0]
	at org.apache.ibatis.executor.BaseExecutor.getConnection(BaseExecutor.java:337) ~[mybatis-3.5.11.jar:3.5.11]
	at org.apache.ibatis.executor.SimpleExecutor.prepareStatement(SimpleExecutor.java:86) ~[mybatis-3.5.11.jar:3.5.11]
	at org.apache.ibatis.executor.SimpleExecutor.doQuery(SimpleExecutor.java:62) ~[mybatis-3.5.11.jar:3.5.11]
	at org.apache.ibatis.executor.BaseExecutor.queryFromDatabase(BaseExecutor.java:325) ~[mybatis-3.5.11.jar:3.5.11]
	at org.apache.ibatis.executor.BaseExecutor.query(BaseExecutor.java:156) ~[mybatis-3.5.11.jar:3.5.11]
	at org.apache.ibatis.executor.CachingExecutor.query(CachingExecutor.java:109) ~[mybatis-3.5.11.jar:3.5.11]
	at com.github.pagehelper.PageInterceptor.intercept(PageInterceptor.java:151) ~[pagehelper-5.3.2.jar:?]
	at org.apache.ibatis.plugin.Plugin.invoke(Plugin.java:62) ~[mybatis-3.5.11.jar:3.5.11]
	at jdk.proxy2.$Proxy131.query(Unknown Source) ~[?:?]
	at org.apache.ibatis.session.defaults.DefaultSqlSession.selectList(DefaultSqlSession.java:151) ~[mybatis-3.5.11.jar:3.5.11]
	at org.apache.ibatis.session.defaults.DefaultSqlSession.selectList(DefaultSqlSession.java:145) ~[mybatis-3.5.11.jar:3.5.11]
	at org.apache.ibatis.session.defaults.DefaultSqlSession.selectList(DefaultSqlSession.java:140) ~[mybatis-3.5.11.jar:3.5.11]
	at jdk.internal.reflect.NativeMethodAccessorImpl.invoke0(Native Method) ~[?:?]
	at jdk.internal.reflect.NativeMethodAccessorImpl.invoke(NativeMethodAccessorImpl.java:77) ~[?:?]
	at jdk.internal.reflect.DelegatingMethodAccessorImpl.invoke(DelegatingMethodAccessorImpl.java:43) ~[?:?]
	at java.lang.reflect.Method.invoke(Method.java:568) ~[?:?]
	at org.mybatis.spring.SqlSessionTemplate$SqlSessionInterceptor.invoke(SqlSessionTemplate.java:425) ~[mybatis-spring-2.1.0.jar:2.1.0]
	at jdk.proxy2.$Proxy92.selectList(Unknown Source) ~[?:?]
	at org.mybatis.spring.SqlSessionTemplate.selectList(SqlSessionTemplate.java:224) ~[mybatis-spring-2.1.0.jar:2.1.0]
	at org.apache.ibatis.binding.MapperMethod.executeForMany(MapperMethod.java:147) ~[mybatis-3.5.11.jar:3.5.11]
	at org.apache.ibatis.binding.MapperMethod.execute(MapperMethod.java:80) ~[mybatis-3.5.11.jar:3.5.11]
	at org.apache.ibatis.binding.MapperProxy$PlainMethodInvoker.invoke(MapperProxy.java:145) ~[mybatis-3.5.11.jar:3.5.11]
	at org.apache.ibatis.binding.MapperProxy.invoke(MapperProxy.java:86) ~[mybatis-3.5.11.jar:3.5.11]
	at jdk.proxy3.$Proxy103.getCourseByCategory(Unknown Source) ~[?:?]
	at ma.com.serviceImp.CourseServiceImpl.getCourseByCategory(CourseServiceImpl.java:32) ~[classes/:?]
	at ma.com.controller.CourseController.getCourseByCategory(CourseController.java:36) ~[classes/:?]
	at ma.com.controller.CourseController$$FastClassBySpringCGLIB$$32e59b02.invoke(<generated>) ~[classes/:?]
	at org.springframework.cglib.proxy.MethodProxy.invoke(MethodProxy.java:218) ~[spring-core-5.3.25.jar:5.3.25]
	at org.springframework.aop.framework.CglibAopProxy$CglibMethodInvocation.invokeJoinpoint(CglibAopProxy.java:793) ~[spring-aop-5.3.25.jar:5.3.25]
	at org.springframework.aop.framework.ReflectiveMethodInvocation.proceed(ReflectiveMethodInvocation.java:163) ~[spring-aop-5.3.25.jar:5.3.25]
	at org.springframework.aop.framework.CglibAopProxy$CglibMethodInvocation.proceed(CglibAopProxy.java:763) ~[spring-aop-5.3.25.jar:5.3.25]
	at org.springframework.aop.framework.adapter.AfterReturningAdviceInterceptor.invoke(AfterReturningAdviceInterceptor.java:57) ~[spring-aop-5.3.25.jar:5.3.25]
	at org.springframework.aop.framework.ReflectiveMethodInvocation.proceed(ReflectiveMethodInvocation.java:175) ~[spring-aop-5.3.25.jar:5.3.25]
	at org.springframework.aop.framework.CglibAopProxy$CglibMethodInvocation.proceed(CglibAopProxy.java:763) ~[spring-aop-5.3.25.jar:5.3.25]
	at org.springframework.aop.interceptor.ExposeInvocationInterceptor.invoke(ExposeInvocationInterceptor.java:97) ~[spring-aop-5.3.25.jar:5.3.25]
	at org.springframework.aop.framework.ReflectiveMethodInvocation.proceed(ReflectiveMethodInvocation.java:186) ~[spring-aop-5.3.25.jar:5.3.25]
	at org.springframework.aop.framework.CglibAopProxy$CglibMethodInvocation.proceed(CglibAopProxy.java:763) ~[spring-aop-5.3.25.jar:5.3.25]
	at org.springframework.aop.framework.CglibAopProxy$DynamicAdvisedInterceptor.intercept(CglibAopProxy.java:708) ~[spring-aop-5.3.25.jar:5.3.25]
	at ma.com.controller.CourseController$$EnhancerBySpringCGLIB$$4925fe5a.getCourseByCategory(<generated>) ~[classes/:?]
	at jdk.internal.reflect.NativeMethodAccessorImpl.invoke0(Native Method) ~[?:?]
	at jdk.internal.reflect.NativeMethodAccessorImpl.invoke(NativeMethodAccessorImpl.java:77) ~[?:?]
	at jdk.internal.reflect.DelegatingMethodAccessorImpl.invoke(DelegatingMethodAccessorImpl.java:43) ~[?:?]
	at java.lang.reflect.Method.invoke(Method.java:568) ~[?:?]
	at org.springframework.web.method.support.InvocableHandlerMethod.doInvoke(InvocableHandlerMethod.java:205) ~[spring-web-5.3.25.jar:5.3.25]
	at org.springframework.web.method.support.InvocableHandlerMethod.invokeForRequest(InvocableHandlerMethod.java:150) ~[spring-web-5.3.25.jar:5.3.25]
	at org.springframework.web.servlet.mvc.method.annotation.ServletInvocableHandlerMethod.invokeAndHandle(ServletInvocableHandlerMethod.java:117) ~[spring-webmvc-5.3.25.jar:5.3.25]
	at org.springframework.web.servlet.mvc.method.annotation.RequestMappingHandlerAdapter.invokeHandlerMethod(RequestMappingHandlerAdapter.java:895) ~[spring-webmvc-5.3.25.jar:5.3.25]
	at org.springframework.web.servlet.mvc.method.annotation.RequestMappingHandlerAdapter.handleInternal(RequestMappingHandlerAdapter.java:808) ~[spring-webmvc-5.3.25.jar:5.3.25]
	at org.springframework.web.servlet.mvc.method.AbstractHandlerMethodAdapter.handle(AbstractHandlerMethodAdapter.java:87) ~[spring-webmvc-5.3.25.jar:5.3.25]
	at org.springframework.web.servlet.DispatcherServlet.doDispatch(DispatcherServlet.java:1071) ~[spring-webmvc-5.3.25.jar:5.3.25]
	at org.springframework.web.servlet.DispatcherServlet.doService(DispatcherServlet.java:964) ~[spring-webmvc-5.3.25.jar:5.3.25]
	at org.springframework.web.servlet.FrameworkServlet.processRequest(FrameworkServlet.java:1006) ~[spring-webmvc-5.3.25.jar:5.3.25]
	at org.springframework.web.servlet.FrameworkServlet.doGet(FrameworkServlet.java:898) ~[spring-webmvc-5.3.25.jar:5.3.25]
	at javax.servlet.http.HttpServlet.service(HttpServlet.java:670) ~[tomcat-embed-core-9.0.71.jar:4.0.FR]
	at org.springframework.web.servlet.FrameworkServlet.service(FrameworkServlet.java:883) ~[spring-webmvc-5.3.25.jar:5.3.25]
	at javax.servlet.http.HttpServlet.service(HttpServlet.java:779) ~[tomcat-embed-core-9.0.71.jar:4.0.FR]
	at org.apache.catalina.core.ApplicationFilterChain.internalDoFilter(ApplicationFilterChain.java:227) ~[tomcat-embed-core-9.0.71.jar:9.0.71]
	at org.apache.catalina.core.ApplicationFilterChain.doFilter(ApplicationFilterChain.java:162) ~[tomcat-embed-core-9.0.71.jar:9.0.71]
	at org.apache.tomcat.websocket.server.WsFilter.doFilter(WsFilter.java:53) ~[tomcat-embed-websocket-9.0.71.jar:9.0.71]
	at org.apache.catalina.core.ApplicationFilterChain.internalDoFilter(ApplicationFilterChain.java:189) ~[tomcat-embed-core-9.0.71.jar:9.0.71]
	at org.apache.catalina.core.ApplicationFilterChain.doFilter(ApplicationFilterChain.java:162) ~[tomcat-embed-core-9.0.71.jar:9.0.71]
	at org.springframework.web.filter.RequestContextFilter.doFilterInternal(RequestContextFilter.java:100) ~[spring-web-5.3.25.jar:5.3.25]
	at org.springframework.web.filter.OncePerRequestFilter.doFilter(OncePerRequestFilter.java:117) ~[spring-web-5.3.25.jar:5.3.25]
	at org.apache.catalina.core.ApplicationFilterChain.internalDoFilter(ApplicationFilterChain.java:189) ~[tomcat-embed-core-9.0.71.jar:9.0.71]
	at org.apache.catalina.core.ApplicationFilterChain.doFilter(ApplicationFilterChain.java:162) ~[tomcat-embed-core-9.0.71.jar:9.0.71]
	at org.springframework.web.filter.FormContentFilter.doFilterInternal(FormContentFilter.java:93) ~[spring-web-5.3.25.jar:5.3.25]
	at org.springframework.web.filter.OncePerRequestFilter.doFilter(OncePerRequestFilter.java:117) ~[spring-web-5.3.25.jar:5.3.25]
	at org.apache.catalina.core.ApplicationFilterChain.internalDoFilter(ApplicationFilterChain.java:189) ~[tomcat-embed-core-9.0.71.jar:9.0.71]
	at org.apache.catalina.core.ApplicationFilterChain.doFilter(ApplicationFilterChain.java:162) ~[tomcat-embed-core-9.0.71.jar:9.0.71]
	at org.springframework.web.filter.CharacterEncodingFilter.doFilterInternal(CharacterEncodingFilter.java:201) ~[spring-web-5.3.25.jar:5.3.25]
	at org.springframework.web.filter.OncePerRequestFilter.doFilter(OncePerRequestFilter.java:117) ~[spring-web-5.3.25.jar:5.3.25]
	at org.apache.catalina.core.ApplicationFilterChain.internalDoFilter(ApplicationFilterChain.java:189) ~[tomcat-embed-core-9.0.71.jar:9.0.71]
	at org.apache.catalina.core.ApplicationFilterChain.doFilter(ApplicationFilterChain.java:162) ~[tomcat-embed-core-9.0.71.jar:9.0.71]
	at org.apache.catalina.core.StandardWrapperValve.invoke(StandardWrapperValve.java:177) ~[tomcat-embed-core-9.0.71.jar:9.0.71]
	at org.apache.catalina.core.StandardContextValve.invoke(StandardContextValve.java:97) ~[tomcat-embed-core-9.0.71.jar:9.0.71]
	at org.apache.catalina.authenticator.AuthenticatorBase.invoke(AuthenticatorBase.java:541) ~[tomcat-embed-core-9.0.71.jar:9.0.71]
	at org.apache.catalina.core.StandardHostValve.invoke(StandardHostValve.java:135) ~[tomcat-embed-core-9.0.71.jar:9.0.71]
	at org.apache.catalina.valves.ErrorReportValve.invoke(ErrorReportValve.java:92) ~[tomcat-embed-core-9.0.71.jar:9.0.71]
	at org.apache.catalina.core.StandardEngineValve.invoke(StandardEngineValve.java:78) ~[tomcat-embed-core-9.0.71.jar:9.0.71]
	at org.apache.catalina.connector.CoyoteAdapter.service(CoyoteAdapter.java:360) ~[tomcat-embed-core-9.0.71.jar:9.0.71]
	at org.apache.coyote.http11.Http11Processor.service(Http11Processor.java:399) ~[tomcat-embed-core-9.0.71.jar:9.0.71]
	at org.apache.coyote.AbstractProcessorLight.process(AbstractProcessorLight.java:65) ~[tomcat-embed-core-9.0.71.jar:9.0.71]
	at org.apache.coyote.AbstractProtocol$ConnectionHandler.process(AbstractProtocol.java:891) ~[tomcat-embed-core-9.0.71.jar:9.0.71]
	at org.apache.tomcat.util.net.NioEndpoint$SocketProcessor.doRun(NioEndpoint.java:1784) ~[tomcat-embed-core-9.0.71.jar:9.0.71]
	at org.apache.tomcat.util.net.SocketProcessorBase.run(SocketProcessorBase.java:49) ~[tomcat-embed-core-9.0.71.jar:9.0.71]
	at org.apache.tomcat.util.threads.ThreadPoolExecutor.runWorker(ThreadPoolExecutor.java:1191) ~[tomcat-embed-core-9.0.71.jar:9.0.71]
	at org.apache.tomcat.util.threads.ThreadPoolExecutor$Worker.run(ThreadPoolExecutor.java:659) ~[tomcat-embed-core-9.0.71.jar:9.0.71]
	at org.apache.tomcat.util.threads.TaskThread$WrappingRunnable.run(TaskThread.java:61) ~[tomcat-embed-core-9.0.71.jar:9.0.71]
	at java.lang.Thread.run(Thread.java:840) ~[?:?]
Caused by: java.net.ConnectException: Connection timed out: getsockopt
	at sun.nio.ch.Net.pollConnect(Native Method) ~[?:?]
	at sun.nio.ch.Net.pollConnectNow(Net.java:672) ~[?:?]
	at sun.nio.ch.NioSocketImpl.timedFinishConnect(NioSocketImpl.java:554) ~[?:?]
	at sun.nio.ch.NioSocketImpl.connect(NioSocketImpl.java:602) ~[?:?]
	at java.net.SocksSocketImpl.connect(SocksSocketImpl.java:327) ~[?:?]
	at java.net.Socket.connect(Socket.java:633) ~[?:?]
	at com.mysql.jdbc.StandardSocketFactory.connect(StandardSocketFactory.java:211) ~[mysql-connector-java-5.1.49.jar:5.1.49]
	at com.mysql.jdbc.MysqlIO.<init>(MysqlIO.java:299) ~[mysql-connector-java-5.1.49.jar:5.1.49]
	... 114 more
[2025-03-27 09:50:01:965] [ERROR] - org.apache.juli.logging.DirectJDKLog.log(DirectJDKLog.java:175) - Servlet.service() for servlet [dispatcherServlet] in context with path [] threw exception [Request processing failed; nested exception is org.mybatis.spring.MyBatisSystemException: nested exception is org.apache.ibatis.exceptions.PersistenceException: 
### Error querying database.  Cause: org.springframework.jdbc.CannotGetJdbcConnectionException: Failed to obtain JDBC Connection; nested exception is com.mysql.jdbc.exceptions.jdbc4.CommunicationsException: Communications link failure

The last packet sent successfully to the server was 0 milliseconds ago. The driver has not received any packets from the server.
### The error may exist in file [E:\computer2\computer1\ifly\target\classes\mapper\CourseMapper.xml]
### The error may involve ma.com.mapper.CourseMapper.getCourseByCategory
### The error occurred while executing a query
### Cause: org.springframework.jdbc.CannotGetJdbcConnectionException: Failed to obtain JDBC Connection; nested exception is com.mysql.jdbc.exceptions.jdbc4.CommunicationsException: Communications link failure

The last packet sent successfully to the server was 0 milliseconds ago. The driver has not received any packets from the server.] with root cause
java.net.ConnectException: Connection timed out: getsockopt
	at sun.nio.ch.Net.pollConnect(Native Method) ~[?:?]
	at sun.nio.ch.Net.pollConnectNow(Net.java:672) ~[?:?]
	at sun.nio.ch.NioSocketImpl.timedFinishConnect(NioSocketImpl.java:554) ~[?:?]
	at sun.nio.ch.NioSocketImpl.connect(NioSocketImpl.java:602) ~[?:?]
	at java.net.SocksSocketImpl.connect(SocksSocketImpl.java:327) ~[?:?]
	at java.net.Socket.connect(Socket.java:633) ~[?:?]
	at com.mysql.jdbc.StandardSocketFactory.connect(StandardSocketFactory.java:211) ~[mysql-connector-java-5.1.49.jar:5.1.49]
	at com.mysql.jdbc.MysqlIO.<init>(MysqlIO.java:299) ~[mysql-connector-java-5.1.49.jar:5.1.49]
	at com.mysql.jdbc.ConnectionImpl.coreConnect(ConnectionImpl.java:2187) ~[mysql-connector-java-5.1.49.jar:5.1.49]
	at com.mysql.jdbc.ConnectionImpl.connectOneTryOnly(ConnectionImpl.java:2220) ~[mysql-connector-java-5.1.49.jar:5.1.49]
	at com.mysql.jdbc.ConnectionImpl.createNewIO(ConnectionImpl.java:2015) ~[mysql-connector-java-5.1.49.jar:5.1.49]
	at com.mysql.jdbc.ConnectionImpl.<init>(ConnectionImpl.java:768) ~[mysql-connector-java-5.1.49.jar:5.1.49]
	at com.mysql.jdbc.JDBC4Connection.<init>(JDBC4Connection.java:47) ~[mysql-connector-java-5.1.49.jar:5.1.49]
	at jdk.internal.reflect.NativeConstructorAccessorImpl.newInstance0(Native Method) ~[?:?]
	at jdk.internal.reflect.NativeConstructorAccessorImpl.newInstance(NativeConstructorAccessorImpl.java:77) ~[?:?]
	at jdk.internal.reflect.DelegatingConstructorAccessorImpl.newInstance(DelegatingConstructorAccessorImpl.java:45) ~[?:?]
	at java.lang.reflect.Constructor.newInstanceWithCaller(Constructor.java:499) ~[?:?]
	at java.lang.reflect.Constructor.newInstance(Constructor.java:480) ~[?:?]
	at com.mysql.jdbc.Util.handleNewInstance(Util.java:403) ~[mysql-connector-java-5.1.49.jar:5.1.49]
	at com.mysql.jdbc.ConnectionImpl.getInstance(ConnectionImpl.java:385) ~[mysql-connector-java-5.1.49.jar:5.1.49]
	at com.mysql.jdbc.NonRegisteringDriver.connect(NonRegisteringDriver.java:323) ~[mysql-connector-java-5.1.49.jar:5.1.49]
	at com.zaxxer.hikari.util.DriverDataSource.getConnection(DriverDataSource.java:138) ~[HikariCP-4.0.3.jar:?]
	at com.zaxxer.hikari.pool.PoolBase.newConnection(PoolBase.java:364) ~[HikariCP-4.0.3.jar:?]
	at com.zaxxer.hikari.pool.PoolBase.newPoolEntry(PoolBase.java:206) ~[HikariCP-4.0.3.jar:?]
	at com.zaxxer.hikari.pool.HikariPool.createPoolEntry(HikariPool.java:476) ~[HikariCP-4.0.3.jar:?]
	at com.zaxxer.hikari.pool.HikariPool.checkFailFast(HikariPool.java:561) ~[HikariCP-4.0.3.jar:?]
	at com.zaxxer.hikari.pool.HikariPool.<init>(HikariPool.java:115) ~[HikariCP-4.0.3.jar:?]
	at com.zaxxer.hikari.HikariDataSource.getConnection(HikariDataSource.java:112) ~[HikariCP-4.0.3.jar:?]
	at org.springframework.jdbc.datasource.DataSourceUtils.fetchConnection(DataSourceUtils.java:159) ~[spring-jdbc-5.3.25.jar:5.3.25]
	at org.springframework.jdbc.datasource.DataSourceUtils.doGetConnection(DataSourceUtils.java:117) ~[spring-jdbc-5.3.25.jar:5.3.25]
	at org.springframework.jdbc.datasource.DataSourceUtils.getConnection(DataSourceUtils.java:80) ~[spring-jdbc-5.3.25.jar:5.3.25]
	at org.mybatis.spring.transaction.SpringManagedTransaction.openConnection(SpringManagedTransaction.java:80) ~[mybatis-spring-2.1.0.jar:2.1.0]
	at org.mybatis.spring.transaction.SpringManagedTransaction.getConnection(SpringManagedTransaction.java:67) ~[mybatis-spring-2.1.0.jar:2.1.0]
	at org.apache.ibatis.executor.BaseExecutor.getConnection(BaseExecutor.java:337) ~[mybatis-3.5.11.jar:3.5.11]
	at org.apache.ibatis.executor.SimpleExecutor.prepareStatement(SimpleExecutor.java:86) ~[mybatis-3.5.11.jar:3.5.11]
	at org.apache.ibatis.executor.SimpleExecutor.doQuery(SimpleExecutor.java:62) ~[mybatis-3.5.11.jar:3.5.11]
	at org.apache.ibatis.executor.BaseExecutor.queryFromDatabase(BaseExecutor.java:325) ~[mybatis-3.5.11.jar:3.5.11]
	at org.apache.ibatis.executor.BaseExecutor.query(BaseExecutor.java:156) ~[mybatis-3.5.11.jar:3.5.11]
	at org.apache.ibatis.executor.CachingExecutor.query(CachingExecutor.java:109) ~[mybatis-3.5.11.jar:3.5.11]
	at com.github.pagehelper.PageInterceptor.intercept(PageInterceptor.java:151) ~[pagehelper-5.3.2.jar:?]
	at org.apache.ibatis.plugin.Plugin.invoke(Plugin.java:62) ~[mybatis-3.5.11.jar:3.5.11]
	at jdk.proxy2.$Proxy131.query(Unknown Source) ~[?:?]
	at org.apache.ibatis.session.defaults.DefaultSqlSession.selectList(DefaultSqlSession.java:151) ~[mybatis-3.5.11.jar:3.5.11]
	at org.apache.ibatis.session.defaults.DefaultSqlSession.selectList(DefaultSqlSession.java:145) ~[mybatis-3.5.11.jar:3.5.11]
	at org.apache.ibatis.session.defaults.DefaultSqlSession.selectList(DefaultSqlSession.java:140) ~[mybatis-3.5.11.jar:3.5.11]
	at jdk.internal.reflect.NativeMethodAccessorImpl.invoke0(Native Method) ~[?:?]
	at jdk.internal.reflect.NativeMethodAccessorImpl.invoke(NativeMethodAccessorImpl.java:77) ~[?:?]
	at jdk.internal.reflect.DelegatingMethodAccessorImpl.invoke(DelegatingMethodAccessorImpl.java:43) ~[?:?]
	at java.lang.reflect.Method.invoke(Method.java:568) ~[?:?]
	at org.mybatis.spring.SqlSessionTemplate$SqlSessionInterceptor.invoke(SqlSessionTemplate.java:425) ~[mybatis-spring-2.1.0.jar:2.1.0]
	at jdk.proxy2.$Proxy92.selectList(Unknown Source) ~[?:?]
	at org.mybatis.spring.SqlSessionTemplate.selectList(SqlSessionTemplate.java:224) ~[mybatis-spring-2.1.0.jar:2.1.0]
	at org.apache.ibatis.binding.MapperMethod.executeForMany(MapperMethod.java:147) ~[mybatis-3.5.11.jar:3.5.11]
	at org.apache.ibatis.binding.MapperMethod.execute(MapperMethod.java:80) ~[mybatis-3.5.11.jar:3.5.11]
	at org.apache.ibatis.binding.MapperProxy$PlainMethodInvoker.invoke(MapperProxy.java:145) ~[mybatis-3.5.11.jar:3.5.11]
	at org.apache.ibatis.binding.MapperProxy.invoke(MapperProxy.java:86) ~[mybatis-3.5.11.jar:3.5.11]
	at jdk.proxy3.$Proxy103.getCourseByCategory(Unknown Source) ~[?:?]
	at ma.com.serviceImp.CourseServiceImpl.getCourseByCategory(CourseServiceImpl.java:32) ~[classes/:?]
	at ma.com.controller.CourseController.getCourseByCategory(CourseController.java:36) ~[classes/:?]
	at ma.com.controller.CourseController$$FastClassBySpringCGLIB$$32e59b02.invoke(<generated>) ~[classes/:?]
	at org.springframework.cglib.proxy.MethodProxy.invoke(MethodProxy.java:218) ~[spring-core-5.3.25.jar:5.3.25]
	at org.springframework.aop.framework.CglibAopProxy$CglibMethodInvocation.invokeJoinpoint(CglibAopProxy.java:793) ~[spring-aop-5.3.25.jar:5.3.25]
	at org.springframework.aop.framework.ReflectiveMethodInvocation.proceed(ReflectiveMethodInvocation.java:163) ~[spring-aop-5.3.25.jar:5.3.25]
	at org.springframework.aop.framework.CglibAopProxy$CglibMethodInvocation.proceed(CglibAopProxy.java:763) ~[spring-aop-5.3.25.jar:5.3.25]
	at org.springframework.aop.framework.adapter.AfterReturningAdviceInterceptor.invoke(AfterReturningAdviceInterceptor.java:57) ~[spring-aop-5.3.25.jar:5.3.25]
	at org.springframework.aop.framework.ReflectiveMethodInvocation.proceed(ReflectiveMethodInvocation.java:175) ~[spring-aop-5.3.25.jar:5.3.25]
	at org.springframework.aop.framework.CglibAopProxy$CglibMethodInvocation.proceed(CglibAopProxy.java:763) ~[spring-aop-5.3.25.jar:5.3.25]
	at org.springframework.aop.interceptor.ExposeInvocationInterceptor.invoke(ExposeInvocationInterceptor.java:97) ~[spring-aop-5.3.25.jar:5.3.25]
	at org.springframework.aop.framework.ReflectiveMethodInvocation.proceed(ReflectiveMethodInvocation.java:186) ~[spring-aop-5.3.25.jar:5.3.25]
	at org.springframework.aop.framework.CglibAopProxy$CglibMethodInvocation.proceed(CglibAopProxy.java:763) ~[spring-aop-5.3.25.jar:5.3.25]
	at org.springframework.aop.framework.CglibAopProxy$DynamicAdvisedInterceptor.intercept(CglibAopProxy.java:708) ~[spring-aop-5.3.25.jar:5.3.25]
	at ma.com.controller.CourseController$$EnhancerBySpringCGLIB$$4925fe5a.getCourseByCategory(<generated>) ~[classes/:?]
	at jdk.internal.reflect.NativeMethodAccessorImpl.invoke0(Native Method) ~[?:?]
	at jdk.internal.reflect.NativeMethodAccessorImpl.invoke(NativeMethodAccessorImpl.java:77) ~[?:?]
	at jdk.internal.reflect.DelegatingMethodAccessorImpl.invoke(DelegatingMethodAccessorImpl.java:43) ~[?:?]
	at java.lang.reflect.Method.invoke(Method.java:568) ~[?:?]
	at org.springframework.web.method.support.InvocableHandlerMethod.doInvoke(InvocableHandlerMethod.java:205) ~[spring-web-5.3.25.jar:5.3.25]
	at org.springframework.web.method.support.InvocableHandlerMethod.invokeForRequest(InvocableHandlerMethod.java:150) ~[spring-web-5.3.25.jar:5.3.25]
	at org.springframework.web.servlet.mvc.method.annotation.ServletInvocableHandlerMethod.invokeAndHandle(ServletInvocableHandlerMethod.java:117) ~[spring-webmvc-5.3.25.jar:5.3.25]
	at org.springframework.web.servlet.mvc.method.annotation.RequestMappingHandlerAdapter.invokeHandlerMethod(RequestMappingHandlerAdapter.java:895) ~[spring-webmvc-5.3.25.jar:5.3.25]
	at org.springframework.web.servlet.mvc.method.annotation.RequestMappingHandlerAdapter.handleInternal(RequestMappingHandlerAdapter.java:808) ~[spring-webmvc-5.3.25.jar:5.3.25]
	at org.springframework.web.servlet.mvc.method.AbstractHandlerMethodAdapter.handle(AbstractHandlerMethodAdapter.java:87) ~[spring-webmvc-5.3.25.jar:5.3.25]
	at org.springframework.web.servlet.DispatcherServlet.doDispatch(DispatcherServlet.java:1071) ~[spring-webmvc-5.3.25.jar:5.3.25]
	at org.springframework.web.servlet.DispatcherServlet.doService(DispatcherServlet.java:964) ~[spring-webmvc-5.3.25.jar:5.3.25]
	at org.springframework.web.servlet.FrameworkServlet.processRequest(FrameworkServlet.java:1006) ~[spring-webmvc-5.3.25.jar:5.3.25]
	at org.springframework.web.servlet.FrameworkServlet.doGet(FrameworkServlet.java:898) ~[spring-webmvc-5.3.25.jar:5.3.25]
	at javax.servlet.http.HttpServlet.service(HttpServlet.java:670) ~[tomcat-embed-core-9.0.71.jar:4.0.FR]
	at org.springframework.web.servlet.FrameworkServlet.service(FrameworkServlet.java:883) ~[spring-webmvc-5.3.25.jar:5.3.25]
	at javax.servlet.http.HttpServlet.service(HttpServlet.java:779) ~[tomcat-embed-core-9.0.71.jar:4.0.FR]
	at org.apache.catalina.core.ApplicationFilterChain.internalDoFilter(ApplicationFilterChain.java:227) ~[tomcat-embed-core-9.0.71.jar:9.0.71]
	at org.apache.catalina.core.ApplicationFilterChain.doFilter(ApplicationFilterChain.java:162) ~[tomcat-embed-core-9.0.71.jar:9.0.71]
	at org.apache.tomcat.websocket.server.WsFilter.doFilter(WsFilter.java:53) ~[tomcat-embed-websocket-9.0.71.jar:9.0.71]
	at org.apache.catalina.core.ApplicationFilterChain.internalDoFilter(ApplicationFilterChain.java:189) ~[tomcat-embed-core-9.0.71.jar:9.0.71]
	at org.apache.catalina.core.ApplicationFilterChain.doFilter(ApplicationFilterChain.java:162) ~[tomcat-embed-core-9.0.71.jar:9.0.71]
	at org.springframework.web.filter.RequestContextFilter.doFilterInternal(RequestContextFilter.java:100) ~[spring-web-5.3.25.jar:5.3.25]
	at org.springframework.web.filter.OncePerRequestFilter.doFilter(OncePerRequestFilter.java:117) ~[spring-web-5.3.25.jar:5.3.25]
	at org.apache.catalina.core.ApplicationFilterChain.internalDoFilter(ApplicationFilterChain.java:189) ~[tomcat-embed-core-9.0.71.jar:9.0.71]
	at org.apache.catalina.core.ApplicationFilterChain.doFilter(ApplicationFilterChain.java:162) ~[tomcat-embed-core-9.0.71.jar:9.0.71]
	at org.springframework.web.filter.FormContentFilter.doFilterInternal(FormContentFilter.java:93) ~[spring-web-5.3.25.jar:5.3.25]
	at org.springframework.web.filter.OncePerRequestFilter.doFilter(OncePerRequestFilter.java:117) ~[spring-web-5.3.25.jar:5.3.25]
	at org.apache.catalina.core.ApplicationFilterChain.internalDoFilter(ApplicationFilterChain.java:189) ~[tomcat-embed-core-9.0.71.jar:9.0.71]
	at org.apache.catalina.core.ApplicationFilterChain.doFilter(ApplicationFilterChain.java:162) ~[tomcat-embed-core-9.0.71.jar:9.0.71]
	at org.springframework.web.filter.CharacterEncodingFilter.doFilterInternal(CharacterEncodingFilter.java:201) ~[spring-web-5.3.25.jar:5.3.25]
	at org.springframework.web.filter.OncePerRequestFilter.doFilter(OncePerRequestFilter.java:117) ~[spring-web-5.3.25.jar:5.3.25]
	at org.apache.catalina.core.ApplicationFilterChain.internalDoFilter(ApplicationFilterChain.java:189) ~[tomcat-embed-core-9.0.71.jar:9.0.71]
	at org.apache.catalina.core.ApplicationFilterChain.doFilter(ApplicationFilterChain.java:162) ~[tomcat-embed-core-9.0.71.jar:9.0.71]
	at org.apache.catalina.core.StandardWrapperValve.invoke(StandardWrapperValve.java:177) ~[tomcat-embed-core-9.0.71.jar:9.0.71]
	at org.apache.catalina.core.StandardContextValve.invoke(StandardContextValve.java:97) ~[tomcat-embed-core-9.0.71.jar:9.0.71]
	at org.apache.catalina.authenticator.AuthenticatorBase.invoke(AuthenticatorBase.java:541) ~[tomcat-embed-core-9.0.71.jar:9.0.71]
	at org.apache.catalina.core.StandardHostValve.invoke(StandardHostValve.java:135) ~[tomcat-embed-core-9.0.71.jar:9.0.71]
	at org.apache.catalina.valves.ErrorReportValve.invoke(ErrorReportValve.java:92) ~[tomcat-embed-core-9.0.71.jar:9.0.71]
	at org.apache.catalina.core.StandardEngineValve.invoke(StandardEngineValve.java:78) ~[tomcat-embed-core-9.0.71.jar:9.0.71]
	at org.apache.catalina.connector.CoyoteAdapter.service(CoyoteAdapter.java:360) ~[tomcat-embed-core-9.0.71.jar:9.0.71]
	at org.apache.coyote.http11.Http11Processor.service(Http11Processor.java:399) ~[tomcat-embed-core-9.0.71.jar:9.0.71]
	at org.apache.coyote.AbstractProcessorLight.process(AbstractProcessorLight.java:65) ~[tomcat-embed-core-9.0.71.jar:9.0.71]
	at org.apache.coyote.AbstractProtocol$ConnectionHandler.process(AbstractProtocol.java:891) ~[tomcat-embed-core-9.0.71.jar:9.0.71]
	at org.apache.tomcat.util.net.NioEndpoint$SocketProcessor.doRun(NioEndpoint.java:1784) ~[tomcat-embed-core-9.0.71.jar:9.0.71]
	at org.apache.tomcat.util.net.SocketProcessorBase.run(SocketProcessorBase.java:49) ~[tomcat-embed-core-9.0.71.jar:9.0.71]
	at org.apache.tomcat.util.threads.ThreadPoolExecutor.runWorker(ThreadPoolExecutor.java:1191) ~[tomcat-embed-core-9.0.71.jar:9.0.71]
	at org.apache.tomcat.util.threads.ThreadPoolExecutor$Worker.run(ThreadPoolExecutor.java:659) ~[tomcat-embed-core-9.0.71.jar:9.0.71]
	at org.apache.tomcat.util.threads.TaskThread$WrappingRunnable.run(TaskThread.java:61) ~[tomcat-embed-core-9.0.71.jar:9.0.71]
	at java.lang.Thread.run(Thread.java:840) ~[?:?]
[2025-03-27 09:50:24:012] [ERROR] - com.zaxxer.hikari.pool.HikariPool.throwPoolInitializationException(HikariPool.java:594) - HikariPool-1 - Exception during pool initialization.
com.mysql.jdbc.exceptions.jdbc4.CommunicationsException: Communications link failure

The last packet sent successfully to the server was 0 milliseconds ago. The driver has not received any packets from the server.
	at jdk.internal.reflect.NativeConstructorAccessorImpl.newInstance0(Native Method) ~[?:?]
	at jdk.internal.reflect.NativeConstructorAccessorImpl.newInstance(NativeConstructorAccessorImpl.java:77) ~[?:?]
	at jdk.internal.reflect.DelegatingConstructorAccessorImpl.newInstance(DelegatingConstructorAccessorImpl.java:45) ~[?:?]
	at java.lang.reflect.Constructor.newInstanceWithCaller(Constructor.java:499) ~[?:?]
	at java.lang.reflect.Constructor.newInstance(Constructor.java:480) ~[?:?]
	at com.mysql.jdbc.Util.handleNewInstance(Util.java:403) ~[mysql-connector-java-5.1.49.jar:5.1.49]
	at com.mysql.jdbc.SQLError.createCommunicationsException(SQLError.java:990) ~[mysql-connector-java-5.1.49.jar:5.1.49]
	at com.mysql.jdbc.MysqlIO.<init>(MysqlIO.java:335) ~[mysql-connector-java-5.1.49.jar:5.1.49]
	at com.mysql.jdbc.ConnectionImpl.coreConnect(ConnectionImpl.java:2187) ~[mysql-connector-java-5.1.49.jar:5.1.49]
	at com.mysql.jdbc.ConnectionImpl.connectOneTryOnly(ConnectionImpl.java:2220) ~[mysql-connector-java-5.1.49.jar:5.1.49]
	at com.mysql.jdbc.ConnectionImpl.createNewIO(ConnectionImpl.java:2015) ~[mysql-connector-java-5.1.49.jar:5.1.49]
	at com.mysql.jdbc.ConnectionImpl.<init>(ConnectionImpl.java:768) ~[mysql-connector-java-5.1.49.jar:5.1.49]
	at com.mysql.jdbc.JDBC4Connection.<init>(JDBC4Connection.java:47) ~[mysql-connector-java-5.1.49.jar:5.1.49]
	at jdk.internal.reflect.NativeConstructorAccessorImpl.newInstance0(Native Method) ~[?:?]
	at jdk.internal.reflect.NativeConstructorAccessorImpl.newInstance(NativeConstructorAccessorImpl.java:77) ~[?:?]
	at jdk.internal.reflect.DelegatingConstructorAccessorImpl.newInstance(DelegatingConstructorAccessorImpl.java:45) ~[?:?]
	at java.lang.reflect.Constructor.newInstanceWithCaller(Constructor.java:499) ~[?:?]
	at java.lang.reflect.Constructor.newInstance(Constructor.java:480) ~[?:?]
	at com.mysql.jdbc.Util.handleNewInstance(Util.java:403) ~[mysql-connector-java-5.1.49.jar:5.1.49]
	at com.mysql.jdbc.ConnectionImpl.getInstance(ConnectionImpl.java:385) ~[mysql-connector-java-5.1.49.jar:5.1.49]
	at com.mysql.jdbc.NonRegisteringDriver.connect(NonRegisteringDriver.java:323) ~[mysql-connector-java-5.1.49.jar:5.1.49]
	at com.zaxxer.hikari.util.DriverDataSource.getConnection(DriverDataSource.java:138) ~[HikariCP-4.0.3.jar:?]
	at com.zaxxer.hikari.pool.PoolBase.newConnection(PoolBase.java:364) ~[HikariCP-4.0.3.jar:?]
	at com.zaxxer.hikari.pool.PoolBase.newPoolEntry(PoolBase.java:206) ~[HikariCP-4.0.3.jar:?]
	at com.zaxxer.hikari.pool.HikariPool.createPoolEntry(HikariPool.java:476) ~[HikariCP-4.0.3.jar:?]
	at com.zaxxer.hikari.pool.HikariPool.checkFailFast(HikariPool.java:561) ~[HikariCP-4.0.3.jar:?]
	at com.zaxxer.hikari.pool.HikariPool.<init>(HikariPool.java:115) ~[HikariCP-4.0.3.jar:?]
	at com.zaxxer.hikari.HikariDataSource.getConnection(HikariDataSource.java:112) ~[HikariCP-4.0.3.jar:?]
	at org.springframework.jdbc.datasource.DataSourceUtils.fetchConnection(DataSourceUtils.java:159) ~[spring-jdbc-5.3.25.jar:5.3.25]
	at org.springframework.jdbc.datasource.DataSourceUtils.doGetConnection(DataSourceUtils.java:117) ~[spring-jdbc-5.3.25.jar:5.3.25]
	at org.springframework.jdbc.datasource.DataSourceUtils.getConnection(DataSourceUtils.java:80) ~[spring-jdbc-5.3.25.jar:5.3.25]
	at org.mybatis.spring.transaction.SpringManagedTransaction.openConnection(SpringManagedTransaction.java:80) ~[mybatis-spring-2.1.0.jar:2.1.0]
	at org.mybatis.spring.transaction.SpringManagedTransaction.getConnection(SpringManagedTransaction.java:67) ~[mybatis-spring-2.1.0.jar:2.1.0]
	at org.apache.ibatis.executor.BaseExecutor.getConnection(BaseExecutor.java:337) ~[mybatis-3.5.11.jar:3.5.11]
	at org.apache.ibatis.executor.SimpleExecutor.prepareStatement(SimpleExecutor.java:86) ~[mybatis-3.5.11.jar:3.5.11]
	at org.apache.ibatis.executor.SimpleExecutor.doQuery(SimpleExecutor.java:62) ~[mybatis-3.5.11.jar:3.5.11]
	at org.apache.ibatis.executor.BaseExecutor.queryFromDatabase(BaseExecutor.java:325) ~[mybatis-3.5.11.jar:3.5.11]
	at org.apache.ibatis.executor.BaseExecutor.query(BaseExecutor.java:156) ~[mybatis-3.5.11.jar:3.5.11]
	at org.apache.ibatis.executor.CachingExecutor.query(CachingExecutor.java:109) ~[mybatis-3.5.11.jar:3.5.11]
	at com.github.pagehelper.PageInterceptor.intercept(PageInterceptor.java:151) ~[pagehelper-5.3.2.jar:?]
	at org.apache.ibatis.plugin.Plugin.invoke(Plugin.java:62) ~[mybatis-3.5.11.jar:3.5.11]
	at jdk.proxy2.$Proxy131.query(Unknown Source) ~[?:?]
	at org.apache.ibatis.session.defaults.DefaultSqlSession.selectList(DefaultSqlSession.java:151) ~[mybatis-3.5.11.jar:3.5.11]
	at org.apache.ibatis.session.defaults.DefaultSqlSession.selectList(DefaultSqlSession.java:145) ~[mybatis-3.5.11.jar:3.5.11]
	at org.apache.ibatis.session.defaults.DefaultSqlSession.selectList(DefaultSqlSession.java:140) ~[mybatis-3.5.11.jar:3.5.11]
	at jdk.internal.reflect.NativeMethodAccessorImpl.invoke0(Native Method) ~[?:?]
	at jdk.internal.reflect.NativeMethodAccessorImpl.invoke(NativeMethodAccessorImpl.java:77) ~[?:?]
	at jdk.internal.reflect.DelegatingMethodAccessorImpl.invoke(DelegatingMethodAccessorImpl.java:43) ~[?:?]
	at java.lang.reflect.Method.invoke(Method.java:568) ~[?:?]
	at org.mybatis.spring.SqlSessionTemplate$SqlSessionInterceptor.invoke(SqlSessionTemplate.java:425) ~[mybatis-spring-2.1.0.jar:2.1.0]
	at jdk.proxy2.$Proxy92.selectList(Unknown Source) ~[?:?]
	at org.mybatis.spring.SqlSessionTemplate.selectList(SqlSessionTemplate.java:224) ~[mybatis-spring-2.1.0.jar:2.1.0]
	at org.apache.ibatis.binding.MapperMethod.executeForMany(MapperMethod.java:147) ~[mybatis-3.5.11.jar:3.5.11]
	at org.apache.ibatis.binding.MapperMethod.execute(MapperMethod.java:80) ~[mybatis-3.5.11.jar:3.5.11]
	at org.apache.ibatis.binding.MapperProxy$PlainMethodInvoker.invoke(MapperProxy.java:145) ~[mybatis-3.5.11.jar:3.5.11]
	at org.apache.ibatis.binding.MapperProxy.invoke(MapperProxy.java:86) ~[mybatis-3.5.11.jar:3.5.11]
	at jdk.proxy3.$Proxy103.getCourseByCategory(Unknown Source) ~[?:?]
	at ma.com.serviceImp.CourseServiceImpl.getCourseByCategory(CourseServiceImpl.java:32) ~[classes/:?]
	at ma.com.controller.CourseController.getCourseByCategory(CourseController.java:36) ~[classes/:?]
	at ma.com.controller.CourseController$$FastClassBySpringCGLIB$$32e59b02.invoke(<generated>) ~[classes/:?]
	at org.springframework.cglib.proxy.MethodProxy.invoke(MethodProxy.java:218) ~[spring-core-5.3.25.jar:5.3.25]
	at org.springframework.aop.framework.CglibAopProxy$CglibMethodInvocation.invokeJoinpoint(CglibAopProxy.java:793) ~[spring-aop-5.3.25.jar:5.3.25]
	at org.springframework.aop.framework.ReflectiveMethodInvocation.proceed(ReflectiveMethodInvocation.java:163) ~[spring-aop-5.3.25.jar:5.3.25]
	at org.springframework.aop.framework.CglibAopProxy$CglibMethodInvocation.proceed(CglibAopProxy.java:763) ~[spring-aop-5.3.25.jar:5.3.25]
	at org.springframework.aop.framework.adapter.AfterReturningAdviceInterceptor.invoke(AfterReturningAdviceInterceptor.java:57) ~[spring-aop-5.3.25.jar:5.3.25]
	at org.springframework.aop.framework.ReflectiveMethodInvocation.proceed(ReflectiveMethodInvocation.java:175) ~[spring-aop-5.3.25.jar:5.3.25]
	at org.springframework.aop.framework.CglibAopProxy$CglibMethodInvocation.proceed(CglibAopProxy.java:763) ~[spring-aop-5.3.25.jar:5.3.25]
	at org.springframework.aop.interceptor.ExposeInvocationInterceptor.invoke(ExposeInvocationInterceptor.java:97) ~[spring-aop-5.3.25.jar:5.3.25]
	at org.springframework.aop.framework.ReflectiveMethodInvocation.proceed(ReflectiveMethodInvocation.java:186) ~[spring-aop-5.3.25.jar:5.3.25]
	at org.springframework.aop.framework.CglibAopProxy$CglibMethodInvocation.proceed(CglibAopProxy.java:763) ~[spring-aop-5.3.25.jar:5.3.25]
	at org.springframework.aop.framework.CglibAopProxy$DynamicAdvisedInterceptor.intercept(CglibAopProxy.java:708) ~[spring-aop-5.3.25.jar:5.3.25]
	at ma.com.controller.CourseController$$EnhancerBySpringCGLIB$$4925fe5a.getCourseByCategory(<generated>) ~[classes/:?]
	at jdk.internal.reflect.NativeMethodAccessorImpl.invoke0(Native Method) ~[?:?]
	at jdk.internal.reflect.NativeMethodAccessorImpl.invoke(NativeMethodAccessorImpl.java:77) ~[?:?]
	at jdk.internal.reflect.DelegatingMethodAccessorImpl.invoke(DelegatingMethodAccessorImpl.java:43) ~[?:?]
	at java.lang.reflect.Method.invoke(Method.java:568) ~[?:?]
	at org.springframework.web.method.support.InvocableHandlerMethod.doInvoke(InvocableHandlerMethod.java:205) ~[spring-web-5.3.25.jar:5.3.25]
	at org.springframework.web.method.support.InvocableHandlerMethod.invokeForRequest(InvocableHandlerMethod.java:150) ~[spring-web-5.3.25.jar:5.3.25]
	at org.springframework.web.servlet.mvc.method.annotation.ServletInvocableHandlerMethod.invokeAndHandle(ServletInvocableHandlerMethod.java:117) ~[spring-webmvc-5.3.25.jar:5.3.25]
	at org.springframework.web.servlet.mvc.method.annotation.RequestMappingHandlerAdapter.invokeHandlerMethod(RequestMappingHandlerAdapter.java:895) ~[spring-webmvc-5.3.25.jar:5.3.25]
	at org.springframework.web.servlet.mvc.method.annotation.RequestMappingHandlerAdapter.handleInternal(RequestMappingHandlerAdapter.java:808) ~[spring-webmvc-5.3.25.jar:5.3.25]
	at org.springframework.web.servlet.mvc.method.AbstractHandlerMethodAdapter.handle(AbstractHandlerMethodAdapter.java:87) ~[spring-webmvc-5.3.25.jar:5.3.25]
	at org.springframework.web.servlet.DispatcherServlet.doDispatch(DispatcherServlet.java:1071) ~[spring-webmvc-5.3.25.jar:5.3.25]
	at org.springframework.web.servlet.DispatcherServlet.doService(DispatcherServlet.java:964) ~[spring-webmvc-5.3.25.jar:5.3.25]
	at org.springframework.web.servlet.FrameworkServlet.processRequest(FrameworkServlet.java:1006) ~[spring-webmvc-5.3.25.jar:5.3.25]
	at org.springframework.web.servlet.FrameworkServlet.doGet(FrameworkServlet.java:898) ~[spring-webmvc-5.3.25.jar:5.3.25]
	at javax.servlet.http.HttpServlet.service(HttpServlet.java:670) ~[tomcat-embed-core-9.0.71.jar:4.0.FR]
	at org.springframework.web.servlet.FrameworkServlet.service(FrameworkServlet.java:883) ~[spring-webmvc-5.3.25.jar:5.3.25]
	at javax.servlet.http.HttpServlet.service(HttpServlet.java:779) ~[tomcat-embed-core-9.0.71.jar:4.0.FR]
	at org.apache.catalina.core.ApplicationFilterChain.internalDoFilter(ApplicationFilterChain.java:227) ~[tomcat-embed-core-9.0.71.jar:9.0.71]
	at org.apache.catalina.core.ApplicationFilterChain.doFilter(ApplicationFilterChain.java:162) ~[tomcat-embed-core-9.0.71.jar:9.0.71]
	at org.apache.tomcat.websocket.server.WsFilter.doFilter(WsFilter.java:53) ~[tomcat-embed-websocket-9.0.71.jar:9.0.71]
	at org.apache.catalina.core.ApplicationFilterChain.internalDoFilter(ApplicationFilterChain.java:189) ~[tomcat-embed-core-9.0.71.jar:9.0.71]
	at org.apache.catalina.core.ApplicationFilterChain.doFilter(ApplicationFilterChain.java:162) ~[tomcat-embed-core-9.0.71.jar:9.0.71]
	at org.springframework.web.filter.RequestContextFilter.doFilterInternal(RequestContextFilter.java:100) ~[spring-web-5.3.25.jar:5.3.25]
	at org.springframework.web.filter.OncePerRequestFilter.doFilter(OncePerRequestFilter.java:117) ~[spring-web-5.3.25.jar:5.3.25]
	at org.apache.catalina.core.ApplicationFilterChain.internalDoFilter(ApplicationFilterChain.java:189) ~[tomcat-embed-core-9.0.71.jar:9.0.71]
	at org.apache.catalina.core.ApplicationFilterChain.doFilter(ApplicationFilterChain.java:162) ~[tomcat-embed-core-9.0.71.jar:9.0.71]
	at org.springframework.web.filter.FormContentFilter.doFilterInternal(FormContentFilter.java:93) ~[spring-web-5.3.25.jar:5.3.25]
	at org.springframework.web.filter.OncePerRequestFilter.doFilter(OncePerRequestFilter.java:117) ~[spring-web-5.3.25.jar:5.3.25]
	at org.apache.catalina.core.ApplicationFilterChain.internalDoFilter(ApplicationFilterChain.java:189) ~[tomcat-embed-core-9.0.71.jar:9.0.71]
	at org.apache.catalina.core.ApplicationFilterChain.doFilter(ApplicationFilterChain.java:162) ~[tomcat-embed-core-9.0.71.jar:9.0.71]
	at org.springframework.web.filter.CharacterEncodingFilter.doFilterInternal(CharacterEncodingFilter.java:201) ~[spring-web-5.3.25.jar:5.3.25]
	at org.springframework.web.filter.OncePerRequestFilter.doFilter(OncePerRequestFilter.java:117) ~[spring-web-5.3.25.jar:5.3.25]
	at org.apache.catalina.core.ApplicationFilterChain.internalDoFilter(ApplicationFilterChain.java:189) ~[tomcat-embed-core-9.0.71.jar:9.0.71]
	at org.apache.catalina.core.ApplicationFilterChain.doFilter(ApplicationFilterChain.java:162) ~[tomcat-embed-core-9.0.71.jar:9.0.71]
	at org.apache.catalina.core.StandardWrapperValve.invoke(StandardWrapperValve.java:177) ~[tomcat-embed-core-9.0.71.jar:9.0.71]
	at org.apache.catalina.core.StandardContextValve.invoke(StandardContextValve.java:97) ~[tomcat-embed-core-9.0.71.jar:9.0.71]
	at org.apache.catalina.authenticator.AuthenticatorBase.invoke(AuthenticatorBase.java:541) ~[tomcat-embed-core-9.0.71.jar:9.0.71]
	at org.apache.catalina.core.StandardHostValve.invoke(StandardHostValve.java:135) ~[tomcat-embed-core-9.0.71.jar:9.0.71]
	at org.apache.catalina.valves.ErrorReportValve.invoke(ErrorReportValve.java:92) ~[tomcat-embed-core-9.0.71.jar:9.0.71]
	at org.apache.catalina.core.StandardEngineValve.invoke(StandardEngineValve.java:78) ~[tomcat-embed-core-9.0.71.jar:9.0.71]
	at org.apache.catalina.connector.CoyoteAdapter.service(CoyoteAdapter.java:360) ~[tomcat-embed-core-9.0.71.jar:9.0.71]
	at org.apache.coyote.http11.Http11Processor.service(Http11Processor.java:399) ~[tomcat-embed-core-9.0.71.jar:9.0.71]
	at org.apache.coyote.AbstractProcessorLight.process(AbstractProcessorLight.java:65) ~[tomcat-embed-core-9.0.71.jar:9.0.71]
	at org.apache.coyote.AbstractProtocol$ConnectionHandler.process(AbstractProtocol.java:891) ~[tomcat-embed-core-9.0.71.jar:9.0.71]
	at org.apache.tomcat.util.net.NioEndpoint$SocketProcessor.doRun(NioEndpoint.java:1784) ~[tomcat-embed-core-9.0.71.jar:9.0.71]
	at org.apache.tomcat.util.net.SocketProcessorBase.run(SocketProcessorBase.java:49) ~[tomcat-embed-core-9.0.71.jar:9.0.71]
	at org.apache.tomcat.util.threads.ThreadPoolExecutor.runWorker(ThreadPoolExecutor.java:1191) ~[tomcat-embed-core-9.0.71.jar:9.0.71]
	at org.apache.tomcat.util.threads.ThreadPoolExecutor$Worker.run(ThreadPoolExecutor.java:659) ~[tomcat-embed-core-9.0.71.jar:9.0.71]
	at org.apache.tomcat.util.threads.TaskThread$WrappingRunnable.run(TaskThread.java:61) ~[tomcat-embed-core-9.0.71.jar:9.0.71]
	at java.lang.Thread.run(Thread.java:840) ~[?:?]
Caused by: java.net.ConnectException: Connection timed out: getsockopt
	at sun.nio.ch.Net.pollConnect(Native Method) ~[?:?]
	at sun.nio.ch.Net.pollConnectNow(Net.java:672) ~[?:?]
	at sun.nio.ch.NioSocketImpl.timedFinishConnect(NioSocketImpl.java:554) ~[?:?]
	at sun.nio.ch.NioSocketImpl.connect(NioSocketImpl.java:602) ~[?:?]
	at java.net.SocksSocketImpl.connect(SocksSocketImpl.java:327) ~[?:?]
	at java.net.Socket.connect(Socket.java:633) ~[?:?]
	at com.mysql.jdbc.StandardSocketFactory.connect(StandardSocketFactory.java:211) ~[mysql-connector-java-5.1.49.jar:5.1.49]
	at com.mysql.jdbc.MysqlIO.<init>(MysqlIO.java:299) ~[mysql-connector-java-5.1.49.jar:5.1.49]
	... 114 more
[2025-03-27 09:50:24:018] [ERROR] - org.apache.juli.logging.DirectJDKLog.log(DirectJDKLog.java:175) - Servlet.service() for servlet [dispatcherServlet] in context with path [] threw exception [Request processing failed; nested exception is org.mybatis.spring.MyBatisSystemException: nested exception is org.apache.ibatis.exceptions.PersistenceException: 
### Error querying database.  Cause: org.springframework.jdbc.CannotGetJdbcConnectionException: Failed to obtain JDBC Connection; nested exception is com.mysql.jdbc.exceptions.jdbc4.CommunicationsException: Communications link failure

The last packet sent successfully to the server was 0 milliseconds ago. The driver has not received any packets from the server.
### The error may exist in file [E:\computer2\computer1\ifly\target\classes\mapper\CourseMapper.xml]
### The error may involve ma.com.mapper.CourseMapper.getCourseByCategory
### The error occurred while executing a query
### Cause: org.springframework.jdbc.CannotGetJdbcConnectionException: Failed to obtain JDBC Connection; nested exception is com.mysql.jdbc.exceptions.jdbc4.CommunicationsException: Communications link failure

The last packet sent successfully to the server was 0 milliseconds ago. The driver has not received any packets from the server.] with root cause
java.net.ConnectException: Connection timed out: getsockopt
	at sun.nio.ch.Net.pollConnect(Native Method) ~[?:?]
	at sun.nio.ch.Net.pollConnectNow(Net.java:672) ~[?:?]
	at sun.nio.ch.NioSocketImpl.timedFinishConnect(NioSocketImpl.java:554) ~[?:?]
	at sun.nio.ch.NioSocketImpl.connect(NioSocketImpl.java:602) ~[?:?]
	at java.net.SocksSocketImpl.connect(SocksSocketImpl.java:327) ~[?:?]
	at java.net.Socket.connect(Socket.java:633) ~[?:?]
	at com.mysql.jdbc.StandardSocketFactory.connect(StandardSocketFactory.java:211) ~[mysql-connector-java-5.1.49.jar:5.1.49]
	at com.mysql.jdbc.MysqlIO.<init>(MysqlIO.java:299) ~[mysql-connector-java-5.1.49.jar:5.1.49]
	at com.mysql.jdbc.ConnectionImpl.coreConnect(ConnectionImpl.java:2187) ~[mysql-connector-java-5.1.49.jar:5.1.49]
	at com.mysql.jdbc.ConnectionImpl.connectOneTryOnly(ConnectionImpl.java:2220) ~[mysql-connector-java-5.1.49.jar:5.1.49]
	at com.mysql.jdbc.ConnectionImpl.createNewIO(ConnectionImpl.java:2015) ~[mysql-connector-java-5.1.49.jar:5.1.49]
	at com.mysql.jdbc.ConnectionImpl.<init>(ConnectionImpl.java:768) ~[mysql-connector-java-5.1.49.jar:5.1.49]
	at com.mysql.jdbc.JDBC4Connection.<init>(JDBC4Connection.java:47) ~[mysql-connector-java-5.1.49.jar:5.1.49]
	at jdk.internal.reflect.NativeConstructorAccessorImpl.newInstance0(Native Method) ~[?:?]
	at jdk.internal.reflect.NativeConstructorAccessorImpl.newInstance(NativeConstructorAccessorImpl.java:77) ~[?:?]
	at jdk.internal.reflect.DelegatingConstructorAccessorImpl.newInstance(DelegatingConstructorAccessorImpl.java:45) ~[?:?]
	at java.lang.reflect.Constructor.newInstanceWithCaller(Constructor.java:499) ~[?:?]
	at java.lang.reflect.Constructor.newInstance(Constructor.java:480) ~[?:?]
	at com.mysql.jdbc.Util.handleNewInstance(Util.java:403) ~[mysql-connector-java-5.1.49.jar:5.1.49]
	at com.mysql.jdbc.ConnectionImpl.getInstance(ConnectionImpl.java:385) ~[mysql-connector-java-5.1.49.jar:5.1.49]
	at com.mysql.jdbc.NonRegisteringDriver.connect(NonRegisteringDriver.java:323) ~[mysql-connector-java-5.1.49.jar:5.1.49]
	at com.zaxxer.hikari.util.DriverDataSource.getConnection(DriverDataSource.java:138) ~[HikariCP-4.0.3.jar:?]
	at com.zaxxer.hikari.pool.PoolBase.newConnection(PoolBase.java:364) ~[HikariCP-4.0.3.jar:?]
	at com.zaxxer.hikari.pool.PoolBase.newPoolEntry(PoolBase.java:206) ~[HikariCP-4.0.3.jar:?]
	at com.zaxxer.hikari.pool.HikariPool.createPoolEntry(HikariPool.java:476) ~[HikariCP-4.0.3.jar:?]
	at com.zaxxer.hikari.pool.HikariPool.checkFailFast(HikariPool.java:561) ~[HikariCP-4.0.3.jar:?]
	at com.zaxxer.hikari.pool.HikariPool.<init>(HikariPool.java:115) ~[HikariCP-4.0.3.jar:?]
	at com.zaxxer.hikari.HikariDataSource.getConnection(HikariDataSource.java:112) ~[HikariCP-4.0.3.jar:?]
	at org.springframework.jdbc.datasource.DataSourceUtils.fetchConnection(DataSourceUtils.java:159) ~[spring-jdbc-5.3.25.jar:5.3.25]
	at org.springframework.jdbc.datasource.DataSourceUtils.doGetConnection(DataSourceUtils.java:117) ~[spring-jdbc-5.3.25.jar:5.3.25]
	at org.springframework.jdbc.datasource.DataSourceUtils.getConnection(DataSourceUtils.java:80) ~[spring-jdbc-5.3.25.jar:5.3.25]
	at org.mybatis.spring.transaction.SpringManagedTransaction.openConnection(SpringManagedTransaction.java:80) ~[mybatis-spring-2.1.0.jar:2.1.0]
	at org.mybatis.spring.transaction.SpringManagedTransaction.getConnection(SpringManagedTransaction.java:67) ~[mybatis-spring-2.1.0.jar:2.1.0]
	at org.apache.ibatis.executor.BaseExecutor.getConnection(BaseExecutor.java:337) ~[mybatis-3.5.11.jar:3.5.11]
	at org.apache.ibatis.executor.SimpleExecutor.prepareStatement(SimpleExecutor.java:86) ~[mybatis-3.5.11.jar:3.5.11]
	at org.apache.ibatis.executor.SimpleExecutor.doQuery(SimpleExecutor.java:62) ~[mybatis-3.5.11.jar:3.5.11]
	at org.apache.ibatis.executor.BaseExecutor.queryFromDatabase(BaseExecutor.java:325) ~[mybatis-3.5.11.jar:3.5.11]
	at org.apache.ibatis.executor.BaseExecutor.query(BaseExecutor.java:156) ~[mybatis-3.5.11.jar:3.5.11]
	at org.apache.ibatis.executor.CachingExecutor.query(CachingExecutor.java:109) ~[mybatis-3.5.11.jar:3.5.11]
	at com.github.pagehelper.PageInterceptor.intercept(PageInterceptor.java:151) ~[pagehelper-5.3.2.jar:?]
	at org.apache.ibatis.plugin.Plugin.invoke(Plugin.java:62) ~[mybatis-3.5.11.jar:3.5.11]
	at jdk.proxy2.$Proxy131.query(Unknown Source) ~[?:?]
	at org.apache.ibatis.session.defaults.DefaultSqlSession.selectList(DefaultSqlSession.java:151) ~[mybatis-3.5.11.jar:3.5.11]
	at org.apache.ibatis.session.defaults.DefaultSqlSession.selectList(DefaultSqlSession.java:145) ~[mybatis-3.5.11.jar:3.5.11]
	at org.apache.ibatis.session.defaults.DefaultSqlSession.selectList(DefaultSqlSession.java:140) ~[mybatis-3.5.11.jar:3.5.11]
	at jdk.internal.reflect.NativeMethodAccessorImpl.invoke0(Native Method) ~[?:?]
	at jdk.internal.reflect.NativeMethodAccessorImpl.invoke(NativeMethodAccessorImpl.java:77) ~[?:?]
	at jdk.internal.reflect.DelegatingMethodAccessorImpl.invoke(DelegatingMethodAccessorImpl.java:43) ~[?:?]
	at java.lang.reflect.Method.invoke(Method.java:568) ~[?:?]
	at org.mybatis.spring.SqlSessionTemplate$SqlSessionInterceptor.invoke(SqlSessionTemplate.java:425) ~[mybatis-spring-2.1.0.jar:2.1.0]
	at jdk.proxy2.$Proxy92.selectList(Unknown Source) ~[?:?]
	at org.mybatis.spring.SqlSessionTemplate.selectList(SqlSessionTemplate.java:224) ~[mybatis-spring-2.1.0.jar:2.1.0]
	at org.apache.ibatis.binding.MapperMethod.executeForMany(MapperMethod.java:147) ~[mybatis-3.5.11.jar:3.5.11]
	at org.apache.ibatis.binding.MapperMethod.execute(MapperMethod.java:80) ~[mybatis-3.5.11.jar:3.5.11]
	at org.apache.ibatis.binding.MapperProxy$PlainMethodInvoker.invoke(MapperProxy.java:145) ~[mybatis-3.5.11.jar:3.5.11]
	at org.apache.ibatis.binding.MapperProxy.invoke(MapperProxy.java:86) ~[mybatis-3.5.11.jar:3.5.11]
	at jdk.proxy3.$Proxy103.getCourseByCategory(Unknown Source) ~[?:?]
	at ma.com.serviceImp.CourseServiceImpl.getCourseByCategory(CourseServiceImpl.java:32) ~[classes/:?]
	at ma.com.controller.CourseController.getCourseByCategory(CourseController.java:36) ~[classes/:?]
	at ma.com.controller.CourseController$$FastClassBySpringCGLIB$$32e59b02.invoke(<generated>) ~[classes/:?]
	at org.springframework.cglib.proxy.MethodProxy.invoke(MethodProxy.java:218) ~[spring-core-5.3.25.jar:5.3.25]
	at org.springframework.aop.framework.CglibAopProxy$CglibMethodInvocation.invokeJoinpoint(CglibAopProxy.java:793) ~[spring-aop-5.3.25.jar:5.3.25]
	at org.springframework.aop.framework.ReflectiveMethodInvocation.proceed(ReflectiveMethodInvocation.java:163) ~[spring-aop-5.3.25.jar:5.3.25]
	at org.springframework.aop.framework.CglibAopProxy$CglibMethodInvocation.proceed(CglibAopProxy.java:763) ~[spring-aop-5.3.25.jar:5.3.25]
	at org.springframework.aop.framework.adapter.AfterReturningAdviceInterceptor.invoke(AfterReturningAdviceInterceptor.java:57) ~[spring-aop-5.3.25.jar:5.3.25]
	at org.springframework.aop.framework.ReflectiveMethodInvocation.proceed(ReflectiveMethodInvocation.java:175) ~[spring-aop-5.3.25.jar:5.3.25]
	at org.springframework.aop.framework.CglibAopProxy$CglibMethodInvocation.proceed(CglibAopProxy.java:763) ~[spring-aop-5.3.25.jar:5.3.25]
	at org.springframework.aop.interceptor.ExposeInvocationInterceptor.invoke(ExposeInvocationInterceptor.java:97) ~[spring-aop-5.3.25.jar:5.3.25]
	at org.springframework.aop.framework.ReflectiveMethodInvocation.proceed(ReflectiveMethodInvocation.java:186) ~[spring-aop-5.3.25.jar:5.3.25]
	at org.springframework.aop.framework.CglibAopProxy$CglibMethodInvocation.proceed(CglibAopProxy.java:763) ~[spring-aop-5.3.25.jar:5.3.25]
	at org.springframework.aop.framework.CglibAopProxy$DynamicAdvisedInterceptor.intercept(CglibAopProxy.java:708) ~[spring-aop-5.3.25.jar:5.3.25]
	at ma.com.controller.CourseController$$EnhancerBySpringCGLIB$$4925fe5a.getCourseByCategory(<generated>) ~[classes/:?]
	at jdk.internal.reflect.NativeMethodAccessorImpl.invoke0(Native Method) ~[?:?]
	at jdk.internal.reflect.NativeMethodAccessorImpl.invoke(NativeMethodAccessorImpl.java:77) ~[?:?]
	at jdk.internal.reflect.DelegatingMethodAccessorImpl.invoke(DelegatingMethodAccessorImpl.java:43) ~[?:?]
	at java.lang.reflect.Method.invoke(Method.java:568) ~[?:?]
	at org.springframework.web.method.support.InvocableHandlerMethod.doInvoke(InvocableHandlerMethod.java:205) ~[spring-web-5.3.25.jar:5.3.25]
	at org.springframework.web.method.support.InvocableHandlerMethod.invokeForRequest(InvocableHandlerMethod.java:150) ~[spring-web-5.3.25.jar:5.3.25]
	at org.springframework.web.servlet.mvc.method.annotation.ServletInvocableHandlerMethod.invokeAndHandle(ServletInvocableHandlerMethod.java:117) ~[spring-webmvc-5.3.25.jar:5.3.25]
	at org.springframework.web.servlet.mvc.method.annotation.RequestMappingHandlerAdapter.invokeHandlerMethod(RequestMappingHandlerAdapter.java:895) ~[spring-webmvc-5.3.25.jar:5.3.25]
	at org.springframework.web.servlet.mvc.method.annotation.RequestMappingHandlerAdapter.handleInternal(RequestMappingHandlerAdapter.java:808) ~[spring-webmvc-5.3.25.jar:5.3.25]
	at org.springframework.web.servlet.mvc.method.AbstractHandlerMethodAdapter.handle(AbstractHandlerMethodAdapter.java:87) ~[spring-webmvc-5.3.25.jar:5.3.25]
	at org.springframework.web.servlet.DispatcherServlet.doDispatch(DispatcherServlet.java:1071) ~[spring-webmvc-5.3.25.jar:5.3.25]
	at org.springframework.web.servlet.DispatcherServlet.doService(DispatcherServlet.java:964) ~[spring-webmvc-5.3.25.jar:5.3.25]
	at org.springframework.web.servlet.FrameworkServlet.processRequest(FrameworkServlet.java:1006) ~[spring-webmvc-5.3.25.jar:5.3.25]
	at org.springframework.web.servlet.FrameworkServlet.doGet(FrameworkServlet.java:898) ~[spring-webmvc-5.3.25.jar:5.3.25]
	at javax.servlet.http.HttpServlet.service(HttpServlet.java:670) ~[tomcat-embed-core-9.0.71.jar:4.0.FR]
	at org.springframework.web.servlet.FrameworkServlet.service(FrameworkServlet.java:883) ~[spring-webmvc-5.3.25.jar:5.3.25]
	at javax.servlet.http.HttpServlet.service(HttpServlet.java:779) ~[tomcat-embed-core-9.0.71.jar:4.0.FR]
	at org.apache.catalina.core.ApplicationFilterChain.internalDoFilter(ApplicationFilterChain.java:227) ~[tomcat-embed-core-9.0.71.jar:9.0.71]
	at org.apache.catalina.core.ApplicationFilterChain.doFilter(ApplicationFilterChain.java:162) ~[tomcat-embed-core-9.0.71.jar:9.0.71]
	at org.apache.tomcat.websocket.server.WsFilter.doFilter(WsFilter.java:53) ~[tomcat-embed-websocket-9.0.71.jar:9.0.71]
	at org.apache.catalina.core.ApplicationFilterChain.internalDoFilter(ApplicationFilterChain.java:189) ~[tomcat-embed-core-9.0.71.jar:9.0.71]
	at org.apache.catalina.core.ApplicationFilterChain.doFilter(ApplicationFilterChain.java:162) ~[tomcat-embed-core-9.0.71.jar:9.0.71]
	at org.springframework.web.filter.RequestContextFilter.doFilterInternal(RequestContextFilter.java:100) ~[spring-web-5.3.25.jar:5.3.25]
	at org.springframework.web.filter.OncePerRequestFilter.doFilter(OncePerRequestFilter.java:117) ~[spring-web-5.3.25.jar:5.3.25]
	at org.apache.catalina.core.ApplicationFilterChain.internalDoFilter(ApplicationFilterChain.java:189) ~[tomcat-embed-core-9.0.71.jar:9.0.71]
	at org.apache.catalina.core.ApplicationFilterChain.doFilter(ApplicationFilterChain.java:162) ~[tomcat-embed-core-9.0.71.jar:9.0.71]
	at org.springframework.web.filter.FormContentFilter.doFilterInternal(FormContentFilter.java:93) ~[spring-web-5.3.25.jar:5.3.25]
	at org.springframework.web.filter.OncePerRequestFilter.doFilter(OncePerRequestFilter.java:117) ~[spring-web-5.3.25.jar:5.3.25]
	at org.apache.catalina.core.ApplicationFilterChain.internalDoFilter(ApplicationFilterChain.java:189) ~[tomcat-embed-core-9.0.71.jar:9.0.71]
	at org.apache.catalina.core.ApplicationFilterChain.doFilter(ApplicationFilterChain.java:162) ~[tomcat-embed-core-9.0.71.jar:9.0.71]
	at org.springframework.web.filter.CharacterEncodingFilter.doFilterInternal(CharacterEncodingFilter.java:201) ~[spring-web-5.3.25.jar:5.3.25]
	at org.springframework.web.filter.OncePerRequestFilter.doFilter(OncePerRequestFilter.java:117) ~[spring-web-5.3.25.jar:5.3.25]
	at org.apache.catalina.core.ApplicationFilterChain.internalDoFilter(ApplicationFilterChain.java:189) ~[tomcat-embed-core-9.0.71.jar:9.0.71]
	at org.apache.catalina.core.ApplicationFilterChain.doFilter(ApplicationFilterChain.java:162) ~[tomcat-embed-core-9.0.71.jar:9.0.71]
	at org.apache.catalina.core.StandardWrapperValve.invoke(StandardWrapperValve.java:177) ~[tomcat-embed-core-9.0.71.jar:9.0.71]
	at org.apache.catalina.core.StandardContextValve.invoke(StandardContextValve.java:97) ~[tomcat-embed-core-9.0.71.jar:9.0.71]
	at org.apache.catalina.authenticator.AuthenticatorBase.invoke(AuthenticatorBase.java:541) ~[tomcat-embed-core-9.0.71.jar:9.0.71]
	at org.apache.catalina.core.StandardHostValve.invoke(StandardHostValve.java:135) ~[tomcat-embed-core-9.0.71.jar:9.0.71]
	at org.apache.catalina.valves.ErrorReportValve.invoke(ErrorReportValve.java:92) ~[tomcat-embed-core-9.0.71.jar:9.0.71]
	at org.apache.catalina.core.StandardEngineValve.invoke(StandardEngineValve.java:78) ~[tomcat-embed-core-9.0.71.jar:9.0.71]
	at org.apache.catalina.connector.CoyoteAdapter.service(CoyoteAdapter.java:360) ~[tomcat-embed-core-9.0.71.jar:9.0.71]
	at org.apache.coyote.http11.Http11Processor.service(Http11Processor.java:399) ~[tomcat-embed-core-9.0.71.jar:9.0.71]
	at org.apache.coyote.AbstractProcessorLight.process(AbstractProcessorLight.java:65) ~[tomcat-embed-core-9.0.71.jar:9.0.71]
	at org.apache.coyote.AbstractProtocol$ConnectionHandler.process(AbstractProtocol.java:891) ~[tomcat-embed-core-9.0.71.jar:9.0.71]
	at org.apache.tomcat.util.net.NioEndpoint$SocketProcessor.doRun(NioEndpoint.java:1784) ~[tomcat-embed-core-9.0.71.jar:9.0.71]
	at org.apache.tomcat.util.net.SocketProcessorBase.run(SocketProcessorBase.java:49) ~[tomcat-embed-core-9.0.71.jar:9.0.71]
	at org.apache.tomcat.util.threads.ThreadPoolExecutor.runWorker(ThreadPoolExecutor.java:1191) ~[tomcat-embed-core-9.0.71.jar:9.0.71]
	at org.apache.tomcat.util.threads.ThreadPoolExecutor$Worker.run(ThreadPoolExecutor.java:659) ~[tomcat-embed-core-9.0.71.jar:9.0.71]
	at org.apache.tomcat.util.threads.TaskThread$WrappingRunnable.run(TaskThread.java:61) ~[tomcat-embed-core-9.0.71.jar:9.0.71]
	at java.lang.Thread.run(Thread.java:840) ~[?:?]
[2025-03-27 09:50:46:066] [ERROR] - com.zaxxer.hikari.pool.HikariPool.throwPoolInitializationException(HikariPool.java:594) - HikariPool-1 - Exception during pool initialization.
com.mysql.jdbc.exceptions.jdbc4.CommunicationsException: Communications link failure

The last packet sent successfully to the server was 0 milliseconds ago. The driver has not received any packets from the server.
	at jdk.internal.reflect.NativeConstructorAccessorImpl.newInstance0(Native Method) ~[?:?]
	at jdk.internal.reflect.NativeConstructorAccessorImpl.newInstance(NativeConstructorAccessorImpl.java:77) ~[?:?]
	at jdk.internal.reflect.DelegatingConstructorAccessorImpl.newInstance(DelegatingConstructorAccessorImpl.java:45) ~[?:?]
	at java.lang.reflect.Constructor.newInstanceWithCaller(Constructor.java:499) ~[?:?]
	at java.lang.reflect.Constructor.newInstance(Constructor.java:480) ~[?:?]
	at com.mysql.jdbc.Util.handleNewInstance(Util.java:403) ~[mysql-connector-java-5.1.49.jar:5.1.49]
	at com.mysql.jdbc.SQLError.createCommunicationsException(SQLError.java:990) ~[mysql-connector-java-5.1.49.jar:5.1.49]
	at com.mysql.jdbc.MysqlIO.<init>(MysqlIO.java:335) ~[mysql-connector-java-5.1.49.jar:5.1.49]
	at com.mysql.jdbc.ConnectionImpl.coreConnect(ConnectionImpl.java:2187) ~[mysql-connector-java-5.1.49.jar:5.1.49]
	at com.mysql.jdbc.ConnectionImpl.connectOneTryOnly(ConnectionImpl.java:2220) ~[mysql-connector-java-5.1.49.jar:5.1.49]
	at com.mysql.jdbc.ConnectionImpl.createNewIO(ConnectionImpl.java:2015) ~[mysql-connector-java-5.1.49.jar:5.1.49]
	at com.mysql.jdbc.ConnectionImpl.<init>(ConnectionImpl.java:768) ~[mysql-connector-java-5.1.49.jar:5.1.49]
	at com.mysql.jdbc.JDBC4Connection.<init>(JDBC4Connection.java:47) ~[mysql-connector-java-5.1.49.jar:5.1.49]
	at jdk.internal.reflect.NativeConstructorAccessorImpl.newInstance0(Native Method) ~[?:?]
	at jdk.internal.reflect.NativeConstructorAccessorImpl.newInstance(NativeConstructorAccessorImpl.java:77) ~[?:?]
	at jdk.internal.reflect.DelegatingConstructorAccessorImpl.newInstance(DelegatingConstructorAccessorImpl.java:45) ~[?:?]
	at java.lang.reflect.Constructor.newInstanceWithCaller(Constructor.java:499) ~[?:?]
	at java.lang.reflect.Constructor.newInstance(Constructor.java:480) ~[?:?]
	at com.mysql.jdbc.Util.handleNewInstance(Util.java:403) ~[mysql-connector-java-5.1.49.jar:5.1.49]
	at com.mysql.jdbc.ConnectionImpl.getInstance(ConnectionImpl.java:385) ~[mysql-connector-java-5.1.49.jar:5.1.49]
	at com.mysql.jdbc.NonRegisteringDriver.connect(NonRegisteringDriver.java:323) ~[mysql-connector-java-5.1.49.jar:5.1.49]
	at com.zaxxer.hikari.util.DriverDataSource.getConnection(DriverDataSource.java:138) ~[HikariCP-4.0.3.jar:?]
	at com.zaxxer.hikari.pool.PoolBase.newConnection(PoolBase.java:364) ~[HikariCP-4.0.3.jar:?]
	at com.zaxxer.hikari.pool.PoolBase.newPoolEntry(PoolBase.java:206) ~[HikariCP-4.0.3.jar:?]
	at com.zaxxer.hikari.pool.HikariPool.createPoolEntry(HikariPool.java:476) ~[HikariCP-4.0.3.jar:?]
	at com.zaxxer.hikari.pool.HikariPool.checkFailFast(HikariPool.java:561) ~[HikariCP-4.0.3.jar:?]
	at com.zaxxer.hikari.pool.HikariPool.<init>(HikariPool.java:115) ~[HikariCP-4.0.3.jar:?]
	at com.zaxxer.hikari.HikariDataSource.getConnection(HikariDataSource.java:112) ~[HikariCP-4.0.3.jar:?]
	at org.springframework.jdbc.datasource.DataSourceUtils.fetchConnection(DataSourceUtils.java:159) ~[spring-jdbc-5.3.25.jar:5.3.25]
	at org.springframework.jdbc.datasource.DataSourceUtils.doGetConnection(DataSourceUtils.java:117) ~[spring-jdbc-5.3.25.jar:5.3.25]
	at org.springframework.jdbc.datasource.DataSourceUtils.getConnection(DataSourceUtils.java:80) ~[spring-jdbc-5.3.25.jar:5.3.25]
	at org.mybatis.spring.transaction.SpringManagedTransaction.openConnection(SpringManagedTransaction.java:80) ~[mybatis-spring-2.1.0.jar:2.1.0]
	at org.mybatis.spring.transaction.SpringManagedTransaction.getConnection(SpringManagedTransaction.java:67) ~[mybatis-spring-2.1.0.jar:2.1.0]
	at org.apache.ibatis.executor.BaseExecutor.getConnection(BaseExecutor.java:337) ~[mybatis-3.5.11.jar:3.5.11]
	at org.apache.ibatis.executor.SimpleExecutor.prepareStatement(SimpleExecutor.java:86) ~[mybatis-3.5.11.jar:3.5.11]
	at org.apache.ibatis.executor.SimpleExecutor.doQuery(SimpleExecutor.java:62) ~[mybatis-3.5.11.jar:3.5.11]
	at org.apache.ibatis.executor.BaseExecutor.queryFromDatabase(BaseExecutor.java:325) ~[mybatis-3.5.11.jar:3.5.11]
	at org.apache.ibatis.executor.BaseExecutor.query(BaseExecutor.java:156) ~[mybatis-3.5.11.jar:3.5.11]
	at org.apache.ibatis.executor.CachingExecutor.query(CachingExecutor.java:109) ~[mybatis-3.5.11.jar:3.5.11]
	at com.github.pagehelper.PageInterceptor.intercept(PageInterceptor.java:151) ~[pagehelper-5.3.2.jar:?]
	at org.apache.ibatis.plugin.Plugin.invoke(Plugin.java:62) ~[mybatis-3.5.11.jar:3.5.11]
	at jdk.proxy2.$Proxy131.query(Unknown Source) ~[?:?]
	at org.apache.ibatis.session.defaults.DefaultSqlSession.selectList(DefaultSqlSession.java:151) ~[mybatis-3.5.11.jar:3.5.11]
	at org.apache.ibatis.session.defaults.DefaultSqlSession.selectList(DefaultSqlSession.java:145) ~[mybatis-3.5.11.jar:3.5.11]
	at org.apache.ibatis.session.defaults.DefaultSqlSession.selectList(DefaultSqlSession.java:140) ~[mybatis-3.5.11.jar:3.5.11]
	at jdk.internal.reflect.NativeMethodAccessorImpl.invoke0(Native Method) ~[?:?]
	at jdk.internal.reflect.NativeMethodAccessorImpl.invoke(NativeMethodAccessorImpl.java:77) ~[?:?]
	at jdk.internal.reflect.DelegatingMethodAccessorImpl.invoke(DelegatingMethodAccessorImpl.java:43) ~[?:?]
	at java.lang.reflect.Method.invoke(Method.java:568) ~[?:?]
	at org.mybatis.spring.SqlSessionTemplate$SqlSessionInterceptor.invoke(SqlSessionTemplate.java:425) ~[mybatis-spring-2.1.0.jar:2.1.0]
	at jdk.proxy2.$Proxy92.selectList(Unknown Source) ~[?:?]
	at org.mybatis.spring.SqlSessionTemplate.selectList(SqlSessionTemplate.java:224) ~[mybatis-spring-2.1.0.jar:2.1.0]
	at org.apache.ibatis.binding.MapperMethod.executeForMany(MapperMethod.java:147) ~[mybatis-3.5.11.jar:3.5.11]
	at org.apache.ibatis.binding.MapperMethod.execute(MapperMethod.java:80) ~[mybatis-3.5.11.jar:3.5.11]
	at org.apache.ibatis.binding.MapperProxy$PlainMethodInvoker.invoke(MapperProxy.java:145) ~[mybatis-3.5.11.jar:3.5.11]
	at org.apache.ibatis.binding.MapperProxy.invoke(MapperProxy.java:86) ~[mybatis-3.5.11.jar:3.5.11]
	at jdk.proxy3.$Proxy103.getCourseByCategory(Unknown Source) ~[?:?]
	at ma.com.serviceImp.CourseServiceImpl.getCourseByCategory(CourseServiceImpl.java:32) ~[classes/:?]
	at ma.com.controller.CourseController.getCourseByCategory(CourseController.java:36) ~[classes/:?]
	at ma.com.controller.CourseController$$FastClassBySpringCGLIB$$32e59b02.invoke(<generated>) ~[classes/:?]
	at org.springframework.cglib.proxy.MethodProxy.invoke(MethodProxy.java:218) ~[spring-core-5.3.25.jar:5.3.25]
	at org.springframework.aop.framework.CglibAopProxy$CglibMethodInvocation.invokeJoinpoint(CglibAopProxy.java:793) ~[spring-aop-5.3.25.jar:5.3.25]
	at org.springframework.aop.framework.ReflectiveMethodInvocation.proceed(ReflectiveMethodInvocation.java:163) ~[spring-aop-5.3.25.jar:5.3.25]
	at org.springframework.aop.framework.CglibAopProxy$CglibMethodInvocation.proceed(CglibAopProxy.java:763) ~[spring-aop-5.3.25.jar:5.3.25]
	at org.springframework.aop.framework.adapter.AfterReturningAdviceInterceptor.invoke(AfterReturningAdviceInterceptor.java:57) ~[spring-aop-5.3.25.jar:5.3.25]
	at org.springframework.aop.framework.ReflectiveMethodInvocation.proceed(ReflectiveMethodInvocation.java:175) ~[spring-aop-5.3.25.jar:5.3.25]
	at org.springframework.aop.framework.CglibAopProxy$CglibMethodInvocation.proceed(CglibAopProxy.java:763) ~[spring-aop-5.3.25.jar:5.3.25]
	at org.springframework.aop.interceptor.ExposeInvocationInterceptor.invoke(ExposeInvocationInterceptor.java:97) ~[spring-aop-5.3.25.jar:5.3.25]
	at org.springframework.aop.framework.ReflectiveMethodInvocation.proceed(ReflectiveMethodInvocation.java:186) ~[spring-aop-5.3.25.jar:5.3.25]
	at org.springframework.aop.framework.CglibAopProxy$CglibMethodInvocation.proceed(CglibAopProxy.java:763) ~[spring-aop-5.3.25.jar:5.3.25]
	at org.springframework.aop.framework.CglibAopProxy$DynamicAdvisedInterceptor.intercept(CglibAopProxy.java:708) ~[spring-aop-5.3.25.jar:5.3.25]
	at ma.com.controller.CourseController$$EnhancerBySpringCGLIB$$4925fe5a.getCourseByCategory(<generated>) ~[classes/:?]
	at jdk.internal.reflect.NativeMethodAccessorImpl.invoke0(Native Method) ~[?:?]
	at jdk.internal.reflect.NativeMethodAccessorImpl.invoke(NativeMethodAccessorImpl.java:77) ~[?:?]
	at jdk.internal.reflect.DelegatingMethodAccessorImpl.invoke(DelegatingMethodAccessorImpl.java:43) ~[?:?]
	at java.lang.reflect.Method.invoke(Method.java:568) ~[?:?]
	at org.springframework.web.method.support.InvocableHandlerMethod.doInvoke(InvocableHandlerMethod.java:205) ~[spring-web-5.3.25.jar:5.3.25]
	at org.springframework.web.method.support.InvocableHandlerMethod.invokeForRequest(InvocableHandlerMethod.java:150) ~[spring-web-5.3.25.jar:5.3.25]
	at org.springframework.web.servlet.mvc.method.annotation.ServletInvocableHandlerMethod.invokeAndHandle(ServletInvocableHandlerMethod.java:117) ~[spring-webmvc-5.3.25.jar:5.3.25]
	at org.springframework.web.servlet.mvc.method.annotation.RequestMappingHandlerAdapter.invokeHandlerMethod(RequestMappingHandlerAdapter.java:895) ~[spring-webmvc-5.3.25.jar:5.3.25]
	at org.springframework.web.servlet.mvc.method.annotation.RequestMappingHandlerAdapter.handleInternal(RequestMappingHandlerAdapter.java:808) ~[spring-webmvc-5.3.25.jar:5.3.25]
	at org.springframework.web.servlet.mvc.method.AbstractHandlerMethodAdapter.handle(AbstractHandlerMethodAdapter.java:87) ~[spring-webmvc-5.3.25.jar:5.3.25]
	at org.springframework.web.servlet.DispatcherServlet.doDispatch(DispatcherServlet.java:1071) ~[spring-webmvc-5.3.25.jar:5.3.25]
	at org.springframework.web.servlet.DispatcherServlet.doService(DispatcherServlet.java:964) ~[spring-webmvc-5.3.25.jar:5.3.25]
	at org.springframework.web.servlet.FrameworkServlet.processRequest(FrameworkServlet.java:1006) ~[spring-webmvc-5.3.25.jar:5.3.25]
	at org.springframework.web.servlet.FrameworkServlet.doGet(FrameworkServlet.java:898) ~[spring-webmvc-5.3.25.jar:5.3.25]
	at javax.servlet.http.HttpServlet.service(HttpServlet.java:670) ~[tomcat-embed-core-9.0.71.jar:4.0.FR]
	at org.springframework.web.servlet.FrameworkServlet.service(FrameworkServlet.java:883) ~[spring-webmvc-5.3.25.jar:5.3.25]
	at javax.servlet.http.HttpServlet.service(HttpServlet.java:779) ~[tomcat-embed-core-9.0.71.jar:4.0.FR]
	at org.apache.catalina.core.ApplicationFilterChain.internalDoFilter(ApplicationFilterChain.java:227) ~[tomcat-embed-core-9.0.71.jar:9.0.71]
	at org.apache.catalina.core.ApplicationFilterChain.doFilter(ApplicationFilterChain.java:162) ~[tomcat-embed-core-9.0.71.jar:9.0.71]
	at org.apache.tomcat.websocket.server.WsFilter.doFilter(WsFilter.java:53) ~[tomcat-embed-websocket-9.0.71.jar:9.0.71]
	at org.apache.catalina.core.ApplicationFilterChain.internalDoFilter(ApplicationFilterChain.java:189) ~[tomcat-embed-core-9.0.71.jar:9.0.71]
	at org.apache.catalina.core.ApplicationFilterChain.doFilter(ApplicationFilterChain.java:162) ~[tomcat-embed-core-9.0.71.jar:9.0.71]
	at org.springframework.web.filter.RequestContextFilter.doFilterInternal(RequestContextFilter.java:100) ~[spring-web-5.3.25.jar:5.3.25]
	at org.springframework.web.filter.OncePerRequestFilter.doFilter(OncePerRequestFilter.java:117) ~[spring-web-5.3.25.jar:5.3.25]
	at org.apache.catalina.core.ApplicationFilterChain.internalDoFilter(ApplicationFilterChain.java:189) ~[tomcat-embed-core-9.0.71.jar:9.0.71]
	at org.apache.catalina.core.ApplicationFilterChain.doFilter(ApplicationFilterChain.java:162) ~[tomcat-embed-core-9.0.71.jar:9.0.71]
	at org.springframework.web.filter.FormContentFilter.doFilterInternal(FormContentFilter.java:93) ~[spring-web-5.3.25.jar:5.3.25]
	at org.springframework.web.filter.OncePerRequestFilter.doFilter(OncePerRequestFilter.java:117) ~[spring-web-5.3.25.jar:5.3.25]
	at org.apache.catalina.core.ApplicationFilterChain.internalDoFilter(ApplicationFilterChain.java:189) ~[tomcat-embed-core-9.0.71.jar:9.0.71]
	at org.apache.catalina.core.ApplicationFilterChain.doFilter(ApplicationFilterChain.java:162) ~[tomcat-embed-core-9.0.71.jar:9.0.71]
	at org.springframework.web.filter.CharacterEncodingFilter.doFilterInternal(CharacterEncodingFilter.java:201) ~[spring-web-5.3.25.jar:5.3.25]
	at org.springframework.web.filter.OncePerRequestFilter.doFilter(OncePerRequestFilter.java:117) ~[spring-web-5.3.25.jar:5.3.25]
	at org.apache.catalina.core.ApplicationFilterChain.internalDoFilter(ApplicationFilterChain.java:189) ~[tomcat-embed-core-9.0.71.jar:9.0.71]
	at org.apache.catalina.core.ApplicationFilterChain.doFilter(ApplicationFilterChain.java:162) ~[tomcat-embed-core-9.0.71.jar:9.0.71]
	at org.apache.catalina.core.StandardWrapperValve.invoke(StandardWrapperValve.java:177) ~[tomcat-embed-core-9.0.71.jar:9.0.71]
	at org.apache.catalina.core.StandardContextValve.invoke(StandardContextValve.java:97) ~[tomcat-embed-core-9.0.71.jar:9.0.71]
	at org.apache.catalina.authenticator.AuthenticatorBase.invoke(AuthenticatorBase.java:541) ~[tomcat-embed-core-9.0.71.jar:9.0.71]
	at org.apache.catalina.core.StandardHostValve.invoke(StandardHostValve.java:135) ~[tomcat-embed-core-9.0.71.jar:9.0.71]
	at org.apache.catalina.valves.ErrorReportValve.invoke(ErrorReportValve.java:92) ~[tomcat-embed-core-9.0.71.jar:9.0.71]
	at org.apache.catalina.core.StandardEngineValve.invoke(StandardEngineValve.java:78) ~[tomcat-embed-core-9.0.71.jar:9.0.71]
	at org.apache.catalina.connector.CoyoteAdapter.service(CoyoteAdapter.java:360) ~[tomcat-embed-core-9.0.71.jar:9.0.71]
	at org.apache.coyote.http11.Http11Processor.service(Http11Processor.java:399) ~[tomcat-embed-core-9.0.71.jar:9.0.71]
	at org.apache.coyote.AbstractProcessorLight.process(AbstractProcessorLight.java:65) ~[tomcat-embed-core-9.0.71.jar:9.0.71]
	at org.apache.coyote.AbstractProtocol$ConnectionHandler.process(AbstractProtocol.java:891) ~[tomcat-embed-core-9.0.71.jar:9.0.71]
	at org.apache.tomcat.util.net.NioEndpoint$SocketProcessor.doRun(NioEndpoint.java:1784) ~[tomcat-embed-core-9.0.71.jar:9.0.71]
	at org.apache.tomcat.util.net.SocketProcessorBase.run(SocketProcessorBase.java:49) ~[tomcat-embed-core-9.0.71.jar:9.0.71]
	at org.apache.tomcat.util.threads.ThreadPoolExecutor.runWorker(ThreadPoolExecutor.java:1191) ~[tomcat-embed-core-9.0.71.jar:9.0.71]
	at org.apache.tomcat.util.threads.ThreadPoolExecutor$Worker.run(ThreadPoolExecutor.java:659) ~[tomcat-embed-core-9.0.71.jar:9.0.71]
	at org.apache.tomcat.util.threads.TaskThread$WrappingRunnable.run(TaskThread.java:61) ~[tomcat-embed-core-9.0.71.jar:9.0.71]
	at java.lang.Thread.run(Thread.java:840) ~[?:?]
Caused by: java.net.ConnectException: Connection timed out: getsockopt
	at sun.nio.ch.Net.pollConnect(Native Method) ~[?:?]
	at sun.nio.ch.Net.pollConnectNow(Net.java:672) ~[?:?]
	at sun.nio.ch.NioSocketImpl.timedFinishConnect(NioSocketImpl.java:554) ~[?:?]
	at sun.nio.ch.NioSocketImpl.connect(NioSocketImpl.java:602) ~[?:?]
	at java.net.SocksSocketImpl.connect(SocksSocketImpl.java:327) ~[?:?]
	at java.net.Socket.connect(Socket.java:633) ~[?:?]
	at com.mysql.jdbc.StandardSocketFactory.connect(StandardSocketFactory.java:211) ~[mysql-connector-java-5.1.49.jar:5.1.49]
	at com.mysql.jdbc.MysqlIO.<init>(MysqlIO.java:299) ~[mysql-connector-java-5.1.49.jar:5.1.49]
	... 114 more
[2025-03-27 09:50:46:071] [ERROR] - org.apache.juli.logging.DirectJDKLog.log(DirectJDKLog.java:175) - Servlet.service() for servlet [dispatcherServlet] in context with path [] threw exception [Request processing failed; nested exception is org.mybatis.spring.MyBatisSystemException: nested exception is org.apache.ibatis.exceptions.PersistenceException: 
### Error querying database.  Cause: org.springframework.jdbc.CannotGetJdbcConnectionException: Failed to obtain JDBC Connection; nested exception is com.mysql.jdbc.exceptions.jdbc4.CommunicationsException: Communications link failure

The last packet sent successfully to the server was 0 milliseconds ago. The driver has not received any packets from the server.
### The error may exist in file [E:\computer2\computer1\ifly\target\classes\mapper\CourseMapper.xml]
### The error may involve ma.com.mapper.CourseMapper.getCourseByCategory
### The error occurred while executing a query
### Cause: org.springframework.jdbc.CannotGetJdbcConnectionException: Failed to obtain JDBC Connection; nested exception is com.mysql.jdbc.exceptions.jdbc4.CommunicationsException: Communications link failure

The last packet sent successfully to the server was 0 milliseconds ago. The driver has not received any packets from the server.] with root cause
java.net.ConnectException: Connection timed out: getsockopt
	at sun.nio.ch.Net.pollConnect(Native Method) ~[?:?]
	at sun.nio.ch.Net.pollConnectNow(Net.java:672) ~[?:?]
	at sun.nio.ch.NioSocketImpl.timedFinishConnect(NioSocketImpl.java:554) ~[?:?]
	at sun.nio.ch.NioSocketImpl.connect(NioSocketImpl.java:602) ~[?:?]
	at java.net.SocksSocketImpl.connect(SocksSocketImpl.java:327) ~[?:?]
	at java.net.Socket.connect(Socket.java:633) ~[?:?]
	at com.mysql.jdbc.StandardSocketFactory.connect(StandardSocketFactory.java:211) ~[mysql-connector-java-5.1.49.jar:5.1.49]
	at com.mysql.jdbc.MysqlIO.<init>(MysqlIO.java:299) ~[mysql-connector-java-5.1.49.jar:5.1.49]
	at com.mysql.jdbc.ConnectionImpl.coreConnect(ConnectionImpl.java:2187) ~[mysql-connector-java-5.1.49.jar:5.1.49]
	at com.mysql.jdbc.ConnectionImpl.connectOneTryOnly(ConnectionImpl.java:2220) ~[mysql-connector-java-5.1.49.jar:5.1.49]
	at com.mysql.jdbc.ConnectionImpl.createNewIO(ConnectionImpl.java:2015) ~[mysql-connector-java-5.1.49.jar:5.1.49]
	at com.mysql.jdbc.ConnectionImpl.<init>(ConnectionImpl.java:768) ~[mysql-connector-java-5.1.49.jar:5.1.49]
	at com.mysql.jdbc.JDBC4Connection.<init>(JDBC4Connection.java:47) ~[mysql-connector-java-5.1.49.jar:5.1.49]
	at jdk.internal.reflect.NativeConstructorAccessorImpl.newInstance0(Native Method) ~[?:?]
	at jdk.internal.reflect.NativeConstructorAccessorImpl.newInstance(NativeConstructorAccessorImpl.java:77) ~[?:?]
	at jdk.internal.reflect.DelegatingConstructorAccessorImpl.newInstance(DelegatingConstructorAccessorImpl.java:45) ~[?:?]
	at java.lang.reflect.Constructor.newInstanceWithCaller(Constructor.java:499) ~[?:?]
	at java.lang.reflect.Constructor.newInstance(Constructor.java:480) ~[?:?]
	at com.mysql.jdbc.Util.handleNewInstance(Util.java:403) ~[mysql-connector-java-5.1.49.jar:5.1.49]
	at com.mysql.jdbc.ConnectionImpl.getInstance(ConnectionImpl.java:385) ~[mysql-connector-java-5.1.49.jar:5.1.49]
	at com.mysql.jdbc.NonRegisteringDriver.connect(NonRegisteringDriver.java:323) ~[mysql-connector-java-5.1.49.jar:5.1.49]
	at com.zaxxer.hikari.util.DriverDataSource.getConnection(DriverDataSource.java:138) ~[HikariCP-4.0.3.jar:?]
	at com.zaxxer.hikari.pool.PoolBase.newConnection(PoolBase.java:364) ~[HikariCP-4.0.3.jar:?]
	at com.zaxxer.hikari.pool.PoolBase.newPoolEntry(PoolBase.java:206) ~[HikariCP-4.0.3.jar:?]
	at com.zaxxer.hikari.pool.HikariPool.createPoolEntry(HikariPool.java:476) ~[HikariCP-4.0.3.jar:?]
	at com.zaxxer.hikari.pool.HikariPool.checkFailFast(HikariPool.java:561) ~[HikariCP-4.0.3.jar:?]
	at com.zaxxer.hikari.pool.HikariPool.<init>(HikariPool.java:115) ~[HikariCP-4.0.3.jar:?]
	at com.zaxxer.hikari.HikariDataSource.getConnection(HikariDataSource.java:112) ~[HikariCP-4.0.3.jar:?]
	at org.springframework.jdbc.datasource.DataSourceUtils.fetchConnection(DataSourceUtils.java:159) ~[spring-jdbc-5.3.25.jar:5.3.25]
	at org.springframework.jdbc.datasource.DataSourceUtils.doGetConnection(DataSourceUtils.java:117) ~[spring-jdbc-5.3.25.jar:5.3.25]
	at org.springframework.jdbc.datasource.DataSourceUtils.getConnection(DataSourceUtils.java:80) ~[spring-jdbc-5.3.25.jar:5.3.25]
	at org.mybatis.spring.transaction.SpringManagedTransaction.openConnection(SpringManagedTransaction.java:80) ~[mybatis-spring-2.1.0.jar:2.1.0]
	at org.mybatis.spring.transaction.SpringManagedTransaction.getConnection(SpringManagedTransaction.java:67) ~[mybatis-spring-2.1.0.jar:2.1.0]
	at org.apache.ibatis.executor.BaseExecutor.getConnection(BaseExecutor.java:337) ~[mybatis-3.5.11.jar:3.5.11]
	at org.apache.ibatis.executor.SimpleExecutor.prepareStatement(SimpleExecutor.java:86) ~[mybatis-3.5.11.jar:3.5.11]
	at org.apache.ibatis.executor.SimpleExecutor.doQuery(SimpleExecutor.java:62) ~[mybatis-3.5.11.jar:3.5.11]
	at org.apache.ibatis.executor.BaseExecutor.queryFromDatabase(BaseExecutor.java:325) ~[mybatis-3.5.11.jar:3.5.11]
	at org.apache.ibatis.executor.BaseExecutor.query(BaseExecutor.java:156) ~[mybatis-3.5.11.jar:3.5.11]
	at org.apache.ibatis.executor.CachingExecutor.query(CachingExecutor.java:109) ~[mybatis-3.5.11.jar:3.5.11]
	at com.github.pagehelper.PageInterceptor.intercept(PageInterceptor.java:151) ~[pagehelper-5.3.2.jar:?]
	at org.apache.ibatis.plugin.Plugin.invoke(Plugin.java:62) ~[mybatis-3.5.11.jar:3.5.11]
	at jdk.proxy2.$Proxy131.query(Unknown Source) ~[?:?]
	at org.apache.ibatis.session.defaults.DefaultSqlSession.selectList(DefaultSqlSession.java:151) ~[mybatis-3.5.11.jar:3.5.11]
	at org.apache.ibatis.session.defaults.DefaultSqlSession.selectList(DefaultSqlSession.java:145) ~[mybatis-3.5.11.jar:3.5.11]
	at org.apache.ibatis.session.defaults.DefaultSqlSession.selectList(DefaultSqlSession.java:140) ~[mybatis-3.5.11.jar:3.5.11]
	at jdk.internal.reflect.NativeMethodAccessorImpl.invoke0(Native Method) ~[?:?]
	at jdk.internal.reflect.NativeMethodAccessorImpl.invoke(NativeMethodAccessorImpl.java:77) ~[?:?]
	at jdk.internal.reflect.DelegatingMethodAccessorImpl.invoke(DelegatingMethodAccessorImpl.java:43) ~[?:?]
	at java.lang.reflect.Method.invoke(Method.java:568) ~[?:?]
	at org.mybatis.spring.SqlSessionTemplate$SqlSessionInterceptor.invoke(SqlSessionTemplate.java:425) ~[mybatis-spring-2.1.0.jar:2.1.0]
	at jdk.proxy2.$Proxy92.selectList(Unknown Source) ~[?:?]
	at org.mybatis.spring.SqlSessionTemplate.selectList(SqlSessionTemplate.java:224) ~[mybatis-spring-2.1.0.jar:2.1.0]
	at org.apache.ibatis.binding.MapperMethod.executeForMany(MapperMethod.java:147) ~[mybatis-3.5.11.jar:3.5.11]
	at org.apache.ibatis.binding.MapperMethod.execute(MapperMethod.java:80) ~[mybatis-3.5.11.jar:3.5.11]
	at org.apache.ibatis.binding.MapperProxy$PlainMethodInvoker.invoke(MapperProxy.java:145) ~[mybatis-3.5.11.jar:3.5.11]
	at org.apache.ibatis.binding.MapperProxy.invoke(MapperProxy.java:86) ~[mybatis-3.5.11.jar:3.5.11]
	at jdk.proxy3.$Proxy103.getCourseByCategory(Unknown Source) ~[?:?]
	at ma.com.serviceImp.CourseServiceImpl.getCourseByCategory(CourseServiceImpl.java:32) ~[classes/:?]
	at ma.com.controller.CourseController.getCourseByCategory(CourseController.java:36) ~[classes/:?]
	at ma.com.controller.CourseController$$FastClassBySpringCGLIB$$32e59b02.invoke(<generated>) ~[classes/:?]
	at org.springframework.cglib.proxy.MethodProxy.invoke(MethodProxy.java:218) ~[spring-core-5.3.25.jar:5.3.25]
	at org.springframework.aop.framework.CglibAopProxy$CglibMethodInvocation.invokeJoinpoint(CglibAopProxy.java:793) ~[spring-aop-5.3.25.jar:5.3.25]
	at org.springframework.aop.framework.ReflectiveMethodInvocation.proceed(ReflectiveMethodInvocation.java:163) ~[spring-aop-5.3.25.jar:5.3.25]
	at org.springframework.aop.framework.CglibAopProxy$CglibMethodInvocation.proceed(CglibAopProxy.java:763) ~[spring-aop-5.3.25.jar:5.3.25]
	at org.springframework.aop.framework.adapter.AfterReturningAdviceInterceptor.invoke(AfterReturningAdviceInterceptor.java:57) ~[spring-aop-5.3.25.jar:5.3.25]
	at org.springframework.aop.framework.ReflectiveMethodInvocation.proceed(ReflectiveMethodInvocation.java:175) ~[spring-aop-5.3.25.jar:5.3.25]
	at org.springframework.aop.framework.CglibAopProxy$CglibMethodInvocation.proceed(CglibAopProxy.java:763) ~[spring-aop-5.3.25.jar:5.3.25]
	at org.springframework.aop.interceptor.ExposeInvocationInterceptor.invoke(ExposeInvocationInterceptor.java:97) ~[spring-aop-5.3.25.jar:5.3.25]
	at org.springframework.aop.framework.ReflectiveMethodInvocation.proceed(ReflectiveMethodInvocation.java:186) ~[spring-aop-5.3.25.jar:5.3.25]
	at org.springframework.aop.framework.CglibAopProxy$CglibMethodInvocation.proceed(CglibAopProxy.java:763) ~[spring-aop-5.3.25.jar:5.3.25]
	at org.springframework.aop.framework.CglibAopProxy$DynamicAdvisedInterceptor.intercept(CglibAopProxy.java:708) ~[spring-aop-5.3.25.jar:5.3.25]
	at ma.com.controller.CourseController$$EnhancerBySpringCGLIB$$4925fe5a.getCourseByCategory(<generated>) ~[classes/:?]
	at jdk.internal.reflect.NativeMethodAccessorImpl.invoke0(Native Method) ~[?:?]
	at jdk.internal.reflect.NativeMethodAccessorImpl.invoke(NativeMethodAccessorImpl.java:77) ~[?:?]
	at jdk.internal.reflect.DelegatingMethodAccessorImpl.invoke(DelegatingMethodAccessorImpl.java:43) ~[?:?]
	at java.lang.reflect.Method.invoke(Method.java:568) ~[?:?]
	at org.springframework.web.method.support.InvocableHandlerMethod.doInvoke(InvocableHandlerMethod.java:205) ~[spring-web-5.3.25.jar:5.3.25]
	at org.springframework.web.method.support.InvocableHandlerMethod.invokeForRequest(InvocableHandlerMethod.java:150) ~[spring-web-5.3.25.jar:5.3.25]
	at org.springframework.web.servlet.mvc.method.annotation.ServletInvocableHandlerMethod.invokeAndHandle(ServletInvocableHandlerMethod.java:117) ~[spring-webmvc-5.3.25.jar:5.3.25]
	at org.springframework.web.servlet.mvc.method.annotation.RequestMappingHandlerAdapter.invokeHandlerMethod(RequestMappingHandlerAdapter.java:895) ~[spring-webmvc-5.3.25.jar:5.3.25]
	at org.springframework.web.servlet.mvc.method.annotation.RequestMappingHandlerAdapter.handleInternal(RequestMappingHandlerAdapter.java:808) ~[spring-webmvc-5.3.25.jar:5.3.25]
	at org.springframework.web.servlet.mvc.method.AbstractHandlerMethodAdapter.handle(AbstractHandlerMethodAdapter.java:87) ~[spring-webmvc-5.3.25.jar:5.3.25]
	at org.springframework.web.servlet.DispatcherServlet.doDispatch(DispatcherServlet.java:1071) ~[spring-webmvc-5.3.25.jar:5.3.25]
	at org.springframework.web.servlet.DispatcherServlet.doService(DispatcherServlet.java:964) ~[spring-webmvc-5.3.25.jar:5.3.25]
	at org.springframework.web.servlet.FrameworkServlet.processRequest(FrameworkServlet.java:1006) ~[spring-webmvc-5.3.25.jar:5.3.25]
	at org.springframework.web.servlet.FrameworkServlet.doGet(FrameworkServlet.java:898) ~[spring-webmvc-5.3.25.jar:5.3.25]
	at javax.servlet.http.HttpServlet.service(HttpServlet.java:670) ~[tomcat-embed-core-9.0.71.jar:4.0.FR]
	at org.springframework.web.servlet.FrameworkServlet.service(FrameworkServlet.java:883) ~[spring-webmvc-5.3.25.jar:5.3.25]
	at javax.servlet.http.HttpServlet.service(HttpServlet.java:779) ~[tomcat-embed-core-9.0.71.jar:4.0.FR]
	at org.apache.catalina.core.ApplicationFilterChain.internalDoFilter(ApplicationFilterChain.java:227) ~[tomcat-embed-core-9.0.71.jar:9.0.71]
	at org.apache.catalina.core.ApplicationFilterChain.doFilter(ApplicationFilterChain.java:162) ~[tomcat-embed-core-9.0.71.jar:9.0.71]
	at org.apache.tomcat.websocket.server.WsFilter.doFilter(WsFilter.java:53) ~[tomcat-embed-websocket-9.0.71.jar:9.0.71]
	at org.apache.catalina.core.ApplicationFilterChain.internalDoFilter(ApplicationFilterChain.java:189) ~[tomcat-embed-core-9.0.71.jar:9.0.71]
	at org.apache.catalina.core.ApplicationFilterChain.doFilter(ApplicationFilterChain.java:162) ~[tomcat-embed-core-9.0.71.jar:9.0.71]
	at org.springframework.web.filter.RequestContextFilter.doFilterInternal(RequestContextFilter.java:100) ~[spring-web-5.3.25.jar:5.3.25]
	at org.springframework.web.filter.OncePerRequestFilter.doFilter(OncePerRequestFilter.java:117) ~[spring-web-5.3.25.jar:5.3.25]
	at org.apache.catalina.core.ApplicationFilterChain.internalDoFilter(ApplicationFilterChain.java:189) ~[tomcat-embed-core-9.0.71.jar:9.0.71]
	at org.apache.catalina.core.ApplicationFilterChain.doFilter(ApplicationFilterChain.java:162) ~[tomcat-embed-core-9.0.71.jar:9.0.71]
	at org.springframework.web.filter.FormContentFilter.doFilterInternal(FormContentFilter.java:93) ~[spring-web-5.3.25.jar:5.3.25]
	at org.springframework.web.filter.OncePerRequestFilter.doFilter(OncePerRequestFilter.java:117) ~[spring-web-5.3.25.jar:5.3.25]
	at org.apache.catalina.core.ApplicationFilterChain.internalDoFilter(ApplicationFilterChain.java:189) ~[tomcat-embed-core-9.0.71.jar:9.0.71]
	at org.apache.catalina.core.ApplicationFilterChain.doFilter(ApplicationFilterChain.java:162) ~[tomcat-embed-core-9.0.71.jar:9.0.71]
	at org.springframework.web.filter.CharacterEncodingFilter.doFilterInternal(CharacterEncodingFilter.java:201) ~[spring-web-5.3.25.jar:5.3.25]
	at org.springframework.web.filter.OncePerRequestFilter.doFilter(OncePerRequestFilter.java:117) ~[spring-web-5.3.25.jar:5.3.25]
	at org.apache.catalina.core.ApplicationFilterChain.internalDoFilter(ApplicationFilterChain.java:189) ~[tomcat-embed-core-9.0.71.jar:9.0.71]
	at org.apache.catalina.core.ApplicationFilterChain.doFilter(ApplicationFilterChain.java:162) ~[tomcat-embed-core-9.0.71.jar:9.0.71]
	at org.apache.catalina.core.StandardWrapperValve.invoke(StandardWrapperValve.java:177) ~[tomcat-embed-core-9.0.71.jar:9.0.71]
	at org.apache.catalina.core.StandardContextValve.invoke(StandardContextValve.java:97) ~[tomcat-embed-core-9.0.71.jar:9.0.71]
	at org.apache.catalina.authenticator.AuthenticatorBase.invoke(AuthenticatorBase.java:541) ~[tomcat-embed-core-9.0.71.jar:9.0.71]
	at org.apache.catalina.core.StandardHostValve.invoke(StandardHostValve.java:135) ~[tomcat-embed-core-9.0.71.jar:9.0.71]
	at org.apache.catalina.valves.ErrorReportValve.invoke(ErrorReportValve.java:92) ~[tomcat-embed-core-9.0.71.jar:9.0.71]
	at org.apache.catalina.core.StandardEngineValve.invoke(StandardEngineValve.java:78) ~[tomcat-embed-core-9.0.71.jar:9.0.71]
	at org.apache.catalina.connector.CoyoteAdapter.service(CoyoteAdapter.java:360) ~[tomcat-embed-core-9.0.71.jar:9.0.71]
	at org.apache.coyote.http11.Http11Processor.service(Http11Processor.java:399) ~[tomcat-embed-core-9.0.71.jar:9.0.71]
	at org.apache.coyote.AbstractProcessorLight.process(AbstractProcessorLight.java:65) ~[tomcat-embed-core-9.0.71.jar:9.0.71]
	at org.apache.coyote.AbstractProtocol$ConnectionHandler.process(AbstractProtocol.java:891) ~[tomcat-embed-core-9.0.71.jar:9.0.71]
	at org.apache.tomcat.util.net.NioEndpoint$SocketProcessor.doRun(NioEndpoint.java:1784) ~[tomcat-embed-core-9.0.71.jar:9.0.71]
	at org.apache.tomcat.util.net.SocketProcessorBase.run(SocketProcessorBase.java:49) ~[tomcat-embed-core-9.0.71.jar:9.0.71]
	at org.apache.tomcat.util.threads.ThreadPoolExecutor.runWorker(ThreadPoolExecutor.java:1191) ~[tomcat-embed-core-9.0.71.jar:9.0.71]
	at org.apache.tomcat.util.threads.ThreadPoolExecutor$Worker.run(ThreadPoolExecutor.java:659) ~[tomcat-embed-core-9.0.71.jar:9.0.71]
	at org.apache.tomcat.util.threads.TaskThread$WrappingRunnable.run(TaskThread.java:61) ~[tomcat-embed-core-9.0.71.jar:9.0.71]
	at java.lang.Thread.run(Thread.java:840) ~[?:?]
[2025-03-27 09:51:08:139] [ERROR] - com.zaxxer.hikari.pool.HikariPool.throwPoolInitializationException(HikariPool.java:594) - HikariPool-1 - Exception during pool initialization.
com.mysql.jdbc.exceptions.jdbc4.CommunicationsException: Communications link failure

The last packet sent successfully to the server was 0 milliseconds ago. The driver has not received any packets from the server.
	at jdk.internal.reflect.NativeConstructorAccessorImpl.newInstance0(Native Method) ~[?:?]
	at jdk.internal.reflect.NativeConstructorAccessorImpl.newInstance(NativeConstructorAccessorImpl.java:77) ~[?:?]
	at jdk.internal.reflect.DelegatingConstructorAccessorImpl.newInstance(DelegatingConstructorAccessorImpl.java:45) ~[?:?]
	at java.lang.reflect.Constructor.newInstanceWithCaller(Constructor.java:499) ~[?:?]
	at java.lang.reflect.Constructor.newInstance(Constructor.java:480) ~[?:?]
	at com.mysql.jdbc.Util.handleNewInstance(Util.java:403) ~[mysql-connector-java-5.1.49.jar:5.1.49]
	at com.mysql.jdbc.SQLError.createCommunicationsException(SQLError.java:990) ~[mysql-connector-java-5.1.49.jar:5.1.49]
	at com.mysql.jdbc.MysqlIO.<init>(MysqlIO.java:335) ~[mysql-connector-java-5.1.49.jar:5.1.49]
	at com.mysql.jdbc.ConnectionImpl.coreConnect(ConnectionImpl.java:2187) ~[mysql-connector-java-5.1.49.jar:5.1.49]
	at com.mysql.jdbc.ConnectionImpl.connectOneTryOnly(ConnectionImpl.java:2220) ~[mysql-connector-java-5.1.49.jar:5.1.49]
	at com.mysql.jdbc.ConnectionImpl.createNewIO(ConnectionImpl.java:2015) ~[mysql-connector-java-5.1.49.jar:5.1.49]
	at com.mysql.jdbc.ConnectionImpl.<init>(ConnectionImpl.java:768) ~[mysql-connector-java-5.1.49.jar:5.1.49]
	at com.mysql.jdbc.JDBC4Connection.<init>(JDBC4Connection.java:47) ~[mysql-connector-java-5.1.49.jar:5.1.49]
	at jdk.internal.reflect.NativeConstructorAccessorImpl.newInstance0(Native Method) ~[?:?]
	at jdk.internal.reflect.NativeConstructorAccessorImpl.newInstance(NativeConstructorAccessorImpl.java:77) ~[?:?]
	at jdk.internal.reflect.DelegatingConstructorAccessorImpl.newInstance(DelegatingConstructorAccessorImpl.java:45) ~[?:?]
	at java.lang.reflect.Constructor.newInstanceWithCaller(Constructor.java:499) ~[?:?]
	at java.lang.reflect.Constructor.newInstance(Constructor.java:480) ~[?:?]
	at com.mysql.jdbc.Util.handleNewInstance(Util.java:403) ~[mysql-connector-java-5.1.49.jar:5.1.49]
	at com.mysql.jdbc.ConnectionImpl.getInstance(ConnectionImpl.java:385) ~[mysql-connector-java-5.1.49.jar:5.1.49]
	at com.mysql.jdbc.NonRegisteringDriver.connect(NonRegisteringDriver.java:323) ~[mysql-connector-java-5.1.49.jar:5.1.49]
	at com.zaxxer.hikari.util.DriverDataSource.getConnection(DriverDataSource.java:138) ~[HikariCP-4.0.3.jar:?]
	at com.zaxxer.hikari.pool.PoolBase.newConnection(PoolBase.java:364) ~[HikariCP-4.0.3.jar:?]
	at com.zaxxer.hikari.pool.PoolBase.newPoolEntry(PoolBase.java:206) ~[HikariCP-4.0.3.jar:?]
	at com.zaxxer.hikari.pool.HikariPool.createPoolEntry(HikariPool.java:476) ~[HikariCP-4.0.3.jar:?]
	at com.zaxxer.hikari.pool.HikariPool.checkFailFast(HikariPool.java:561) ~[HikariCP-4.0.3.jar:?]
	at com.zaxxer.hikari.pool.HikariPool.<init>(HikariPool.java:115) ~[HikariCP-4.0.3.jar:?]
	at com.zaxxer.hikari.HikariDataSource.getConnection(HikariDataSource.java:112) ~[HikariCP-4.0.3.jar:?]
	at org.springframework.jdbc.datasource.DataSourceUtils.fetchConnection(DataSourceUtils.java:159) ~[spring-jdbc-5.3.25.jar:5.3.25]
	at org.springframework.jdbc.datasource.DataSourceUtils.doGetConnection(DataSourceUtils.java:117) ~[spring-jdbc-5.3.25.jar:5.3.25]
	at org.springframework.jdbc.datasource.DataSourceUtils.getConnection(DataSourceUtils.java:80) ~[spring-jdbc-5.3.25.jar:5.3.25]
	at org.mybatis.spring.transaction.SpringManagedTransaction.openConnection(SpringManagedTransaction.java:80) ~[mybatis-spring-2.1.0.jar:2.1.0]
	at org.mybatis.spring.transaction.SpringManagedTransaction.getConnection(SpringManagedTransaction.java:67) ~[mybatis-spring-2.1.0.jar:2.1.0]
	at org.apache.ibatis.executor.BaseExecutor.getConnection(BaseExecutor.java:337) ~[mybatis-3.5.11.jar:3.5.11]
	at org.apache.ibatis.executor.SimpleExecutor.prepareStatement(SimpleExecutor.java:86) ~[mybatis-3.5.11.jar:3.5.11]
	at org.apache.ibatis.executor.SimpleExecutor.doQuery(SimpleExecutor.java:62) ~[mybatis-3.5.11.jar:3.5.11]
	at org.apache.ibatis.executor.BaseExecutor.queryFromDatabase(BaseExecutor.java:325) ~[mybatis-3.5.11.jar:3.5.11]
	at org.apache.ibatis.executor.BaseExecutor.query(BaseExecutor.java:156) ~[mybatis-3.5.11.jar:3.5.11]
	at org.apache.ibatis.executor.CachingExecutor.query(CachingExecutor.java:109) ~[mybatis-3.5.11.jar:3.5.11]
	at com.github.pagehelper.PageInterceptor.intercept(PageInterceptor.java:151) ~[pagehelper-5.3.2.jar:?]
	at org.apache.ibatis.plugin.Plugin.invoke(Plugin.java:62) ~[mybatis-3.5.11.jar:3.5.11]
	at jdk.proxy2.$Proxy131.query(Unknown Source) ~[?:?]
	at org.apache.ibatis.session.defaults.DefaultSqlSession.selectList(DefaultSqlSession.java:151) ~[mybatis-3.5.11.jar:3.5.11]
	at org.apache.ibatis.session.defaults.DefaultSqlSession.selectList(DefaultSqlSession.java:145) ~[mybatis-3.5.11.jar:3.5.11]
	at org.apache.ibatis.session.defaults.DefaultSqlSession.selectList(DefaultSqlSession.java:140) ~[mybatis-3.5.11.jar:3.5.11]
	at jdk.internal.reflect.NativeMethodAccessorImpl.invoke0(Native Method) ~[?:?]
	at jdk.internal.reflect.NativeMethodAccessorImpl.invoke(NativeMethodAccessorImpl.java:77) ~[?:?]
	at jdk.internal.reflect.DelegatingMethodAccessorImpl.invoke(DelegatingMethodAccessorImpl.java:43) ~[?:?]
	at java.lang.reflect.Method.invoke(Method.java:568) ~[?:?]
	at org.mybatis.spring.SqlSessionTemplate$SqlSessionInterceptor.invoke(SqlSessionTemplate.java:425) ~[mybatis-spring-2.1.0.jar:2.1.0]
	at jdk.proxy2.$Proxy92.selectList(Unknown Source) ~[?:?]
	at org.mybatis.spring.SqlSessionTemplate.selectList(SqlSessionTemplate.java:224) ~[mybatis-spring-2.1.0.jar:2.1.0]
	at org.apache.ibatis.binding.MapperMethod.executeForMany(MapperMethod.java:147) ~[mybatis-3.5.11.jar:3.5.11]
	at org.apache.ibatis.binding.MapperMethod.execute(MapperMethod.java:80) ~[mybatis-3.5.11.jar:3.5.11]
	at org.apache.ibatis.binding.MapperProxy$PlainMethodInvoker.invoke(MapperProxy.java:145) ~[mybatis-3.5.11.jar:3.5.11]
	at org.apache.ibatis.binding.MapperProxy.invoke(MapperProxy.java:86) ~[mybatis-3.5.11.jar:3.5.11]
	at jdk.proxy3.$Proxy110.getUserList(Unknown Source) ~[?:?]
	at ma.com.serviceImp.UserServiceImp.getAllUser(UserServiceImp.java:19) ~[classes/:?]
	at ma.com.controller.UserController.getAllUser(UserController.java:103) ~[classes/:?]
	at jdk.internal.reflect.NativeMethodAccessorImpl.invoke0(Native Method) ~[?:?]
	at jdk.internal.reflect.NativeMethodAccessorImpl.invoke(NativeMethodAccessorImpl.java:77) ~[?:?]
	at jdk.internal.reflect.DelegatingMethodAccessorImpl.invoke(DelegatingMethodAccessorImpl.java:43) ~[?:?]
	at java.lang.reflect.Method.invoke(Method.java:568) ~[?:?]
	at org.springframework.web.method.support.InvocableHandlerMethod.doInvoke(InvocableHandlerMethod.java:205) ~[spring-web-5.3.25.jar:5.3.25]
	at org.springframework.web.method.support.InvocableHandlerMethod.invokeForRequest(InvocableHandlerMethod.java:150) ~[spring-web-5.3.25.jar:5.3.25]
	at org.springframework.web.servlet.mvc.method.annotation.ServletInvocableHandlerMethod.invokeAndHandle(ServletInvocableHandlerMethod.java:117) ~[spring-webmvc-5.3.25.jar:5.3.25]
	at org.springframework.web.servlet.mvc.method.annotation.RequestMappingHandlerAdapter.invokeHandlerMethod(RequestMappingHandlerAdapter.java:895) ~[spring-webmvc-5.3.25.jar:5.3.25]
	at org.springframework.web.servlet.mvc.method.annotation.RequestMappingHandlerAdapter.handleInternal(RequestMappingHandlerAdapter.java:808) ~[spring-webmvc-5.3.25.jar:5.3.25]
	at org.springframework.web.servlet.mvc.method.AbstractHandlerMethodAdapter.handle(AbstractHandlerMethodAdapter.java:87) ~[spring-webmvc-5.3.25.jar:5.3.25]
	at org.springframework.web.servlet.DispatcherServlet.doDispatch(DispatcherServlet.java:1071) ~[spring-webmvc-5.3.25.jar:5.3.25]
	at org.springframework.web.servlet.DispatcherServlet.doService(DispatcherServlet.java:964) ~[spring-webmvc-5.3.25.jar:5.3.25]
	at org.springframework.web.servlet.FrameworkServlet.processRequest(FrameworkServlet.java:1006) ~[spring-webmvc-5.3.25.jar:5.3.25]
	at org.springframework.web.servlet.FrameworkServlet.doGet(FrameworkServlet.java:898) ~[spring-webmvc-5.3.25.jar:5.3.25]
	at javax.servlet.http.HttpServlet.service(HttpServlet.java:670) ~[tomcat-embed-core-9.0.71.jar:4.0.FR]
	at org.springframework.web.servlet.FrameworkServlet.service(FrameworkServlet.java:883) ~[spring-webmvc-5.3.25.jar:5.3.25]
	at javax.servlet.http.HttpServlet.service(HttpServlet.java:779) ~[tomcat-embed-core-9.0.71.jar:4.0.FR]
	at org.apache.catalina.core.ApplicationFilterChain.internalDoFilter(ApplicationFilterChain.java:227) ~[tomcat-embed-core-9.0.71.jar:9.0.71]
	at org.apache.catalina.core.ApplicationFilterChain.doFilter(ApplicationFilterChain.java:162) ~[tomcat-embed-core-9.0.71.jar:9.0.71]
	at org.apache.tomcat.websocket.server.WsFilter.doFilter(WsFilter.java:53) ~[tomcat-embed-websocket-9.0.71.jar:9.0.71]
	at org.apache.catalina.core.ApplicationFilterChain.internalDoFilter(ApplicationFilterChain.java:189) ~[tomcat-embed-core-9.0.71.jar:9.0.71]
	at org.apache.catalina.core.ApplicationFilterChain.doFilter(ApplicationFilterChain.java:162) ~[tomcat-embed-core-9.0.71.jar:9.0.71]
	at org.springframework.web.filter.RequestContextFilter.doFilterInternal(RequestContextFilter.java:100) ~[spring-web-5.3.25.jar:5.3.25]
	at org.springframework.web.filter.OncePerRequestFilter.doFilter(OncePerRequestFilter.java:117) ~[spring-web-5.3.25.jar:5.3.25]
	at org.apache.catalina.core.ApplicationFilterChain.internalDoFilter(ApplicationFilterChain.java:189) ~[tomcat-embed-core-9.0.71.jar:9.0.71]
	at org.apache.catalina.core.ApplicationFilterChain.doFilter(ApplicationFilterChain.java:162) ~[tomcat-embed-core-9.0.71.jar:9.0.71]
	at org.springframework.web.filter.FormContentFilter.doFilterInternal(FormContentFilter.java:93) ~[spring-web-5.3.25.jar:5.3.25]
	at org.springframework.web.filter.OncePerRequestFilter.doFilter(OncePerRequestFilter.java:117) ~[spring-web-5.3.25.jar:5.3.25]
	at org.apache.catalina.core.ApplicationFilterChain.internalDoFilter(ApplicationFilterChain.java:189) ~[tomcat-embed-core-9.0.71.jar:9.0.71]
	at org.apache.catalina.core.ApplicationFilterChain.doFilter(ApplicationFilterChain.java:162) ~[tomcat-embed-core-9.0.71.jar:9.0.71]
	at org.springframework.web.filter.CharacterEncodingFilter.doFilterInternal(CharacterEncodingFilter.java:201) ~[spring-web-5.3.25.jar:5.3.25]
	at org.springframework.web.filter.OncePerRequestFilter.doFilter(OncePerRequestFilter.java:117) ~[spring-web-5.3.25.jar:5.3.25]
	at org.apache.catalina.core.ApplicationFilterChain.internalDoFilter(ApplicationFilterChain.java:189) ~[tomcat-embed-core-9.0.71.jar:9.0.71]
	at org.apache.catalina.core.ApplicationFilterChain.doFilter(ApplicationFilterChain.java:162) ~[tomcat-embed-core-9.0.71.jar:9.0.71]
	at org.apache.catalina.core.StandardWrapperValve.invoke(StandardWrapperValve.java:177) ~[tomcat-embed-core-9.0.71.jar:9.0.71]
	at org.apache.catalina.core.StandardContextValve.invoke(StandardContextValve.java:97) ~[tomcat-embed-core-9.0.71.jar:9.0.71]
	at org.apache.catalina.authenticator.AuthenticatorBase.invoke(AuthenticatorBase.java:541) ~[tomcat-embed-core-9.0.71.jar:9.0.71]
	at org.apache.catalina.core.StandardHostValve.invoke(StandardHostValve.java:135) ~[tomcat-embed-core-9.0.71.jar:9.0.71]
	at org.apache.catalina.valves.ErrorReportValve.invoke(ErrorReportValve.java:92) ~[tomcat-embed-core-9.0.71.jar:9.0.71]
	at org.apache.catalina.core.StandardEngineValve.invoke(StandardEngineValve.java:78) ~[tomcat-embed-core-9.0.71.jar:9.0.71]
	at org.apache.catalina.connector.CoyoteAdapter.service(CoyoteAdapter.java:360) ~[tomcat-embed-core-9.0.71.jar:9.0.71]
	at org.apache.coyote.http11.Http11Processor.service(Http11Processor.java:399) ~[tomcat-embed-core-9.0.71.jar:9.0.71]
	at org.apache.coyote.AbstractProcessorLight.process(AbstractProcessorLight.java:65) ~[tomcat-embed-core-9.0.71.jar:9.0.71]
	at org.apache.coyote.AbstractProtocol$ConnectionHandler.process(AbstractProtocol.java:891) ~[tomcat-embed-core-9.0.71.jar:9.0.71]
	at org.apache.tomcat.util.net.NioEndpoint$SocketProcessor.doRun(NioEndpoint.java:1784) ~[tomcat-embed-core-9.0.71.jar:9.0.71]
	at org.apache.tomcat.util.net.SocketProcessorBase.run(SocketProcessorBase.java:49) ~[tomcat-embed-core-9.0.71.jar:9.0.71]
	at org.apache.tomcat.util.threads.ThreadPoolExecutor.runWorker(ThreadPoolExecutor.java:1191) ~[tomcat-embed-core-9.0.71.jar:9.0.71]
	at org.apache.tomcat.util.threads.ThreadPoolExecutor$Worker.run(ThreadPoolExecutor.java:659) ~[tomcat-embed-core-9.0.71.jar:9.0.71]
	at org.apache.tomcat.util.threads.TaskThread$WrappingRunnable.run(TaskThread.java:61) ~[tomcat-embed-core-9.0.71.jar:9.0.71]
	at java.lang.Thread.run(Thread.java:840) ~[?:?]
Caused by: java.net.ConnectException: Connection timed out: getsockopt
	at sun.nio.ch.Net.pollConnect(Native Method) ~[?:?]
	at sun.nio.ch.Net.pollConnectNow(Net.java:672) ~[?:?]
	at sun.nio.ch.NioSocketImpl.timedFinishConnect(NioSocketImpl.java:554) ~[?:?]
	at sun.nio.ch.NioSocketImpl.connect(NioSocketImpl.java:602) ~[?:?]
	at java.net.SocksSocketImpl.connect(SocksSocketImpl.java:327) ~[?:?]
	at java.net.Socket.connect(Socket.java:633) ~[?:?]
	at com.mysql.jdbc.StandardSocketFactory.connect(StandardSocketFactory.java:211) ~[mysql-connector-java-5.1.49.jar:5.1.49]
	at com.mysql.jdbc.MysqlIO.<init>(MysqlIO.java:299) ~[mysql-connector-java-5.1.49.jar:5.1.49]
	... 101 more
[2025-03-27 09:51:08:142] [ERROR] - org.apache.juli.logging.DirectJDKLog.log(DirectJDKLog.java:175) - Servlet.service() for servlet [dispatcherServlet] in context with path [] threw exception [Request processing failed; nested exception is org.mybatis.spring.MyBatisSystemException: nested exception is org.apache.ibatis.exceptions.PersistenceException: 
### Error querying database.  Cause: org.springframework.jdbc.CannotGetJdbcConnectionException: Failed to obtain JDBC Connection; nested exception is com.mysql.jdbc.exceptions.jdbc4.CommunicationsException: Communications link failure

The last packet sent successfully to the server was 0 milliseconds ago. The driver has not received any packets from the server.
### The error may exist in file [E:\computer2\computer1\ifly\target\classes\mapper\userMapper.xml]
### The error may involve ma.com.mapper.UserMapper.getUserList
### The error occurred while executing a query
### Cause: org.springframework.jdbc.CannotGetJdbcConnectionException: Failed to obtain JDBC Connection; nested exception is com.mysql.jdbc.exceptions.jdbc4.CommunicationsException: Communications link failure

The last packet sent successfully to the server was 0 milliseconds ago. The driver has not received any packets from the server.] with root cause
java.net.ConnectException: Connection timed out: getsockopt
	at sun.nio.ch.Net.pollConnect(Native Method) ~[?:?]
	at sun.nio.ch.Net.pollConnectNow(Net.java:672) ~[?:?]
	at sun.nio.ch.NioSocketImpl.timedFinishConnect(NioSocketImpl.java:554) ~[?:?]
	at sun.nio.ch.NioSocketImpl.connect(NioSocketImpl.java:602) ~[?:?]
	at java.net.SocksSocketImpl.connect(SocksSocketImpl.java:327) ~[?:?]
	at java.net.Socket.connect(Socket.java:633) ~[?:?]
	at com.mysql.jdbc.StandardSocketFactory.connect(StandardSocketFactory.java:211) ~[mysql-connector-java-5.1.49.jar:5.1.49]
	at com.mysql.jdbc.MysqlIO.<init>(MysqlIO.java:299) ~[mysql-connector-java-5.1.49.jar:5.1.49]
	at com.mysql.jdbc.ConnectionImpl.coreConnect(ConnectionImpl.java:2187) ~[mysql-connector-java-5.1.49.jar:5.1.49]
	at com.mysql.jdbc.ConnectionImpl.connectOneTryOnly(ConnectionImpl.java:2220) ~[mysql-connector-java-5.1.49.jar:5.1.49]
	at com.mysql.jdbc.ConnectionImpl.createNewIO(ConnectionImpl.java:2015) ~[mysql-connector-java-5.1.49.jar:5.1.49]
	at com.mysql.jdbc.ConnectionImpl.<init>(ConnectionImpl.java:768) ~[mysql-connector-java-5.1.49.jar:5.1.49]
	at com.mysql.jdbc.JDBC4Connection.<init>(JDBC4Connection.java:47) ~[mysql-connector-java-5.1.49.jar:5.1.49]
	at jdk.internal.reflect.NativeConstructorAccessorImpl.newInstance0(Native Method) ~[?:?]
	at jdk.internal.reflect.NativeConstructorAccessorImpl.newInstance(NativeConstructorAccessorImpl.java:77) ~[?:?]
	at jdk.internal.reflect.DelegatingConstructorAccessorImpl.newInstance(DelegatingConstructorAccessorImpl.java:45) ~[?:?]
	at java.lang.reflect.Constructor.newInstanceWithCaller(Constructor.java:499) ~[?:?]
	at java.lang.reflect.Constructor.newInstance(Constructor.java:480) ~[?:?]
	at com.mysql.jdbc.Util.handleNewInstance(Util.java:403) ~[mysql-connector-java-5.1.49.jar:5.1.49]
	at com.mysql.jdbc.ConnectionImpl.getInstance(ConnectionImpl.java:385) ~[mysql-connector-java-5.1.49.jar:5.1.49]
	at com.mysql.jdbc.NonRegisteringDriver.connect(NonRegisteringDriver.java:323) ~[mysql-connector-java-5.1.49.jar:5.1.49]
	at com.zaxxer.hikari.util.DriverDataSource.getConnection(DriverDataSource.java:138) ~[HikariCP-4.0.3.jar:?]
	at com.zaxxer.hikari.pool.PoolBase.newConnection(PoolBase.java:364) ~[HikariCP-4.0.3.jar:?]
	at com.zaxxer.hikari.pool.PoolBase.newPoolEntry(PoolBase.java:206) ~[HikariCP-4.0.3.jar:?]
	at com.zaxxer.hikari.pool.HikariPool.createPoolEntry(HikariPool.java:476) ~[HikariCP-4.0.3.jar:?]
	at com.zaxxer.hikari.pool.HikariPool.checkFailFast(HikariPool.java:561) ~[HikariCP-4.0.3.jar:?]
	at com.zaxxer.hikari.pool.HikariPool.<init>(HikariPool.java:115) ~[HikariCP-4.0.3.jar:?]
	at com.zaxxer.hikari.HikariDataSource.getConnection(HikariDataSource.java:112) ~[HikariCP-4.0.3.jar:?]
	at org.springframework.jdbc.datasource.DataSourceUtils.fetchConnection(DataSourceUtils.java:159) ~[spring-jdbc-5.3.25.jar:5.3.25]
	at org.springframework.jdbc.datasource.DataSourceUtils.doGetConnection(DataSourceUtils.java:117) ~[spring-jdbc-5.3.25.jar:5.3.25]
	at org.springframework.jdbc.datasource.DataSourceUtils.getConnection(DataSourceUtils.java:80) ~[spring-jdbc-5.3.25.jar:5.3.25]
	at org.mybatis.spring.transaction.SpringManagedTransaction.openConnection(SpringManagedTransaction.java:80) ~[mybatis-spring-2.1.0.jar:2.1.0]
	at org.mybatis.spring.transaction.SpringManagedTransaction.getConnection(SpringManagedTransaction.java:67) ~[mybatis-spring-2.1.0.jar:2.1.0]
	at org.apache.ibatis.executor.BaseExecutor.getConnection(BaseExecutor.java:337) ~[mybatis-3.5.11.jar:3.5.11]
	at org.apache.ibatis.executor.SimpleExecutor.prepareStatement(SimpleExecutor.java:86) ~[mybatis-3.5.11.jar:3.5.11]
	at org.apache.ibatis.executor.SimpleExecutor.doQuery(SimpleExecutor.java:62) ~[mybatis-3.5.11.jar:3.5.11]
	at org.apache.ibatis.executor.BaseExecutor.queryFromDatabase(BaseExecutor.java:325) ~[mybatis-3.5.11.jar:3.5.11]
	at org.apache.ibatis.executor.BaseExecutor.query(BaseExecutor.java:156) ~[mybatis-3.5.11.jar:3.5.11]
	at org.apache.ibatis.executor.CachingExecutor.query(CachingExecutor.java:109) ~[mybatis-3.5.11.jar:3.5.11]
	at com.github.pagehelper.PageInterceptor.intercept(PageInterceptor.java:151) ~[pagehelper-5.3.2.jar:?]
	at org.apache.ibatis.plugin.Plugin.invoke(Plugin.java:62) ~[mybatis-3.5.11.jar:3.5.11]
	at jdk.proxy2.$Proxy131.query(Unknown Source) ~[?:?]
	at org.apache.ibatis.session.defaults.DefaultSqlSession.selectList(DefaultSqlSession.java:151) ~[mybatis-3.5.11.jar:3.5.11]
	at org.apache.ibatis.session.defaults.DefaultSqlSession.selectList(DefaultSqlSession.java:145) ~[mybatis-3.5.11.jar:3.5.11]
	at org.apache.ibatis.session.defaults.DefaultSqlSession.selectList(DefaultSqlSession.java:140) ~[mybatis-3.5.11.jar:3.5.11]
	at jdk.internal.reflect.NativeMethodAccessorImpl.invoke0(Native Method) ~[?:?]
	at jdk.internal.reflect.NativeMethodAccessorImpl.invoke(NativeMethodAccessorImpl.java:77) ~[?:?]
	at jdk.internal.reflect.DelegatingMethodAccessorImpl.invoke(DelegatingMethodAccessorImpl.java:43) ~[?:?]
	at java.lang.reflect.Method.invoke(Method.java:568) ~[?:?]
	at org.mybatis.spring.SqlSessionTemplate$SqlSessionInterceptor.invoke(SqlSessionTemplate.java:425) ~[mybatis-spring-2.1.0.jar:2.1.0]
	at jdk.proxy2.$Proxy92.selectList(Unknown Source) ~[?:?]
	at org.mybatis.spring.SqlSessionTemplate.selectList(SqlSessionTemplate.java:224) ~[mybatis-spring-2.1.0.jar:2.1.0]
	at org.apache.ibatis.binding.MapperMethod.executeForMany(MapperMethod.java:147) ~[mybatis-3.5.11.jar:3.5.11]
	at org.apache.ibatis.binding.MapperMethod.execute(MapperMethod.java:80) ~[mybatis-3.5.11.jar:3.5.11]
	at org.apache.ibatis.binding.MapperProxy$PlainMethodInvoker.invoke(MapperProxy.java:145) ~[mybatis-3.5.11.jar:3.5.11]
	at org.apache.ibatis.binding.MapperProxy.invoke(MapperProxy.java:86) ~[mybatis-3.5.11.jar:3.5.11]
	at jdk.proxy3.$Proxy110.getUserList(Unknown Source) ~[?:?]
	at ma.com.serviceImp.UserServiceImp.getAllUser(UserServiceImp.java:19) ~[classes/:?]
	at ma.com.controller.UserController.getAllUser(UserController.java:103) ~[classes/:?]
	at jdk.internal.reflect.NativeMethodAccessorImpl.invoke0(Native Method) ~[?:?]
	at jdk.internal.reflect.NativeMethodAccessorImpl.invoke(NativeMethodAccessorImpl.java:77) ~[?:?]
	at jdk.internal.reflect.DelegatingMethodAccessorImpl.invoke(DelegatingMethodAccessorImpl.java:43) ~[?:?]
	at java.lang.reflect.Method.invoke(Method.java:568) ~[?:?]
	at org.springframework.web.method.support.InvocableHandlerMethod.doInvoke(InvocableHandlerMethod.java:205) ~[spring-web-5.3.25.jar:5.3.25]
	at org.springframework.web.method.support.InvocableHandlerMethod.invokeForRequest(InvocableHandlerMethod.java:150) ~[spring-web-5.3.25.jar:5.3.25]
	at org.springframework.web.servlet.mvc.method.annotation.ServletInvocableHandlerMethod.invokeAndHandle(ServletInvocableHandlerMethod.java:117) ~[spring-webmvc-5.3.25.jar:5.3.25]
	at org.springframework.web.servlet.mvc.method.annotation.RequestMappingHandlerAdapter.invokeHandlerMethod(RequestMappingHandlerAdapter.java:895) ~[spring-webmvc-5.3.25.jar:5.3.25]
	at org.springframework.web.servlet.mvc.method.annotation.RequestMappingHandlerAdapter.handleInternal(RequestMappingHandlerAdapter.java:808) ~[spring-webmvc-5.3.25.jar:5.3.25]
	at org.springframework.web.servlet.mvc.method.AbstractHandlerMethodAdapter.handle(AbstractHandlerMethodAdapter.java:87) ~[spring-webmvc-5.3.25.jar:5.3.25]
	at org.springframework.web.servlet.DispatcherServlet.doDispatch(DispatcherServlet.java:1071) ~[spring-webmvc-5.3.25.jar:5.3.25]
	at org.springframework.web.servlet.DispatcherServlet.doService(DispatcherServlet.java:964) ~[spring-webmvc-5.3.25.jar:5.3.25]
	at org.springframework.web.servlet.FrameworkServlet.processRequest(FrameworkServlet.java:1006) ~[spring-webmvc-5.3.25.jar:5.3.25]
	at org.springframework.web.servlet.FrameworkServlet.doGet(FrameworkServlet.java:898) ~[spring-webmvc-5.3.25.jar:5.3.25]
	at javax.servlet.http.HttpServlet.service(HttpServlet.java:670) ~[tomcat-embed-core-9.0.71.jar:4.0.FR]
	at org.springframework.web.servlet.FrameworkServlet.service(FrameworkServlet.java:883) ~[spring-webmvc-5.3.25.jar:5.3.25]
	at javax.servlet.http.HttpServlet.service(HttpServlet.java:779) ~[tomcat-embed-core-9.0.71.jar:4.0.FR]
	at org.apache.catalina.core.ApplicationFilterChain.internalDoFilter(ApplicationFilterChain.java:227) ~[tomcat-embed-core-9.0.71.jar:9.0.71]
	at org.apache.catalina.core.ApplicationFilterChain.doFilter(ApplicationFilterChain.java:162) ~[tomcat-embed-core-9.0.71.jar:9.0.71]
	at org.apache.tomcat.websocket.server.WsFilter.doFilter(WsFilter.java:53) ~[tomcat-embed-websocket-9.0.71.jar:9.0.71]
	at org.apache.catalina.core.ApplicationFilterChain.internalDoFilter(ApplicationFilterChain.java:189) ~[tomcat-embed-core-9.0.71.jar:9.0.71]
	at org.apache.catalina.core.ApplicationFilterChain.doFilter(ApplicationFilterChain.java:162) ~[tomcat-embed-core-9.0.71.jar:9.0.71]
	at org.springframework.web.filter.RequestContextFilter.doFilterInternal(RequestContextFilter.java:100) ~[spring-web-5.3.25.jar:5.3.25]
	at org.springframework.web.filter.OncePerRequestFilter.doFilter(OncePerRequestFilter.java:117) ~[spring-web-5.3.25.jar:5.3.25]
	at org.apache.catalina.core.ApplicationFilterChain.internalDoFilter(ApplicationFilterChain.java:189) ~[tomcat-embed-core-9.0.71.jar:9.0.71]
	at org.apache.catalina.core.ApplicationFilterChain.doFilter(ApplicationFilterChain.java:162) ~[tomcat-embed-core-9.0.71.jar:9.0.71]
	at org.springframework.web.filter.FormContentFilter.doFilterInternal(FormContentFilter.java:93) ~[spring-web-5.3.25.jar:5.3.25]
	at org.springframework.web.filter.OncePerRequestFilter.doFilter(OncePerRequestFilter.java:117) ~[spring-web-5.3.25.jar:5.3.25]
	at org.apache.catalina.core.ApplicationFilterChain.internalDoFilter(ApplicationFilterChain.java:189) ~[tomcat-embed-core-9.0.71.jar:9.0.71]
	at org.apache.catalina.core.ApplicationFilterChain.doFilter(ApplicationFilterChain.java:162) ~[tomcat-embed-core-9.0.71.jar:9.0.71]
	at org.springframework.web.filter.CharacterEncodingFilter.doFilterInternal(CharacterEncodingFilter.java:201) ~[spring-web-5.3.25.jar:5.3.25]
	at org.springframework.web.filter.OncePerRequestFilter.doFilter(OncePerRequestFilter.java:117) ~[spring-web-5.3.25.jar:5.3.25]
	at org.apache.catalina.core.ApplicationFilterChain.internalDoFilter(ApplicationFilterChain.java:189) ~[tomcat-embed-core-9.0.71.jar:9.0.71]
	at org.apache.catalina.core.ApplicationFilterChain.doFilter(ApplicationFilterChain.java:162) ~[tomcat-embed-core-9.0.71.jar:9.0.71]
	at org.apache.catalina.core.StandardWrapperValve.invoke(StandardWrapperValve.java:177) ~[tomcat-embed-core-9.0.71.jar:9.0.71]
	at org.apache.catalina.core.StandardContextValve.invoke(StandardContextValve.java:97) ~[tomcat-embed-core-9.0.71.jar:9.0.71]
	at org.apache.catalina.authenticator.AuthenticatorBase.invoke(AuthenticatorBase.java:541) ~[tomcat-embed-core-9.0.71.jar:9.0.71]
	at org.apache.catalina.core.StandardHostValve.invoke(StandardHostValve.java:135) ~[tomcat-embed-core-9.0.71.jar:9.0.71]
	at org.apache.catalina.valves.ErrorReportValve.invoke(ErrorReportValve.java:92) ~[tomcat-embed-core-9.0.71.jar:9.0.71]
	at org.apache.catalina.core.StandardEngineValve.invoke(StandardEngineValve.java:78) ~[tomcat-embed-core-9.0.71.jar:9.0.71]
	at org.apache.catalina.connector.CoyoteAdapter.service(CoyoteAdapter.java:360) ~[tomcat-embed-core-9.0.71.jar:9.0.71]
	at org.apache.coyote.http11.Http11Processor.service(Http11Processor.java:399) ~[tomcat-embed-core-9.0.71.jar:9.0.71]
	at org.apache.coyote.AbstractProcessorLight.process(AbstractProcessorLight.java:65) ~[tomcat-embed-core-9.0.71.jar:9.0.71]
	at org.apache.coyote.AbstractProtocol$ConnectionHandler.process(AbstractProtocol.java:891) ~[tomcat-embed-core-9.0.71.jar:9.0.71]
	at org.apache.tomcat.util.net.NioEndpoint$SocketProcessor.doRun(NioEndpoint.java:1784) ~[tomcat-embed-core-9.0.71.jar:9.0.71]
	at org.apache.tomcat.util.net.SocketProcessorBase.run(SocketProcessorBase.java:49) ~[tomcat-embed-core-9.0.71.jar:9.0.71]
	at org.apache.tomcat.util.threads.ThreadPoolExecutor.runWorker(ThreadPoolExecutor.java:1191) ~[tomcat-embed-core-9.0.71.jar:9.0.71]
	at org.apache.tomcat.util.threads.ThreadPoolExecutor$Worker.run(ThreadPoolExecutor.java:659) ~[tomcat-embed-core-9.0.71.jar:9.0.71]
	at org.apache.tomcat.util.threads.TaskThread$WrappingRunnable.run(TaskThread.java:61) ~[tomcat-embed-core-9.0.71.jar:9.0.71]
	at java.lang.Thread.run(Thread.java:840) ~[?:?]
[2025-03-27 09:51:30:196] [ERROR] - com.zaxxer.hikari.pool.HikariPool.throwPoolInitializationException(HikariPool.java:594) - HikariPool-1 - Exception during pool initialization.
com.mysql.jdbc.exceptions.jdbc4.CommunicationsException: Communications link failure

The last packet sent successfully to the server was 0 milliseconds ago. The driver has not received any packets from the server.
	at jdk.internal.reflect.NativeConstructorAccessorImpl.newInstance0(Native Method) ~[?:?]
	at jdk.internal.reflect.NativeConstructorAccessorImpl.newInstance(NativeConstructorAccessorImpl.java:77) ~[?:?]
	at jdk.internal.reflect.DelegatingConstructorAccessorImpl.newInstance(DelegatingConstructorAccessorImpl.java:45) ~[?:?]
	at java.lang.reflect.Constructor.newInstanceWithCaller(Constructor.java:499) ~[?:?]
	at java.lang.reflect.Constructor.newInstance(Constructor.java:480) ~[?:?]
	at com.mysql.jdbc.Util.handleNewInstance(Util.java:403) ~[mysql-connector-java-5.1.49.jar:5.1.49]
	at com.mysql.jdbc.SQLError.createCommunicationsException(SQLError.java:990) ~[mysql-connector-java-5.1.49.jar:5.1.49]
	at com.mysql.jdbc.MysqlIO.<init>(MysqlIO.java:335) ~[mysql-connector-java-5.1.49.jar:5.1.49]
	at com.mysql.jdbc.ConnectionImpl.coreConnect(ConnectionImpl.java:2187) ~[mysql-connector-java-5.1.49.jar:5.1.49]
	at com.mysql.jdbc.ConnectionImpl.connectOneTryOnly(ConnectionImpl.java:2220) ~[mysql-connector-java-5.1.49.jar:5.1.49]
	at com.mysql.jdbc.ConnectionImpl.createNewIO(ConnectionImpl.java:2015) ~[mysql-connector-java-5.1.49.jar:5.1.49]
	at com.mysql.jdbc.ConnectionImpl.<init>(ConnectionImpl.java:768) ~[mysql-connector-java-5.1.49.jar:5.1.49]
	at com.mysql.jdbc.JDBC4Connection.<init>(JDBC4Connection.java:47) ~[mysql-connector-java-5.1.49.jar:5.1.49]
	at jdk.internal.reflect.NativeConstructorAccessorImpl.newInstance0(Native Method) ~[?:?]
	at jdk.internal.reflect.NativeConstructorAccessorImpl.newInstance(NativeConstructorAccessorImpl.java:77) ~[?:?]
	at jdk.internal.reflect.DelegatingConstructorAccessorImpl.newInstance(DelegatingConstructorAccessorImpl.java:45) ~[?:?]
	at java.lang.reflect.Constructor.newInstanceWithCaller(Constructor.java:499) ~[?:?]
	at java.lang.reflect.Constructor.newInstance(Constructor.java:480) ~[?:?]
	at com.mysql.jdbc.Util.handleNewInstance(Util.java:403) ~[mysql-connector-java-5.1.49.jar:5.1.49]
	at com.mysql.jdbc.ConnectionImpl.getInstance(ConnectionImpl.java:385) ~[mysql-connector-java-5.1.49.jar:5.1.49]
	at com.mysql.jdbc.NonRegisteringDriver.connect(NonRegisteringDriver.java:323) ~[mysql-connector-java-5.1.49.jar:5.1.49]
	at com.zaxxer.hikari.util.DriverDataSource.getConnection(DriverDataSource.java:138) ~[HikariCP-4.0.3.jar:?]
	at com.zaxxer.hikari.pool.PoolBase.newConnection(PoolBase.java:364) ~[HikariCP-4.0.3.jar:?]
	at com.zaxxer.hikari.pool.PoolBase.newPoolEntry(PoolBase.java:206) ~[HikariCP-4.0.3.jar:?]
	at com.zaxxer.hikari.pool.HikariPool.createPoolEntry(HikariPool.java:476) ~[HikariCP-4.0.3.jar:?]
	at com.zaxxer.hikari.pool.HikariPool.checkFailFast(HikariPool.java:561) ~[HikariCP-4.0.3.jar:?]
	at com.zaxxer.hikari.pool.HikariPool.<init>(HikariPool.java:115) ~[HikariCP-4.0.3.jar:?]
	at com.zaxxer.hikari.HikariDataSource.getConnection(HikariDataSource.java:112) ~[HikariCP-4.0.3.jar:?]
	at org.springframework.jdbc.datasource.DataSourceUtils.fetchConnection(DataSourceUtils.java:159) ~[spring-jdbc-5.3.25.jar:5.3.25]
	at org.springframework.jdbc.datasource.DataSourceUtils.doGetConnection(DataSourceUtils.java:117) ~[spring-jdbc-5.3.25.jar:5.3.25]
	at org.springframework.jdbc.datasource.DataSourceUtils.getConnection(DataSourceUtils.java:80) ~[spring-jdbc-5.3.25.jar:5.3.25]
	at org.mybatis.spring.transaction.SpringManagedTransaction.openConnection(SpringManagedTransaction.java:80) ~[mybatis-spring-2.1.0.jar:2.1.0]
	at org.mybatis.spring.transaction.SpringManagedTransaction.getConnection(SpringManagedTransaction.java:67) ~[mybatis-spring-2.1.0.jar:2.1.0]
	at org.apache.ibatis.executor.BaseExecutor.getConnection(BaseExecutor.java:337) ~[mybatis-3.5.11.jar:3.5.11]
	at org.apache.ibatis.executor.SimpleExecutor.prepareStatement(SimpleExecutor.java:86) ~[mybatis-3.5.11.jar:3.5.11]
	at org.apache.ibatis.executor.SimpleExecutor.doQuery(SimpleExecutor.java:62) ~[mybatis-3.5.11.jar:3.5.11]
	at org.apache.ibatis.executor.BaseExecutor.queryFromDatabase(BaseExecutor.java:325) ~[mybatis-3.5.11.jar:3.5.11]
	at org.apache.ibatis.executor.BaseExecutor.query(BaseExecutor.java:156) ~[mybatis-3.5.11.jar:3.5.11]
	at org.apache.ibatis.executor.CachingExecutor.query(CachingExecutor.java:109) ~[mybatis-3.5.11.jar:3.5.11]
	at com.github.pagehelper.PageInterceptor.intercept(PageInterceptor.java:151) ~[pagehelper-5.3.2.jar:?]
	at org.apache.ibatis.plugin.Plugin.invoke(Plugin.java:62) ~[mybatis-3.5.11.jar:3.5.11]
	at jdk.proxy2.$Proxy131.query(Unknown Source) ~[?:?]
	at org.apache.ibatis.session.defaults.DefaultSqlSession.selectList(DefaultSqlSession.java:151) ~[mybatis-3.5.11.jar:3.5.11]
	at org.apache.ibatis.session.defaults.DefaultSqlSession.selectList(DefaultSqlSession.java:145) ~[mybatis-3.5.11.jar:3.5.11]
	at org.apache.ibatis.session.defaults.DefaultSqlSession.selectList(DefaultSqlSession.java:140) ~[mybatis-3.5.11.jar:3.5.11]
	at jdk.internal.reflect.NativeMethodAccessorImpl.invoke0(Native Method) ~[?:?]
	at jdk.internal.reflect.NativeMethodAccessorImpl.invoke(NativeMethodAccessorImpl.java:77) ~[?:?]
	at jdk.internal.reflect.DelegatingMethodAccessorImpl.invoke(DelegatingMethodAccessorImpl.java:43) ~[?:?]
	at java.lang.reflect.Method.invoke(Method.java:568) ~[?:?]
	at org.mybatis.spring.SqlSessionTemplate$SqlSessionInterceptor.invoke(SqlSessionTemplate.java:425) ~[mybatis-spring-2.1.0.jar:2.1.0]
	at jdk.proxy2.$Proxy92.selectList(Unknown Source) ~[?:?]
	at org.mybatis.spring.SqlSessionTemplate.selectList(SqlSessionTemplate.java:224) ~[mybatis-spring-2.1.0.jar:2.1.0]
	at org.apache.ibatis.binding.MapperMethod.executeForMany(MapperMethod.java:147) ~[mybatis-3.5.11.jar:3.5.11]
	at org.apache.ibatis.binding.MapperMethod.execute(MapperMethod.java:80) ~[mybatis-3.5.11.jar:3.5.11]
	at org.apache.ibatis.binding.MapperProxy$PlainMethodInvoker.invoke(MapperProxy.java:145) ~[mybatis-3.5.11.jar:3.5.11]
	at org.apache.ibatis.binding.MapperProxy.invoke(MapperProxy.java:86) ~[mybatis-3.5.11.jar:3.5.11]
	at jdk.proxy3.$Proxy103.getCourseByCategory(Unknown Source) ~[?:?]
	at ma.com.serviceImp.CourseServiceImpl.getCourseByCategory(CourseServiceImpl.java:32) ~[classes/:?]
	at ma.com.controller.CourseController.getCourseByCategory(CourseController.java:36) ~[classes/:?]
	at ma.com.controller.CourseController$$FastClassBySpringCGLIB$$32e59b02.invoke(<generated>) ~[classes/:?]
	at org.springframework.cglib.proxy.MethodProxy.invoke(MethodProxy.java:218) ~[spring-core-5.3.25.jar:5.3.25]
	at org.springframework.aop.framework.CglibAopProxy$CglibMethodInvocation.invokeJoinpoint(CglibAopProxy.java:793) ~[spring-aop-5.3.25.jar:5.3.25]
	at org.springframework.aop.framework.ReflectiveMethodInvocation.proceed(ReflectiveMethodInvocation.java:163) ~[spring-aop-5.3.25.jar:5.3.25]
	at org.springframework.aop.framework.CglibAopProxy$CglibMethodInvocation.proceed(CglibAopProxy.java:763) ~[spring-aop-5.3.25.jar:5.3.25]
	at org.springframework.aop.framework.adapter.AfterReturningAdviceInterceptor.invoke(AfterReturningAdviceInterceptor.java:57) ~[spring-aop-5.3.25.jar:5.3.25]
	at org.springframework.aop.framework.ReflectiveMethodInvocation.proceed(ReflectiveMethodInvocation.java:175) ~[spring-aop-5.3.25.jar:5.3.25]
	at org.springframework.aop.framework.CglibAopProxy$CglibMethodInvocation.proceed(CglibAopProxy.java:763) ~[spring-aop-5.3.25.jar:5.3.25]
	at org.springframework.aop.interceptor.ExposeInvocationInterceptor.invoke(ExposeInvocationInterceptor.java:97) ~[spring-aop-5.3.25.jar:5.3.25]
	at org.springframework.aop.framework.ReflectiveMethodInvocation.proceed(ReflectiveMethodInvocation.java:186) ~[spring-aop-5.3.25.jar:5.3.25]
	at org.springframework.aop.framework.CglibAopProxy$CglibMethodInvocation.proceed(CglibAopProxy.java:763) ~[spring-aop-5.3.25.jar:5.3.25]
	at org.springframework.aop.framework.CglibAopProxy$DynamicAdvisedInterceptor.intercept(CglibAopProxy.java:708) ~[spring-aop-5.3.25.jar:5.3.25]
	at ma.com.controller.CourseController$$EnhancerBySpringCGLIB$$4925fe5a.getCourseByCategory(<generated>) ~[classes/:?]
	at jdk.internal.reflect.NativeMethodAccessorImpl.invoke0(Native Method) ~[?:?]
	at jdk.internal.reflect.NativeMethodAccessorImpl.invoke(NativeMethodAccessorImpl.java:77) ~[?:?]
	at jdk.internal.reflect.DelegatingMethodAccessorImpl.invoke(DelegatingMethodAccessorImpl.java:43) ~[?:?]
	at java.lang.reflect.Method.invoke(Method.java:568) ~[?:?]
	at org.springframework.web.method.support.InvocableHandlerMethod.doInvoke(InvocableHandlerMethod.java:205) ~[spring-web-5.3.25.jar:5.3.25]
	at org.springframework.web.method.support.InvocableHandlerMethod.invokeForRequest(InvocableHandlerMethod.java:150) ~[spring-web-5.3.25.jar:5.3.25]
	at org.springframework.web.servlet.mvc.method.annotation.ServletInvocableHandlerMethod.invokeAndHandle(ServletInvocableHandlerMethod.java:117) ~[spring-webmvc-5.3.25.jar:5.3.25]
	at org.springframework.web.servlet.mvc.method.annotation.RequestMappingHandlerAdapter.invokeHandlerMethod(RequestMappingHandlerAdapter.java:895) ~[spring-webmvc-5.3.25.jar:5.3.25]
	at org.springframework.web.servlet.mvc.method.annotation.RequestMappingHandlerAdapter.handleInternal(RequestMappingHandlerAdapter.java:808) ~[spring-webmvc-5.3.25.jar:5.3.25]
	at org.springframework.web.servlet.mvc.method.AbstractHandlerMethodAdapter.handle(AbstractHandlerMethodAdapter.java:87) ~[spring-webmvc-5.3.25.jar:5.3.25]
	at org.springframework.web.servlet.DispatcherServlet.doDispatch(DispatcherServlet.java:1071) ~[spring-webmvc-5.3.25.jar:5.3.25]
	at org.springframework.web.servlet.DispatcherServlet.doService(DispatcherServlet.java:964) ~[spring-webmvc-5.3.25.jar:5.3.25]
	at org.springframework.web.servlet.FrameworkServlet.processRequest(FrameworkServlet.java:1006) ~[spring-webmvc-5.3.25.jar:5.3.25]
	at org.springframework.web.servlet.FrameworkServlet.doGet(FrameworkServlet.java:898) ~[spring-webmvc-5.3.25.jar:5.3.25]
	at javax.servlet.http.HttpServlet.service(HttpServlet.java:670) ~[tomcat-embed-core-9.0.71.jar:4.0.FR]
	at org.springframework.web.servlet.FrameworkServlet.service(FrameworkServlet.java:883) ~[spring-webmvc-5.3.25.jar:5.3.25]
	at javax.servlet.http.HttpServlet.service(HttpServlet.java:779) ~[tomcat-embed-core-9.0.71.jar:4.0.FR]
	at org.apache.catalina.core.ApplicationFilterChain.internalDoFilter(ApplicationFilterChain.java:227) ~[tomcat-embed-core-9.0.71.jar:9.0.71]
	at org.apache.catalina.core.ApplicationFilterChain.doFilter(ApplicationFilterChain.java:162) ~[tomcat-embed-core-9.0.71.jar:9.0.71]
	at org.apache.tomcat.websocket.server.WsFilter.doFilter(WsFilter.java:53) ~[tomcat-embed-websocket-9.0.71.jar:9.0.71]
	at org.apache.catalina.core.ApplicationFilterChain.internalDoFilter(ApplicationFilterChain.java:189) ~[tomcat-embed-core-9.0.71.jar:9.0.71]
	at org.apache.catalina.core.ApplicationFilterChain.doFilter(ApplicationFilterChain.java:162) ~[tomcat-embed-core-9.0.71.jar:9.0.71]
	at org.springframework.web.filter.RequestContextFilter.doFilterInternal(RequestContextFilter.java:100) ~[spring-web-5.3.25.jar:5.3.25]
	at org.springframework.web.filter.OncePerRequestFilter.doFilter(OncePerRequestFilter.java:117) ~[spring-web-5.3.25.jar:5.3.25]
	at org.apache.catalina.core.ApplicationFilterChain.internalDoFilter(ApplicationFilterChain.java:189) ~[tomcat-embed-core-9.0.71.jar:9.0.71]
	at org.apache.catalina.core.ApplicationFilterChain.doFilter(ApplicationFilterChain.java:162) ~[tomcat-embed-core-9.0.71.jar:9.0.71]
	at org.springframework.web.filter.FormContentFilter.doFilterInternal(FormContentFilter.java:93) ~[spring-web-5.3.25.jar:5.3.25]
	at org.springframework.web.filter.OncePerRequestFilter.doFilter(OncePerRequestFilter.java:117) ~[spring-web-5.3.25.jar:5.3.25]
	at org.apache.catalina.core.ApplicationFilterChain.internalDoFilter(ApplicationFilterChain.java:189) ~[tomcat-embed-core-9.0.71.jar:9.0.71]
	at org.apache.catalina.core.ApplicationFilterChain.doFilter(ApplicationFilterChain.java:162) ~[tomcat-embed-core-9.0.71.jar:9.0.71]
	at org.springframework.web.filter.CharacterEncodingFilter.doFilterInternal(CharacterEncodingFilter.java:201) ~[spring-web-5.3.25.jar:5.3.25]
	at org.springframework.web.filter.OncePerRequestFilter.doFilter(OncePerRequestFilter.java:117) ~[spring-web-5.3.25.jar:5.3.25]
	at org.apache.catalina.core.ApplicationFilterChain.internalDoFilter(ApplicationFilterChain.java:189) ~[tomcat-embed-core-9.0.71.jar:9.0.71]
	at org.apache.catalina.core.ApplicationFilterChain.doFilter(ApplicationFilterChain.java:162) ~[tomcat-embed-core-9.0.71.jar:9.0.71]
	at org.apache.catalina.core.StandardWrapperValve.invoke(StandardWrapperValve.java:177) ~[tomcat-embed-core-9.0.71.jar:9.0.71]
	at org.apache.catalina.core.StandardContextValve.invoke(StandardContextValve.java:97) ~[tomcat-embed-core-9.0.71.jar:9.0.71]
	at org.apache.catalina.authenticator.AuthenticatorBase.invoke(AuthenticatorBase.java:541) ~[tomcat-embed-core-9.0.71.jar:9.0.71]
	at org.apache.catalina.core.StandardHostValve.invoke(StandardHostValve.java:135) ~[tomcat-embed-core-9.0.71.jar:9.0.71]
	at org.apache.catalina.valves.ErrorReportValve.invoke(ErrorReportValve.java:92) ~[tomcat-embed-core-9.0.71.jar:9.0.71]
	at org.apache.catalina.core.StandardEngineValve.invoke(StandardEngineValve.java:78) ~[tomcat-embed-core-9.0.71.jar:9.0.71]
	at org.apache.catalina.connector.CoyoteAdapter.service(CoyoteAdapter.java:360) ~[tomcat-embed-core-9.0.71.jar:9.0.71]
	at org.apache.coyote.http11.Http11Processor.service(Http11Processor.java:399) ~[tomcat-embed-core-9.0.71.jar:9.0.71]
	at org.apache.coyote.AbstractProcessorLight.process(AbstractProcessorLight.java:65) ~[tomcat-embed-core-9.0.71.jar:9.0.71]
	at org.apache.coyote.AbstractProtocol$ConnectionHandler.process(AbstractProtocol.java:891) ~[tomcat-embed-core-9.0.71.jar:9.0.71]
	at org.apache.tomcat.util.net.NioEndpoint$SocketProcessor.doRun(NioEndpoint.java:1784) ~[tomcat-embed-core-9.0.71.jar:9.0.71]
	at org.apache.tomcat.util.net.SocketProcessorBase.run(SocketProcessorBase.java:49) ~[tomcat-embed-core-9.0.71.jar:9.0.71]
	at org.apache.tomcat.util.threads.ThreadPoolExecutor.runWorker(ThreadPoolExecutor.java:1191) ~[tomcat-embed-core-9.0.71.jar:9.0.71]
	at org.apache.tomcat.util.threads.ThreadPoolExecutor$Worker.run(ThreadPoolExecutor.java:659) ~[tomcat-embed-core-9.0.71.jar:9.0.71]
	at org.apache.tomcat.util.threads.TaskThread$WrappingRunnable.run(TaskThread.java:61) ~[tomcat-embed-core-9.0.71.jar:9.0.71]
	at java.lang.Thread.run(Thread.java:840) ~[?:?]
Caused by: java.net.ConnectException: Connection timed out: getsockopt
	at sun.nio.ch.Net.pollConnect(Native Method) ~[?:?]
	at sun.nio.ch.Net.pollConnectNow(Net.java:672) ~[?:?]
	at sun.nio.ch.NioSocketImpl.timedFinishConnect(NioSocketImpl.java:554) ~[?:?]
	at sun.nio.ch.NioSocketImpl.connect(NioSocketImpl.java:602) ~[?:?]
	at java.net.SocksSocketImpl.connect(SocksSocketImpl.java:327) ~[?:?]
	at java.net.Socket.connect(Socket.java:633) ~[?:?]
	at com.mysql.jdbc.StandardSocketFactory.connect(StandardSocketFactory.java:211) ~[mysql-connector-java-5.1.49.jar:5.1.49]
	at com.mysql.jdbc.MysqlIO.<init>(MysqlIO.java:299) ~[mysql-connector-java-5.1.49.jar:5.1.49]
	... 114 more
[2025-03-27 09:51:30:202] [ERROR] - org.apache.juli.logging.DirectJDKLog.log(DirectJDKLog.java:175) - Servlet.service() for servlet [dispatcherServlet] in context with path [] threw exception [Request processing failed; nested exception is org.mybatis.spring.MyBatisSystemException: nested exception is org.apache.ibatis.exceptions.PersistenceException: 
### Error querying database.  Cause: org.springframework.jdbc.CannotGetJdbcConnectionException: Failed to obtain JDBC Connection; nested exception is com.mysql.jdbc.exceptions.jdbc4.CommunicationsException: Communications link failure

The last packet sent successfully to the server was 0 milliseconds ago. The driver has not received any packets from the server.
### The error may exist in file [E:\computer2\computer1\ifly\target\classes\mapper\CourseMapper.xml]
### The error may involve ma.com.mapper.CourseMapper.getCourseByCategory
### The error occurred while executing a query
### Cause: org.springframework.jdbc.CannotGetJdbcConnectionException: Failed to obtain JDBC Connection; nested exception is com.mysql.jdbc.exceptions.jdbc4.CommunicationsException: Communications link failure

The last packet sent successfully to the server was 0 milliseconds ago. The driver has not received any packets from the server.] with root cause
java.net.ConnectException: Connection timed out: getsockopt
	at sun.nio.ch.Net.pollConnect(Native Method) ~[?:?]
	at sun.nio.ch.Net.pollConnectNow(Net.java:672) ~[?:?]
	at sun.nio.ch.NioSocketImpl.timedFinishConnect(NioSocketImpl.java:554) ~[?:?]
	at sun.nio.ch.NioSocketImpl.connect(NioSocketImpl.java:602) ~[?:?]
	at java.net.SocksSocketImpl.connect(SocksSocketImpl.java:327) ~[?:?]
	at java.net.Socket.connect(Socket.java:633) ~[?:?]
	at com.mysql.jdbc.StandardSocketFactory.connect(StandardSocketFactory.java:211) ~[mysql-connector-java-5.1.49.jar:5.1.49]
	at com.mysql.jdbc.MysqlIO.<init>(MysqlIO.java:299) ~[mysql-connector-java-5.1.49.jar:5.1.49]
	at com.mysql.jdbc.ConnectionImpl.coreConnect(ConnectionImpl.java:2187) ~[mysql-connector-java-5.1.49.jar:5.1.49]
	at com.mysql.jdbc.ConnectionImpl.connectOneTryOnly(ConnectionImpl.java:2220) ~[mysql-connector-java-5.1.49.jar:5.1.49]
	at com.mysql.jdbc.ConnectionImpl.createNewIO(ConnectionImpl.java:2015) ~[mysql-connector-java-5.1.49.jar:5.1.49]
	at com.mysql.jdbc.ConnectionImpl.<init>(ConnectionImpl.java:768) ~[mysql-connector-java-5.1.49.jar:5.1.49]
	at com.mysql.jdbc.JDBC4Connection.<init>(JDBC4Connection.java:47) ~[mysql-connector-java-5.1.49.jar:5.1.49]
	at jdk.internal.reflect.NativeConstructorAccessorImpl.newInstance0(Native Method) ~[?:?]
	at jdk.internal.reflect.NativeConstructorAccessorImpl.newInstance(NativeConstructorAccessorImpl.java:77) ~[?:?]
	at jdk.internal.reflect.DelegatingConstructorAccessorImpl.newInstance(DelegatingConstructorAccessorImpl.java:45) ~[?:?]
	at java.lang.reflect.Constructor.newInstanceWithCaller(Constructor.java:499) ~[?:?]
	at java.lang.reflect.Constructor.newInstance(Constructor.java:480) ~[?:?]
	at com.mysql.jdbc.Util.handleNewInstance(Util.java:403) ~[mysql-connector-java-5.1.49.jar:5.1.49]
	at com.mysql.jdbc.ConnectionImpl.getInstance(ConnectionImpl.java:385) ~[mysql-connector-java-5.1.49.jar:5.1.49]
	at com.mysql.jdbc.NonRegisteringDriver.connect(NonRegisteringDriver.java:323) ~[mysql-connector-java-5.1.49.jar:5.1.49]
	at com.zaxxer.hikari.util.DriverDataSource.getConnection(DriverDataSource.java:138) ~[HikariCP-4.0.3.jar:?]
	at com.zaxxer.hikari.pool.PoolBase.newConnection(PoolBase.java:364) ~[HikariCP-4.0.3.jar:?]
	at com.zaxxer.hikari.pool.PoolBase.newPoolEntry(PoolBase.java:206) ~[HikariCP-4.0.3.jar:?]
	at com.zaxxer.hikari.pool.HikariPool.createPoolEntry(HikariPool.java:476) ~[HikariCP-4.0.3.jar:?]
	at com.zaxxer.hikari.pool.HikariPool.checkFailFast(HikariPool.java:561) ~[HikariCP-4.0.3.jar:?]
	at com.zaxxer.hikari.pool.HikariPool.<init>(HikariPool.java:115) ~[HikariCP-4.0.3.jar:?]
	at com.zaxxer.hikari.HikariDataSource.getConnection(HikariDataSource.java:112) ~[HikariCP-4.0.3.jar:?]
	at org.springframework.jdbc.datasource.DataSourceUtils.fetchConnection(DataSourceUtils.java:159) ~[spring-jdbc-5.3.25.jar:5.3.25]
	at org.springframework.jdbc.datasource.DataSourceUtils.doGetConnection(DataSourceUtils.java:117) ~[spring-jdbc-5.3.25.jar:5.3.25]
	at org.springframework.jdbc.datasource.DataSourceUtils.getConnection(DataSourceUtils.java:80) ~[spring-jdbc-5.3.25.jar:5.3.25]
	at org.mybatis.spring.transaction.SpringManagedTransaction.openConnection(SpringManagedTransaction.java:80) ~[mybatis-spring-2.1.0.jar:2.1.0]
	at org.mybatis.spring.transaction.SpringManagedTransaction.getConnection(SpringManagedTransaction.java:67) ~[mybatis-spring-2.1.0.jar:2.1.0]
	at org.apache.ibatis.executor.BaseExecutor.getConnection(BaseExecutor.java:337) ~[mybatis-3.5.11.jar:3.5.11]
	at org.apache.ibatis.executor.SimpleExecutor.prepareStatement(SimpleExecutor.java:86) ~[mybatis-3.5.11.jar:3.5.11]
	at org.apache.ibatis.executor.SimpleExecutor.doQuery(SimpleExecutor.java:62) ~[mybatis-3.5.11.jar:3.5.11]
	at org.apache.ibatis.executor.BaseExecutor.queryFromDatabase(BaseExecutor.java:325) ~[mybatis-3.5.11.jar:3.5.11]
	at org.apache.ibatis.executor.BaseExecutor.query(BaseExecutor.java:156) ~[mybatis-3.5.11.jar:3.5.11]
	at org.apache.ibatis.executor.CachingExecutor.query(CachingExecutor.java:109) ~[mybatis-3.5.11.jar:3.5.11]
	at com.github.pagehelper.PageInterceptor.intercept(PageInterceptor.java:151) ~[pagehelper-5.3.2.jar:?]
	at org.apache.ibatis.plugin.Plugin.invoke(Plugin.java:62) ~[mybatis-3.5.11.jar:3.5.11]
	at jdk.proxy2.$Proxy131.query(Unknown Source) ~[?:?]
	at org.apache.ibatis.session.defaults.DefaultSqlSession.selectList(DefaultSqlSession.java:151) ~[mybatis-3.5.11.jar:3.5.11]
	at org.apache.ibatis.session.defaults.DefaultSqlSession.selectList(DefaultSqlSession.java:145) ~[mybatis-3.5.11.jar:3.5.11]
	at org.apache.ibatis.session.defaults.DefaultSqlSession.selectList(DefaultSqlSession.java:140) ~[mybatis-3.5.11.jar:3.5.11]
	at jdk.internal.reflect.NativeMethodAccessorImpl.invoke0(Native Method) ~[?:?]
	at jdk.internal.reflect.NativeMethodAccessorImpl.invoke(NativeMethodAccessorImpl.java:77) ~[?:?]
	at jdk.internal.reflect.DelegatingMethodAccessorImpl.invoke(DelegatingMethodAccessorImpl.java:43) ~[?:?]
	at java.lang.reflect.Method.invoke(Method.java:568) ~[?:?]
	at org.mybatis.spring.SqlSessionTemplate$SqlSessionInterceptor.invoke(SqlSessionTemplate.java:425) ~[mybatis-spring-2.1.0.jar:2.1.0]
	at jdk.proxy2.$Proxy92.selectList(Unknown Source) ~[?:?]
	at org.mybatis.spring.SqlSessionTemplate.selectList(SqlSessionTemplate.java:224) ~[mybatis-spring-2.1.0.jar:2.1.0]
	at org.apache.ibatis.binding.MapperMethod.executeForMany(MapperMethod.java:147) ~[mybatis-3.5.11.jar:3.5.11]
	at org.apache.ibatis.binding.MapperMethod.execute(MapperMethod.java:80) ~[mybatis-3.5.11.jar:3.5.11]
	at org.apache.ibatis.binding.MapperProxy$PlainMethodInvoker.invoke(MapperProxy.java:145) ~[mybatis-3.5.11.jar:3.5.11]
	at org.apache.ibatis.binding.MapperProxy.invoke(MapperProxy.java:86) ~[mybatis-3.5.11.jar:3.5.11]
	at jdk.proxy3.$Proxy103.getCourseByCategory(Unknown Source) ~[?:?]
	at ma.com.serviceImp.CourseServiceImpl.getCourseByCategory(CourseServiceImpl.java:32) ~[classes/:?]
	at ma.com.controller.CourseController.getCourseByCategory(CourseController.java:36) ~[classes/:?]
	at ma.com.controller.CourseController$$FastClassBySpringCGLIB$$32e59b02.invoke(<generated>) ~[classes/:?]
	at org.springframework.cglib.proxy.MethodProxy.invoke(MethodProxy.java:218) ~[spring-core-5.3.25.jar:5.3.25]
	at org.springframework.aop.framework.CglibAopProxy$CglibMethodInvocation.invokeJoinpoint(CglibAopProxy.java:793) ~[spring-aop-5.3.25.jar:5.3.25]
	at org.springframework.aop.framework.ReflectiveMethodInvocation.proceed(ReflectiveMethodInvocation.java:163) ~[spring-aop-5.3.25.jar:5.3.25]
	at org.springframework.aop.framework.CglibAopProxy$CglibMethodInvocation.proceed(CglibAopProxy.java:763) ~[spring-aop-5.3.25.jar:5.3.25]
	at org.springframework.aop.framework.adapter.AfterReturningAdviceInterceptor.invoke(AfterReturningAdviceInterceptor.java:57) ~[spring-aop-5.3.25.jar:5.3.25]
	at org.springframework.aop.framework.ReflectiveMethodInvocation.proceed(ReflectiveMethodInvocation.java:175) ~[spring-aop-5.3.25.jar:5.3.25]
	at org.springframework.aop.framework.CglibAopProxy$CglibMethodInvocation.proceed(CglibAopProxy.java:763) ~[spring-aop-5.3.25.jar:5.3.25]
	at org.springframework.aop.interceptor.ExposeInvocationInterceptor.invoke(ExposeInvocationInterceptor.java:97) ~[spring-aop-5.3.25.jar:5.3.25]
	at org.springframework.aop.framework.ReflectiveMethodInvocation.proceed(ReflectiveMethodInvocation.java:186) ~[spring-aop-5.3.25.jar:5.3.25]
	at org.springframework.aop.framework.CglibAopProxy$CglibMethodInvocation.proceed(CglibAopProxy.java:763) ~[spring-aop-5.3.25.jar:5.3.25]
	at org.springframework.aop.framework.CglibAopProxy$DynamicAdvisedInterceptor.intercept(CglibAopProxy.java:708) ~[spring-aop-5.3.25.jar:5.3.25]
	at ma.com.controller.CourseController$$EnhancerBySpringCGLIB$$4925fe5a.getCourseByCategory(<generated>) ~[classes/:?]
	at jdk.internal.reflect.NativeMethodAccessorImpl.invoke0(Native Method) ~[?:?]
	at jdk.internal.reflect.NativeMethodAccessorImpl.invoke(NativeMethodAccessorImpl.java:77) ~[?:?]
	at jdk.internal.reflect.DelegatingMethodAccessorImpl.invoke(DelegatingMethodAccessorImpl.java:43) ~[?:?]
	at java.lang.reflect.Method.invoke(Method.java:568) ~[?:?]
	at org.springframework.web.method.support.InvocableHandlerMethod.doInvoke(InvocableHandlerMethod.java:205) ~[spring-web-5.3.25.jar:5.3.25]
	at org.springframework.web.method.support.InvocableHandlerMethod.invokeForRequest(InvocableHandlerMethod.java:150) ~[spring-web-5.3.25.jar:5.3.25]
	at org.springframework.web.servlet.mvc.method.annotation.ServletInvocableHandlerMethod.invokeAndHandle(ServletInvocableHandlerMethod.java:117) ~[spring-webmvc-5.3.25.jar:5.3.25]
	at org.springframework.web.servlet.mvc.method.annotation.RequestMappingHandlerAdapter.invokeHandlerMethod(RequestMappingHandlerAdapter.java:895) ~[spring-webmvc-5.3.25.jar:5.3.25]
	at org.springframework.web.servlet.mvc.method.annotation.RequestMappingHandlerAdapter.handleInternal(RequestMappingHandlerAdapter.java:808) ~[spring-webmvc-5.3.25.jar:5.3.25]
	at org.springframework.web.servlet.mvc.method.AbstractHandlerMethodAdapter.handle(AbstractHandlerMethodAdapter.java:87) ~[spring-webmvc-5.3.25.jar:5.3.25]
	at org.springframework.web.servlet.DispatcherServlet.doDispatch(DispatcherServlet.java:1071) ~[spring-webmvc-5.3.25.jar:5.3.25]
	at org.springframework.web.servlet.DispatcherServlet.doService(DispatcherServlet.java:964) ~[spring-webmvc-5.3.25.jar:5.3.25]
	at org.springframework.web.servlet.FrameworkServlet.processRequest(FrameworkServlet.java:1006) ~[spring-webmvc-5.3.25.jar:5.3.25]
	at org.springframework.web.servlet.FrameworkServlet.doGet(FrameworkServlet.java:898) ~[spring-webmvc-5.3.25.jar:5.3.25]
	at javax.servlet.http.HttpServlet.service(HttpServlet.java:670) ~[tomcat-embed-core-9.0.71.jar:4.0.FR]
	at org.springframework.web.servlet.FrameworkServlet.service(FrameworkServlet.java:883) ~[spring-webmvc-5.3.25.jar:5.3.25]
	at javax.servlet.http.HttpServlet.service(HttpServlet.java:779) ~[tomcat-embed-core-9.0.71.jar:4.0.FR]
	at org.apache.catalina.core.ApplicationFilterChain.internalDoFilter(ApplicationFilterChain.java:227) ~[tomcat-embed-core-9.0.71.jar:9.0.71]
	at org.apache.catalina.core.ApplicationFilterChain.doFilter(ApplicationFilterChain.java:162) ~[tomcat-embed-core-9.0.71.jar:9.0.71]
	at org.apache.tomcat.websocket.server.WsFilter.doFilter(WsFilter.java:53) ~[tomcat-embed-websocket-9.0.71.jar:9.0.71]
	at org.apache.catalina.core.ApplicationFilterChain.internalDoFilter(ApplicationFilterChain.java:189) ~[tomcat-embed-core-9.0.71.jar:9.0.71]
	at org.apache.catalina.core.ApplicationFilterChain.doFilter(ApplicationFilterChain.java:162) ~[tomcat-embed-core-9.0.71.jar:9.0.71]
	at org.springframework.web.filter.RequestContextFilter.doFilterInternal(RequestContextFilter.java:100) ~[spring-web-5.3.25.jar:5.3.25]
	at org.springframework.web.filter.OncePerRequestFilter.doFilter(OncePerRequestFilter.java:117) ~[spring-web-5.3.25.jar:5.3.25]
	at org.apache.catalina.core.ApplicationFilterChain.internalDoFilter(ApplicationFilterChain.java:189) ~[tomcat-embed-core-9.0.71.jar:9.0.71]
	at org.apache.catalina.core.ApplicationFilterChain.doFilter(ApplicationFilterChain.java:162) ~[tomcat-embed-core-9.0.71.jar:9.0.71]
	at org.springframework.web.filter.FormContentFilter.doFilterInternal(FormContentFilter.java:93) ~[spring-web-5.3.25.jar:5.3.25]
	at org.springframework.web.filter.OncePerRequestFilter.doFilter(OncePerRequestFilter.java:117) ~[spring-web-5.3.25.jar:5.3.25]
	at org.apache.catalina.core.ApplicationFilterChain.internalDoFilter(ApplicationFilterChain.java:189) ~[tomcat-embed-core-9.0.71.jar:9.0.71]
	at org.apache.catalina.core.ApplicationFilterChain.doFilter(ApplicationFilterChain.java:162) ~[tomcat-embed-core-9.0.71.jar:9.0.71]
	at org.springframework.web.filter.CharacterEncodingFilter.doFilterInternal(CharacterEncodingFilter.java:201) ~[spring-web-5.3.25.jar:5.3.25]
	at org.springframework.web.filter.OncePerRequestFilter.doFilter(OncePerRequestFilter.java:117) ~[spring-web-5.3.25.jar:5.3.25]
	at org.apache.catalina.core.ApplicationFilterChain.internalDoFilter(ApplicationFilterChain.java:189) ~[tomcat-embed-core-9.0.71.jar:9.0.71]
	at org.apache.catalina.core.ApplicationFilterChain.doFilter(ApplicationFilterChain.java:162) ~[tomcat-embed-core-9.0.71.jar:9.0.71]
	at org.apache.catalina.core.StandardWrapperValve.invoke(StandardWrapperValve.java:177) ~[tomcat-embed-core-9.0.71.jar:9.0.71]
	at org.apache.catalina.core.StandardContextValve.invoke(StandardContextValve.java:97) ~[tomcat-embed-core-9.0.71.jar:9.0.71]
	at org.apache.catalina.authenticator.AuthenticatorBase.invoke(AuthenticatorBase.java:541) ~[tomcat-embed-core-9.0.71.jar:9.0.71]
	at org.apache.catalina.core.StandardHostValve.invoke(StandardHostValve.java:135) ~[tomcat-embed-core-9.0.71.jar:9.0.71]
	at org.apache.catalina.valves.ErrorReportValve.invoke(ErrorReportValve.java:92) ~[tomcat-embed-core-9.0.71.jar:9.0.71]
	at org.apache.catalina.core.StandardEngineValve.invoke(StandardEngineValve.java:78) ~[tomcat-embed-core-9.0.71.jar:9.0.71]
	at org.apache.catalina.connector.CoyoteAdapter.service(CoyoteAdapter.java:360) ~[tomcat-embed-core-9.0.71.jar:9.0.71]
	at org.apache.coyote.http11.Http11Processor.service(Http11Processor.java:399) ~[tomcat-embed-core-9.0.71.jar:9.0.71]
	at org.apache.coyote.AbstractProcessorLight.process(AbstractProcessorLight.java:65) ~[tomcat-embed-core-9.0.71.jar:9.0.71]
	at org.apache.coyote.AbstractProtocol$ConnectionHandler.process(AbstractProtocol.java:891) ~[tomcat-embed-core-9.0.71.jar:9.0.71]
	at org.apache.tomcat.util.net.NioEndpoint$SocketProcessor.doRun(NioEndpoint.java:1784) ~[tomcat-embed-core-9.0.71.jar:9.0.71]
	at org.apache.tomcat.util.net.SocketProcessorBase.run(SocketProcessorBase.java:49) ~[tomcat-embed-core-9.0.71.jar:9.0.71]
	at org.apache.tomcat.util.threads.ThreadPoolExecutor.runWorker(ThreadPoolExecutor.java:1191) ~[tomcat-embed-core-9.0.71.jar:9.0.71]
	at org.apache.tomcat.util.threads.ThreadPoolExecutor$Worker.run(ThreadPoolExecutor.java:659) ~[tomcat-embed-core-9.0.71.jar:9.0.71]
	at org.apache.tomcat.util.threads.TaskThread$WrappingRunnable.run(TaskThread.java:61) ~[tomcat-embed-core-9.0.71.jar:9.0.71]
	at java.lang.Thread.run(Thread.java:840) ~[?:?]
