[2025-04-01 15:40:26:135] [ERROR] - com.zaxxer.hikari.pool.HikariPool.throwPoolInitializationException(HikariPool.java:594) - HikariPool-1 - Exception during pool initialization.
com.mysql.jdbc.exceptions.jdbc4.CommunicationsException: Communications link failure

The last packet sent successfully to the server was 0 milliseconds ago. The driver has not received any packets from the server.
	at sun.reflect.NativeConstructorAccessorImpl.newInstance0(Native Method) ~[?:1.8.0_202]
	at sun.reflect.NativeConstructorAccessorImpl.newInstance(NativeConstructorAccessorImpl.java:62) ~[?:1.8.0_202]
	at sun.reflect.DelegatingConstructorAccessorImpl.newInstance(DelegatingConstructorAccessorImpl.java:45) ~[?:1.8.0_202]
	at java.lang.reflect.Constructor.newInstance(Constructor.java:423) ~[?:1.8.0_202]
	at com.mysql.jdbc.Util.handleNewInstance(Util.java:403) ~[mysql-connector-java-5.1.49.jar:5.1.49]
	at com.mysql.jdbc.SQLError.createCommunicationsException(SQLError.java:990) ~[mysql-connector-java-5.1.49.jar:5.1.49]
	at com.mysql.jdbc.MysqlIO.<init>(MysqlIO.java:335) ~[mysql-connector-java-5.1.49.jar:5.1.49]
	at com.mysql.jdbc.ConnectionImpl.coreConnect(ConnectionImpl.java:2187) ~[mysql-connector-java-5.1.49.jar:5.1.49]
	at com.mysql.jdbc.ConnectionImpl.connectOneTryOnly(ConnectionImpl.java:2220) ~[mysql-connector-java-5.1.49.jar:5.1.49]
	at com.mysql.jdbc.ConnectionImpl.createNewIO(ConnectionImpl.java:2015) ~[mysql-connector-java-5.1.49.jar:5.1.49]
	at com.mysql.jdbc.ConnectionImpl.<init>(ConnectionImpl.java:768) ~[mysql-connector-java-5.1.49.jar:5.1.49]
	at com.mysql.jdbc.JDBC4Connection.<init>(JDBC4Connection.java:47) ~[mysql-connector-java-5.1.49.jar:5.1.49]
	at sun.reflect.NativeConstructorAccessorImpl.newInstance0(Native Method) ~[?:1.8.0_202]
	at sun.reflect.NativeConstructorAccessorImpl.newInstance(NativeConstructorAccessorImpl.java:62) ~[?:1.8.0_202]
	at sun.reflect.DelegatingConstructorAccessorImpl.newInstance(DelegatingConstructorAccessorImpl.java:45) ~[?:1.8.0_202]
	at java.lang.reflect.Constructor.newInstance(Constructor.java:423) ~[?:1.8.0_202]
	at com.mysql.jdbc.Util.handleNewInstance(Util.java:403) ~[mysql-connector-java-5.1.49.jar:5.1.49]
	at com.mysql.jdbc.ConnectionImpl.getInstance(ConnectionImpl.java:385) ~[mysql-connector-java-5.1.49.jar:5.1.49]
	at com.mysql.jdbc.NonRegisteringDriver.connect(NonRegisteringDriver.java:323) ~[mysql-connector-java-5.1.49.jar:5.1.49]
	at com.zaxxer.hikari.util.DriverDataSource.getConnection(DriverDataSource.java:138) ~[HikariCP-4.0.3.jar:?]
	at com.zaxxer.hikari.pool.PoolBase.newConnection(PoolBase.java:364) ~[HikariCP-4.0.3.jar:?]
	at com.zaxxer.hikari.pool.PoolBase.newPoolEntry(PoolBase.java:206) ~[HikariCP-4.0.3.jar:?]
	at com.zaxxer.hikari.pool.HikariPool.createPoolEntry(HikariPool.java:476) ~[HikariCP-4.0.3.jar:?]
	at com.zaxxer.hikari.pool.HikariPool.checkFailFast(HikariPool.java:561) ~[HikariCP-4.0.3.jar:?]
	at com.zaxxer.hikari.pool.HikariPool.<init>(HikariPool.java:115) ~[HikariCP-4.0.3.jar:?]
	at com.zaxxer.hikari.HikariDataSource.getConnection(HikariDataSource.java:112) ~[HikariCP-4.0.3.jar:?]
	at org.springframework.jdbc.datasource.DataSourceUtils.fetchConnection(DataSourceUtils.java:159) ~[spring-jdbc-5.3.25.jar:5.3.25]
	at org.springframework.jdbc.datasource.DataSourceUtils.doGetConnection(DataSourceUtils.java:117) ~[spring-jdbc-5.3.25.jar:5.3.25]
	at org.springframework.jdbc.datasource.DataSourceUtils.getConnection(DataSourceUtils.java:80) ~[spring-jdbc-5.3.25.jar:5.3.25]
	at org.mybatis.spring.transaction.SpringManagedTransaction.openConnection(SpringManagedTransaction.java:80) ~[mybatis-spring-2.1.0.jar:2.1.0]
	at org.mybatis.spring.transaction.SpringManagedTransaction.getConnection(SpringManagedTransaction.java:67) ~[mybatis-spring-2.1.0.jar:2.1.0]
	at org.apache.ibatis.executor.BaseExecutor.getConnection(BaseExecutor.java:337) ~[mybatis-3.5.11.jar:3.5.11]
	at org.apache.ibatis.executor.SimpleExecutor.prepareStatement(SimpleExecutor.java:86) ~[mybatis-3.5.11.jar:3.5.11]
	at org.apache.ibatis.executor.SimpleExecutor.doQuery(SimpleExecutor.java:62) ~[mybatis-3.5.11.jar:3.5.11]
	at org.apache.ibatis.executor.BaseExecutor.queryFromDatabase(BaseExecutor.java:325) ~[mybatis-3.5.11.jar:3.5.11]
	at org.apache.ibatis.executor.BaseExecutor.query(BaseExecutor.java:156) ~[mybatis-3.5.11.jar:3.5.11]
	at org.apache.ibatis.executor.CachingExecutor.query(CachingExecutor.java:109) ~[mybatis-3.5.11.jar:3.5.11]
	at com.github.pagehelper.PageInterceptor.intercept(PageInterceptor.java:151) ~[pagehelper-5.3.2.jar:?]
	at org.apache.ibatis.plugin.Plugin.invoke(Plugin.java:62) ~[mybatis-3.5.11.jar:3.5.11]
	at com.sun.proxy.$Proxy131.query(Unknown Source) ~[?:?]
	at org.apache.ibatis.session.defaults.DefaultSqlSession.selectList(DefaultSqlSession.java:151) ~[mybatis-3.5.11.jar:3.5.11]
	at org.apache.ibatis.session.defaults.DefaultSqlSession.selectList(DefaultSqlSession.java:145) ~[mybatis-3.5.11.jar:3.5.11]
	at org.apache.ibatis.session.defaults.DefaultSqlSession.selectList(DefaultSqlSession.java:140) ~[mybatis-3.5.11.jar:3.5.11]
	at org.apache.ibatis.session.defaults.DefaultSqlSession.selectOne(DefaultSqlSession.java:76) ~[mybatis-3.5.11.jar:3.5.11]
	at sun.reflect.NativeMethodAccessorImpl.invoke0(Native Method) ~[?:1.8.0_202]
	at sun.reflect.NativeMethodAccessorImpl.invoke(NativeMethodAccessorImpl.java:62) ~[?:1.8.0_202]
	at sun.reflect.DelegatingMethodAccessorImpl.invoke(DelegatingMethodAccessorImpl.java:43) ~[?:1.8.0_202]
	at java.lang.reflect.Method.invoke(Method.java:498) ~[?:1.8.0_202]
	at org.mybatis.spring.SqlSessionTemplate$SqlSessionInterceptor.invoke(SqlSessionTemplate.java:425) ~[mybatis-spring-2.1.0.jar:2.1.0]
	at com.sun.proxy.$Proxy91.selectOne(Unknown Source) ~[?:?]
	at org.mybatis.spring.SqlSessionTemplate.selectOne(SqlSessionTemplate.java:160) ~[mybatis-spring-2.1.0.jar:2.1.0]
	at org.apache.ibatis.binding.MapperMethod.execute(MapperMethod.java:87) ~[mybatis-3.5.11.jar:3.5.11]
	at org.apache.ibatis.binding.MapperProxy$PlainMethodInvoker.invoke(MapperProxy.java:145) ~[mybatis-3.5.11.jar:3.5.11]
	at org.apache.ibatis.binding.MapperProxy.invoke(MapperProxy.java:86) ~[mybatis-3.5.11.jar:3.5.11]
	at com.sun.proxy.$Proxy109.getUserByAccountAndPassword(Unknown Source) ~[?:?]
	at ma.com.serviceImp.UserServiceImp.getUserByAccountAndPassword(UserServiceImp.java:24) ~[classes/:?]
	at ma.com.controller.UserController.login(UserController.java:38) ~[classes/:?]
	at sun.reflect.NativeMethodAccessorImpl.invoke0(Native Method) ~[?:1.8.0_202]
	at sun.reflect.NativeMethodAccessorImpl.invoke(NativeMethodAccessorImpl.java:62) ~[?:1.8.0_202]
	at sun.reflect.DelegatingMethodAccessorImpl.invoke(DelegatingMethodAccessorImpl.java:43) ~[?:1.8.0_202]
	at java.lang.reflect.Method.invoke(Method.java:498) ~[?:1.8.0_202]
	at org.springframework.web.method.support.InvocableHandlerMethod.doInvoke(InvocableHandlerMethod.java:205) ~[spring-web-5.3.25.jar:5.3.25]
	at org.springframework.web.method.support.InvocableHandlerMethod.invokeForRequest(InvocableHandlerMethod.java:150) ~[spring-web-5.3.25.jar:5.3.25]
	at org.springframework.web.servlet.mvc.method.annotation.ServletInvocableHandlerMethod.invokeAndHandle(ServletInvocableHandlerMethod.java:117) ~[spring-webmvc-5.3.25.jar:5.3.25]
	at org.springframework.web.servlet.mvc.method.annotation.RequestMappingHandlerAdapter.invokeHandlerMethod(RequestMappingHandlerAdapter.java:895) ~[spring-webmvc-5.3.25.jar:5.3.25]
	at org.springframework.web.servlet.mvc.method.annotation.RequestMappingHandlerAdapter.handleInternal(RequestMappingHandlerAdapter.java:808) ~[spring-webmvc-5.3.25.jar:5.3.25]
	at org.springframework.web.servlet.mvc.method.AbstractHandlerMethodAdapter.handle(AbstractHandlerMethodAdapter.java:87) ~[spring-webmvc-5.3.25.jar:5.3.25]
	at org.springframework.web.servlet.DispatcherServlet.doDispatch(DispatcherServlet.java:1071) ~[spring-webmvc-5.3.25.jar:5.3.25]
	at org.springframework.web.servlet.DispatcherServlet.doService(DispatcherServlet.java:964) ~[spring-webmvc-5.3.25.jar:5.3.25]
	at org.springframework.web.servlet.FrameworkServlet.processRequest(FrameworkServlet.java:1006) ~[spring-webmvc-5.3.25.jar:5.3.25]
	at org.springframework.web.servlet.FrameworkServlet.doPost(FrameworkServlet.java:909) ~[spring-webmvc-5.3.25.jar:5.3.25]
	at javax.servlet.http.HttpServlet.service(HttpServlet.java:696) ~[tomcat-embed-core-9.0.71.jar:4.0.FR]
	at org.springframework.web.servlet.FrameworkServlet.service(FrameworkServlet.java:883) ~[spring-webmvc-5.3.25.jar:5.3.25]
	at javax.servlet.http.HttpServlet.service(HttpServlet.java:779) ~[tomcat-embed-core-9.0.71.jar:4.0.FR]
	at org.apache.catalina.core.ApplicationFilterChain.internalDoFilter(ApplicationFilterChain.java:227) ~[tomcat-embed-core-9.0.71.jar:9.0.71]
	at org.apache.catalina.core.ApplicationFilterChain.doFilter(ApplicationFilterChain.java:162) ~[tomcat-embed-core-9.0.71.jar:9.0.71]
	at org.apache.tomcat.websocket.server.WsFilter.doFilter(WsFilter.java:53) ~[tomcat-embed-websocket-9.0.71.jar:9.0.71]
	at org.apache.catalina.core.ApplicationFilterChain.internalDoFilter(ApplicationFilterChain.java:189) ~[tomcat-embed-core-9.0.71.jar:9.0.71]
	at org.apache.catalina.core.ApplicationFilterChain.doFilter(ApplicationFilterChain.java:162) ~[tomcat-embed-core-9.0.71.jar:9.0.71]
	at org.springframework.web.filter.RequestContextFilter.doFilterInternal(RequestContextFilter.java:100) ~[spring-web-5.3.25.jar:5.3.25]
	at org.springframework.web.filter.OncePerRequestFilter.doFilter(OncePerRequestFilter.java:117) ~[spring-web-5.3.25.jar:5.3.25]
	at org.apache.catalina.core.ApplicationFilterChain.internalDoFilter(ApplicationFilterChain.java:189) ~[tomcat-embed-core-9.0.71.jar:9.0.71]
	at org.apache.catalina.core.ApplicationFilterChain.doFilter(ApplicationFilterChain.java:162) ~[tomcat-embed-core-9.0.71.jar:9.0.71]
	at org.springframework.web.filter.FormContentFilter.doFilterInternal(FormContentFilter.java:93) ~[spring-web-5.3.25.jar:5.3.25]
	at org.springframework.web.filter.OncePerRequestFilter.doFilter(OncePerRequestFilter.java:117) ~[spring-web-5.3.25.jar:5.3.25]
	at org.apache.catalina.core.ApplicationFilterChain.internalDoFilter(ApplicationFilterChain.java:189) ~[tomcat-embed-core-9.0.71.jar:9.0.71]
	at org.apache.catalina.core.ApplicationFilterChain.doFilter(ApplicationFilterChain.java:162) ~[tomcat-embed-core-9.0.71.jar:9.0.71]
	at org.springframework.web.filter.CharacterEncodingFilter.doFilterInternal(CharacterEncodingFilter.java:201) ~[spring-web-5.3.25.jar:5.3.25]
	at org.springframework.web.filter.OncePerRequestFilter.doFilter(OncePerRequestFilter.java:117) ~[spring-web-5.3.25.jar:5.3.25]
	at org.apache.catalina.core.ApplicationFilterChain.internalDoFilter(ApplicationFilterChain.java:189) ~[tomcat-embed-core-9.0.71.jar:9.0.71]
	at org.apache.catalina.core.ApplicationFilterChain.doFilter(ApplicationFilterChain.java:162) ~[tomcat-embed-core-9.0.71.jar:9.0.71]
	at org.apache.catalina.core.StandardWrapperValve.invoke(StandardWrapperValve.java:177) ~[tomcat-embed-core-9.0.71.jar:9.0.71]
	at org.apache.catalina.core.StandardContextValve.invoke(StandardContextValve.java:97) ~[tomcat-embed-core-9.0.71.jar:9.0.71]
	at org.apache.catalina.authenticator.AuthenticatorBase.invoke(AuthenticatorBase.java:541) ~[tomcat-embed-core-9.0.71.jar:9.0.71]
	at org.apache.catalina.core.StandardHostValve.invoke(StandardHostValve.java:135) ~[tomcat-embed-core-9.0.71.jar:9.0.71]
	at org.apache.catalina.valves.ErrorReportValve.invoke(ErrorReportValve.java:92) ~[tomcat-embed-core-9.0.71.jar:9.0.71]
	at org.apache.catalina.core.StandardEngineValve.invoke(StandardEngineValve.java:78) ~[tomcat-embed-core-9.0.71.jar:9.0.71]
	at org.apache.catalina.connector.CoyoteAdapter.service(CoyoteAdapter.java:360) ~[tomcat-embed-core-9.0.71.jar:9.0.71]
	at org.apache.coyote.http11.Http11Processor.service(Http11Processor.java:399) ~[tomcat-embed-core-9.0.71.jar:9.0.71]
	at org.apache.coyote.AbstractProcessorLight.process(AbstractProcessorLight.java:65) ~[tomcat-embed-core-9.0.71.jar:9.0.71]
	at org.apache.coyote.AbstractProtocol$ConnectionHandler.process(AbstractProtocol.java:891) ~[tomcat-embed-core-9.0.71.jar:9.0.71]
	at org.apache.tomcat.util.net.NioEndpoint$SocketProcessor.doRun(NioEndpoint.java:1784) ~[tomcat-embed-core-9.0.71.jar:9.0.71]
	at org.apache.tomcat.util.net.SocketProcessorBase.run(SocketProcessorBase.java:49) ~[tomcat-embed-core-9.0.71.jar:9.0.71]
	at org.apache.tomcat.util.threads.ThreadPoolExecutor.runWorker(ThreadPoolExecutor.java:1191) ~[tomcat-embed-core-9.0.71.jar:9.0.71]
	at org.apache.tomcat.util.threads.ThreadPoolExecutor$Worker.run(ThreadPoolExecutor.java:659) ~[tomcat-embed-core-9.0.71.jar:9.0.71]
	at org.apache.tomcat.util.threads.TaskThread$WrappingRunnable.run(TaskThread.java:61) ~[tomcat-embed-core-9.0.71.jar:9.0.71]
	at java.lang.Thread.run(Thread.java:748) ~[?:1.8.0_202]
Caused by: java.net.ConnectException: Connection timed out: connect
	at java.net.DualStackPlainSocketImpl.waitForConnect(Native Method) ~[?:1.8.0_202]
	at java.net.DualStackPlainSocketImpl.socketConnect(DualStackPlainSocketImpl.java:85) ~[?:1.8.0_202]
	at java.net.AbstractPlainSocketImpl.doConnect(AbstractPlainSocketImpl.java:350) ~[?:1.8.0_202]
	at java.net.AbstractPlainSocketImpl.connectToAddress(AbstractPlainSocketImpl.java:206) ~[?:1.8.0_202]
	at java.net.AbstractPlainSocketImpl.connect(AbstractPlainSocketImpl.java:188) ~[?:1.8.0_202]
	at java.net.PlainSocketImpl.connect(PlainSocketImpl.java:172) ~[?:1.8.0_202]
	at java.net.SocksSocketImpl.connect(SocksSocketImpl.java:392) ~[?:1.8.0_202]
	at java.net.Socket.connect(Socket.java:589) ~[?:1.8.0_202]
	at com.mysql.jdbc.StandardSocketFactory.connect(StandardSocketFactory.java:211) ~[mysql-connector-java-5.1.49.jar:5.1.49]
	at com.mysql.jdbc.MysqlIO.<init>(MysqlIO.java:299) ~[mysql-connector-java-5.1.49.jar:5.1.49]
	... 100 more
[2025-04-01 15:40:26:182] [ERROR] - org.apache.juli.logging.DirectJDKLog.log(DirectJDKLog.java:175) - Servlet.service() for servlet [dispatcherServlet] in context with path [] threw exception [Request processing failed; nested exception is org.mybatis.spring.MyBatisSystemException: nested exception is org.apache.ibatis.exceptions.PersistenceException: 
### Error querying database.  Cause: org.springframework.jdbc.CannotGetJdbcConnectionException: Failed to obtain JDBC Connection; nested exception is com.mysql.jdbc.exceptions.jdbc4.CommunicationsException: Communications link failure

The last packet sent successfully to the server was 0 milliseconds ago. The driver has not received any packets from the server.
### The error may exist in file [E:\computer2\computer1\ifly\target\classes\mapper\userMapper.xml]
### The error may involve ma.com.mapper.UserMapper.getUserByAccountAndPassword
### The error occurred while executing a query
### Cause: org.springframework.jdbc.CannotGetJdbcConnectionException: Failed to obtain JDBC Connection; nested exception is com.mysql.jdbc.exceptions.jdbc4.CommunicationsException: Communications link failure

The last packet sent successfully to the server was 0 milliseconds ago. The driver has not received any packets from the server.] with root cause
java.net.ConnectException: Connection timed out: connect
	at java.net.DualStackPlainSocketImpl.waitForConnect(Native Method) ~[?:1.8.0_202]
	at java.net.DualStackPlainSocketImpl.socketConnect(DualStackPlainSocketImpl.java:85) ~[?:1.8.0_202]
	at java.net.AbstractPlainSocketImpl.doConnect(AbstractPlainSocketImpl.java:350) ~[?:1.8.0_202]
	at java.net.AbstractPlainSocketImpl.connectToAddress(AbstractPlainSocketImpl.java:206) ~[?:1.8.0_202]
	at java.net.AbstractPlainSocketImpl.connect(AbstractPlainSocketImpl.java:188) ~[?:1.8.0_202]
	at java.net.PlainSocketImpl.connect(PlainSocketImpl.java:172) ~[?:1.8.0_202]
	at java.net.SocksSocketImpl.connect(SocksSocketImpl.java:392) ~[?:1.8.0_202]
	at java.net.Socket.connect(Socket.java:589) ~[?:1.8.0_202]
	at com.mysql.jdbc.StandardSocketFactory.connect(StandardSocketFactory.java:211) ~[mysql-connector-java-5.1.49.jar:5.1.49]
	at com.mysql.jdbc.MysqlIO.<init>(MysqlIO.java:299) ~[mysql-connector-java-5.1.49.jar:5.1.49]
	at com.mysql.jdbc.ConnectionImpl.coreConnect(ConnectionImpl.java:2187) ~[mysql-connector-java-5.1.49.jar:5.1.49]
	at com.mysql.jdbc.ConnectionImpl.connectOneTryOnly(ConnectionImpl.java:2220) ~[mysql-connector-java-5.1.49.jar:5.1.49]
	at com.mysql.jdbc.ConnectionImpl.createNewIO(ConnectionImpl.java:2015) ~[mysql-connector-java-5.1.49.jar:5.1.49]
	at com.mysql.jdbc.ConnectionImpl.<init>(ConnectionImpl.java:768) ~[mysql-connector-java-5.1.49.jar:5.1.49]
	at com.mysql.jdbc.JDBC4Connection.<init>(JDBC4Connection.java:47) ~[mysql-connector-java-5.1.49.jar:5.1.49]
	at sun.reflect.NativeConstructorAccessorImpl.newInstance0(Native Method) ~[?:1.8.0_202]
	at sun.reflect.NativeConstructorAccessorImpl.newInstance(NativeConstructorAccessorImpl.java:62) ~[?:1.8.0_202]
	at sun.reflect.DelegatingConstructorAccessorImpl.newInstance(DelegatingConstructorAccessorImpl.java:45) ~[?:1.8.0_202]
	at java.lang.reflect.Constructor.newInstance(Constructor.java:423) ~[?:1.8.0_202]
	at com.mysql.jdbc.Util.handleNewInstance(Util.java:403) ~[mysql-connector-java-5.1.49.jar:5.1.49]
	at com.mysql.jdbc.ConnectionImpl.getInstance(ConnectionImpl.java:385) ~[mysql-connector-java-5.1.49.jar:5.1.49]
	at com.mysql.jdbc.NonRegisteringDriver.connect(NonRegisteringDriver.java:323) ~[mysql-connector-java-5.1.49.jar:5.1.49]
	at com.zaxxer.hikari.util.DriverDataSource.getConnection(DriverDataSource.java:138) ~[HikariCP-4.0.3.jar:?]
	at com.zaxxer.hikari.pool.PoolBase.newConnection(PoolBase.java:364) ~[HikariCP-4.0.3.jar:?]
	at com.zaxxer.hikari.pool.PoolBase.newPoolEntry(PoolBase.java:206) ~[HikariCP-4.0.3.jar:?]
	at com.zaxxer.hikari.pool.HikariPool.createPoolEntry(HikariPool.java:476) ~[HikariCP-4.0.3.jar:?]
	at com.zaxxer.hikari.pool.HikariPool.checkFailFast(HikariPool.java:561) ~[HikariCP-4.0.3.jar:?]
	at com.zaxxer.hikari.pool.HikariPool.<init>(HikariPool.java:115) ~[HikariCP-4.0.3.jar:?]
	at com.zaxxer.hikari.HikariDataSource.getConnection(HikariDataSource.java:112) ~[HikariCP-4.0.3.jar:?]
	at org.springframework.jdbc.datasource.DataSourceUtils.fetchConnection(DataSourceUtils.java:159) ~[spring-jdbc-5.3.25.jar:5.3.25]
	at org.springframework.jdbc.datasource.DataSourceUtils.doGetConnection(DataSourceUtils.java:117) ~[spring-jdbc-5.3.25.jar:5.3.25]
	at org.springframework.jdbc.datasource.DataSourceUtils.getConnection(DataSourceUtils.java:80) ~[spring-jdbc-5.3.25.jar:5.3.25]
	at org.mybatis.spring.transaction.SpringManagedTransaction.openConnection(SpringManagedTransaction.java:80) ~[mybatis-spring-2.1.0.jar:2.1.0]
	at org.mybatis.spring.transaction.SpringManagedTransaction.getConnection(SpringManagedTransaction.java:67) ~[mybatis-spring-2.1.0.jar:2.1.0]
	at org.apache.ibatis.executor.BaseExecutor.getConnection(BaseExecutor.java:337) ~[mybatis-3.5.11.jar:3.5.11]
	at org.apache.ibatis.executor.SimpleExecutor.prepareStatement(SimpleExecutor.java:86) ~[mybatis-3.5.11.jar:3.5.11]
	at org.apache.ibatis.executor.SimpleExecutor.doQuery(SimpleExecutor.java:62) ~[mybatis-3.5.11.jar:3.5.11]
	at org.apache.ibatis.executor.BaseExecutor.queryFromDatabase(BaseExecutor.java:325) ~[mybatis-3.5.11.jar:3.5.11]
	at org.apache.ibatis.executor.BaseExecutor.query(BaseExecutor.java:156) ~[mybatis-3.5.11.jar:3.5.11]
	at org.apache.ibatis.executor.CachingExecutor.query(CachingExecutor.java:109) ~[mybatis-3.5.11.jar:3.5.11]
	at com.github.pagehelper.PageInterceptor.intercept(PageInterceptor.java:151) ~[pagehelper-5.3.2.jar:?]
	at org.apache.ibatis.plugin.Plugin.invoke(Plugin.java:62) ~[mybatis-3.5.11.jar:3.5.11]
	at com.sun.proxy.$Proxy131.query(Unknown Source) ~[?:?]
	at org.apache.ibatis.session.defaults.DefaultSqlSession.selectList(DefaultSqlSession.java:151) ~[mybatis-3.5.11.jar:3.5.11]
	at org.apache.ibatis.session.defaults.DefaultSqlSession.selectList(DefaultSqlSession.java:145) ~[mybatis-3.5.11.jar:3.5.11]
	at org.apache.ibatis.session.defaults.DefaultSqlSession.selectList(DefaultSqlSession.java:140) ~[mybatis-3.5.11.jar:3.5.11]
	at org.apache.ibatis.session.defaults.DefaultSqlSession.selectOne(DefaultSqlSession.java:76) ~[mybatis-3.5.11.jar:3.5.11]
	at sun.reflect.NativeMethodAccessorImpl.invoke0(Native Method) ~[?:1.8.0_202]
	at sun.reflect.NativeMethodAccessorImpl.invoke(NativeMethodAccessorImpl.java:62) ~[?:1.8.0_202]
	at sun.reflect.DelegatingMethodAccessorImpl.invoke(DelegatingMethodAccessorImpl.java:43) ~[?:1.8.0_202]
	at java.lang.reflect.Method.invoke(Method.java:498) ~[?:1.8.0_202]
	at org.mybatis.spring.SqlSessionTemplate$SqlSessionInterceptor.invoke(SqlSessionTemplate.java:425) ~[mybatis-spring-2.1.0.jar:2.1.0]
	at com.sun.proxy.$Proxy91.selectOne(Unknown Source) ~[?:?]
	at org.mybatis.spring.SqlSessionTemplate.selectOne(SqlSessionTemplate.java:160) ~[mybatis-spring-2.1.0.jar:2.1.0]
	at org.apache.ibatis.binding.MapperMethod.execute(MapperMethod.java:87) ~[mybatis-3.5.11.jar:3.5.11]
	at org.apache.ibatis.binding.MapperProxy$PlainMethodInvoker.invoke(MapperProxy.java:145) ~[mybatis-3.5.11.jar:3.5.11]
	at org.apache.ibatis.binding.MapperProxy.invoke(MapperProxy.java:86) ~[mybatis-3.5.11.jar:3.5.11]
	at com.sun.proxy.$Proxy109.getUserByAccountAndPassword(Unknown Source) ~[?:?]
	at ma.com.serviceImp.UserServiceImp.getUserByAccountAndPassword(UserServiceImp.java:24) ~[classes/:?]
	at ma.com.controller.UserController.login(UserController.java:38) ~[classes/:?]
	at sun.reflect.NativeMethodAccessorImpl.invoke0(Native Method) ~[?:1.8.0_202]
	at sun.reflect.NativeMethodAccessorImpl.invoke(NativeMethodAccessorImpl.java:62) ~[?:1.8.0_202]
	at sun.reflect.DelegatingMethodAccessorImpl.invoke(DelegatingMethodAccessorImpl.java:43) ~[?:1.8.0_202]
	at java.lang.reflect.Method.invoke(Method.java:498) ~[?:1.8.0_202]
	at org.springframework.web.method.support.InvocableHandlerMethod.doInvoke(InvocableHandlerMethod.java:205) ~[spring-web-5.3.25.jar:5.3.25]
	at org.springframework.web.method.support.InvocableHandlerMethod.invokeForRequest(InvocableHandlerMethod.java:150) ~[spring-web-5.3.25.jar:5.3.25]
	at org.springframework.web.servlet.mvc.method.annotation.ServletInvocableHandlerMethod.invokeAndHandle(ServletInvocableHandlerMethod.java:117) ~[spring-webmvc-5.3.25.jar:5.3.25]
	at org.springframework.web.servlet.mvc.method.annotation.RequestMappingHandlerAdapter.invokeHandlerMethod(RequestMappingHandlerAdapter.java:895) ~[spring-webmvc-5.3.25.jar:5.3.25]
	at org.springframework.web.servlet.mvc.method.annotation.RequestMappingHandlerAdapter.handleInternal(RequestMappingHandlerAdapter.java:808) ~[spring-webmvc-5.3.25.jar:5.3.25]
	at org.springframework.web.servlet.mvc.method.AbstractHandlerMethodAdapter.handle(AbstractHandlerMethodAdapter.java:87) ~[spring-webmvc-5.3.25.jar:5.3.25]
	at org.springframework.web.servlet.DispatcherServlet.doDispatch(DispatcherServlet.java:1071) ~[spring-webmvc-5.3.25.jar:5.3.25]
	at org.springframework.web.servlet.DispatcherServlet.doService(DispatcherServlet.java:964) ~[spring-webmvc-5.3.25.jar:5.3.25]
	at org.springframework.web.servlet.FrameworkServlet.processRequest(FrameworkServlet.java:1006) ~[spring-webmvc-5.3.25.jar:5.3.25]
	at org.springframework.web.servlet.FrameworkServlet.doPost(FrameworkServlet.java:909) ~[spring-webmvc-5.3.25.jar:5.3.25]
	at javax.servlet.http.HttpServlet.service(HttpServlet.java:696) ~[tomcat-embed-core-9.0.71.jar:4.0.FR]
	at org.springframework.web.servlet.FrameworkServlet.service(FrameworkServlet.java:883) ~[spring-webmvc-5.3.25.jar:5.3.25]
	at javax.servlet.http.HttpServlet.service(HttpServlet.java:779) ~[tomcat-embed-core-9.0.71.jar:4.0.FR]
	at org.apache.catalina.core.ApplicationFilterChain.internalDoFilter(ApplicationFilterChain.java:227) ~[tomcat-embed-core-9.0.71.jar:9.0.71]
	at org.apache.catalina.core.ApplicationFilterChain.doFilter(ApplicationFilterChain.java:162) ~[tomcat-embed-core-9.0.71.jar:9.0.71]
	at org.apache.tomcat.websocket.server.WsFilter.doFilter(WsFilter.java:53) ~[tomcat-embed-websocket-9.0.71.jar:9.0.71]
	at org.apache.catalina.core.ApplicationFilterChain.internalDoFilter(ApplicationFilterChain.java:189) ~[tomcat-embed-core-9.0.71.jar:9.0.71]
	at org.apache.catalina.core.ApplicationFilterChain.doFilter(ApplicationFilterChain.java:162) ~[tomcat-embed-core-9.0.71.jar:9.0.71]
	at org.springframework.web.filter.RequestContextFilter.doFilterInternal(RequestContextFilter.java:100) ~[spring-web-5.3.25.jar:5.3.25]
	at org.springframework.web.filter.OncePerRequestFilter.doFilter(OncePerRequestFilter.java:117) ~[spring-web-5.3.25.jar:5.3.25]
	at org.apache.catalina.core.ApplicationFilterChain.internalDoFilter(ApplicationFilterChain.java:189) ~[tomcat-embed-core-9.0.71.jar:9.0.71]
	at org.apache.catalina.core.ApplicationFilterChain.doFilter(ApplicationFilterChain.java:162) ~[tomcat-embed-core-9.0.71.jar:9.0.71]
	at org.springframework.web.filter.FormContentFilter.doFilterInternal(FormContentFilter.java:93) ~[spring-web-5.3.25.jar:5.3.25]
	at org.springframework.web.filter.OncePerRequestFilter.doFilter(OncePerRequestFilter.java:117) ~[spring-web-5.3.25.jar:5.3.25]
	at org.apache.catalina.core.ApplicationFilterChain.internalDoFilter(ApplicationFilterChain.java:189) ~[tomcat-embed-core-9.0.71.jar:9.0.71]
	at org.apache.catalina.core.ApplicationFilterChain.doFilter(ApplicationFilterChain.java:162) ~[tomcat-embed-core-9.0.71.jar:9.0.71]
	at org.springframework.web.filter.CharacterEncodingFilter.doFilterInternal(CharacterEncodingFilter.java:201) ~[spring-web-5.3.25.jar:5.3.25]
	at org.springframework.web.filter.OncePerRequestFilter.doFilter(OncePerRequestFilter.java:117) ~[spring-web-5.3.25.jar:5.3.25]
	at org.apache.catalina.core.ApplicationFilterChain.internalDoFilter(ApplicationFilterChain.java:189) ~[tomcat-embed-core-9.0.71.jar:9.0.71]
	at org.apache.catalina.core.ApplicationFilterChain.doFilter(ApplicationFilterChain.java:162) ~[tomcat-embed-core-9.0.71.jar:9.0.71]
	at org.apache.catalina.core.StandardWrapperValve.invoke(StandardWrapperValve.java:177) ~[tomcat-embed-core-9.0.71.jar:9.0.71]
	at org.apache.catalina.core.StandardContextValve.invoke(StandardContextValve.java:97) ~[tomcat-embed-core-9.0.71.jar:9.0.71]
	at org.apache.catalina.authenticator.AuthenticatorBase.invoke(AuthenticatorBase.java:541) ~[tomcat-embed-core-9.0.71.jar:9.0.71]
	at org.apache.catalina.core.StandardHostValve.invoke(StandardHostValve.java:135) ~[tomcat-embed-core-9.0.71.jar:9.0.71]
	at org.apache.catalina.valves.ErrorReportValve.invoke(ErrorReportValve.java:92) ~[tomcat-embed-core-9.0.71.jar:9.0.71]
	at org.apache.catalina.core.StandardEngineValve.invoke(StandardEngineValve.java:78) ~[tomcat-embed-core-9.0.71.jar:9.0.71]
	at org.apache.catalina.connector.CoyoteAdapter.service(CoyoteAdapter.java:360) ~[tomcat-embed-core-9.0.71.jar:9.0.71]
	at org.apache.coyote.http11.Http11Processor.service(Http11Processor.java:399) ~[tomcat-embed-core-9.0.71.jar:9.0.71]
	at org.apache.coyote.AbstractProcessorLight.process(AbstractProcessorLight.java:65) ~[tomcat-embed-core-9.0.71.jar:9.0.71]
	at org.apache.coyote.AbstractProtocol$ConnectionHandler.process(AbstractProtocol.java:891) ~[tomcat-embed-core-9.0.71.jar:9.0.71]
	at org.apache.tomcat.util.net.NioEndpoint$SocketProcessor.doRun(NioEndpoint.java:1784) ~[tomcat-embed-core-9.0.71.jar:9.0.71]
	at org.apache.tomcat.util.net.SocketProcessorBase.run(SocketProcessorBase.java:49) ~[tomcat-embed-core-9.0.71.jar:9.0.71]
	at org.apache.tomcat.util.threads.ThreadPoolExecutor.runWorker(ThreadPoolExecutor.java:1191) ~[tomcat-embed-core-9.0.71.jar:9.0.71]
	at org.apache.tomcat.util.threads.ThreadPoolExecutor$Worker.run(ThreadPoolExecutor.java:659) ~[tomcat-embed-core-9.0.71.jar:9.0.71]
	at org.apache.tomcat.util.threads.TaskThread$WrappingRunnable.run(TaskThread.java:61) ~[tomcat-embed-core-9.0.71.jar:9.0.71]
	at java.lang.Thread.run(Thread.java:748) ~[?:1.8.0_202]
[2025-04-01 15:40:48:235] [ERROR] - com.zaxxer.hikari.pool.HikariPool.throwPoolInitializationException(HikariPool.java:594) - HikariPool-1 - Exception during pool initialization.
com.mysql.jdbc.exceptions.jdbc4.CommunicationsException: Communications link failure

The last packet sent successfully to the server was 0 milliseconds ago. The driver has not received any packets from the server.
	at sun.reflect.NativeConstructorAccessorImpl.newInstance0(Native Method) ~[?:1.8.0_202]
	at sun.reflect.NativeConstructorAccessorImpl.newInstance(NativeConstructorAccessorImpl.java:62) ~[?:1.8.0_202]
	at sun.reflect.DelegatingConstructorAccessorImpl.newInstance(DelegatingConstructorAccessorImpl.java:45) ~[?:1.8.0_202]
	at java.lang.reflect.Constructor.newInstance(Constructor.java:423) ~[?:1.8.0_202]
	at com.mysql.jdbc.Util.handleNewInstance(Util.java:403) ~[mysql-connector-java-5.1.49.jar:5.1.49]
	at com.mysql.jdbc.SQLError.createCommunicationsException(SQLError.java:990) ~[mysql-connector-java-5.1.49.jar:5.1.49]
	at com.mysql.jdbc.MysqlIO.<init>(MysqlIO.java:335) ~[mysql-connector-java-5.1.49.jar:5.1.49]
	at com.mysql.jdbc.ConnectionImpl.coreConnect(ConnectionImpl.java:2187) ~[mysql-connector-java-5.1.49.jar:5.1.49]
	at com.mysql.jdbc.ConnectionImpl.connectOneTryOnly(ConnectionImpl.java:2220) ~[mysql-connector-java-5.1.49.jar:5.1.49]
	at com.mysql.jdbc.ConnectionImpl.createNewIO(ConnectionImpl.java:2015) ~[mysql-connector-java-5.1.49.jar:5.1.49]
	at com.mysql.jdbc.ConnectionImpl.<init>(ConnectionImpl.java:768) ~[mysql-connector-java-5.1.49.jar:5.1.49]
	at com.mysql.jdbc.JDBC4Connection.<init>(JDBC4Connection.java:47) ~[mysql-connector-java-5.1.49.jar:5.1.49]
	at sun.reflect.NativeConstructorAccessorImpl.newInstance0(Native Method) ~[?:1.8.0_202]
	at sun.reflect.NativeConstructorAccessorImpl.newInstance(NativeConstructorAccessorImpl.java:62) ~[?:1.8.0_202]
	at sun.reflect.DelegatingConstructorAccessorImpl.newInstance(DelegatingConstructorAccessorImpl.java:45) ~[?:1.8.0_202]
	at java.lang.reflect.Constructor.newInstance(Constructor.java:423) ~[?:1.8.0_202]
	at com.mysql.jdbc.Util.handleNewInstance(Util.java:403) ~[mysql-connector-java-5.1.49.jar:5.1.49]
	at com.mysql.jdbc.ConnectionImpl.getInstance(ConnectionImpl.java:385) ~[mysql-connector-java-5.1.49.jar:5.1.49]
	at com.mysql.jdbc.NonRegisteringDriver.connect(NonRegisteringDriver.java:323) ~[mysql-connector-java-5.1.49.jar:5.1.49]
	at com.zaxxer.hikari.util.DriverDataSource.getConnection(DriverDataSource.java:138) ~[HikariCP-4.0.3.jar:?]
	at com.zaxxer.hikari.pool.PoolBase.newConnection(PoolBase.java:364) ~[HikariCP-4.0.3.jar:?]
	at com.zaxxer.hikari.pool.PoolBase.newPoolEntry(PoolBase.java:206) ~[HikariCP-4.0.3.jar:?]
	at com.zaxxer.hikari.pool.HikariPool.createPoolEntry(HikariPool.java:476) ~[HikariCP-4.0.3.jar:?]
	at com.zaxxer.hikari.pool.HikariPool.checkFailFast(HikariPool.java:561) ~[HikariCP-4.0.3.jar:?]
	at com.zaxxer.hikari.pool.HikariPool.<init>(HikariPool.java:115) ~[HikariCP-4.0.3.jar:?]
	at com.zaxxer.hikari.HikariDataSource.getConnection(HikariDataSource.java:112) ~[HikariCP-4.0.3.jar:?]
	at org.springframework.jdbc.datasource.DataSourceUtils.fetchConnection(DataSourceUtils.java:159) ~[spring-jdbc-5.3.25.jar:5.3.25]
	at org.springframework.jdbc.datasource.DataSourceUtils.doGetConnection(DataSourceUtils.java:117) ~[spring-jdbc-5.3.25.jar:5.3.25]
	at org.springframework.jdbc.datasource.DataSourceUtils.getConnection(DataSourceUtils.java:80) ~[spring-jdbc-5.3.25.jar:5.3.25]
	at org.mybatis.spring.transaction.SpringManagedTransaction.openConnection(SpringManagedTransaction.java:80) ~[mybatis-spring-2.1.0.jar:2.1.0]
	at org.mybatis.spring.transaction.SpringManagedTransaction.getConnection(SpringManagedTransaction.java:67) ~[mybatis-spring-2.1.0.jar:2.1.0]
	at org.apache.ibatis.executor.BaseExecutor.getConnection(BaseExecutor.java:337) ~[mybatis-3.5.11.jar:3.5.11]
	at org.apache.ibatis.executor.SimpleExecutor.prepareStatement(SimpleExecutor.java:86) ~[mybatis-3.5.11.jar:3.5.11]
	at org.apache.ibatis.executor.SimpleExecutor.doQuery(SimpleExecutor.java:62) ~[mybatis-3.5.11.jar:3.5.11]
	at org.apache.ibatis.executor.BaseExecutor.queryFromDatabase(BaseExecutor.java:325) ~[mybatis-3.5.11.jar:3.5.11]
	at org.apache.ibatis.executor.BaseExecutor.query(BaseExecutor.java:156) ~[mybatis-3.5.11.jar:3.5.11]
	at org.apache.ibatis.executor.CachingExecutor.query(CachingExecutor.java:109) ~[mybatis-3.5.11.jar:3.5.11]
	at com.github.pagehelper.PageInterceptor.intercept(PageInterceptor.java:151) ~[pagehelper-5.3.2.jar:?]
	at org.apache.ibatis.plugin.Plugin.invoke(Plugin.java:62) ~[mybatis-3.5.11.jar:3.5.11]
	at com.sun.proxy.$Proxy131.query(Unknown Source) ~[?:?]
	at org.apache.ibatis.session.defaults.DefaultSqlSession.selectList(DefaultSqlSession.java:151) ~[mybatis-3.5.11.jar:3.5.11]
	at org.apache.ibatis.session.defaults.DefaultSqlSession.selectList(DefaultSqlSession.java:145) ~[mybatis-3.5.11.jar:3.5.11]
	at org.apache.ibatis.session.defaults.DefaultSqlSession.selectList(DefaultSqlSession.java:140) ~[mybatis-3.5.11.jar:3.5.11]
	at org.apache.ibatis.session.defaults.DefaultSqlSession.selectOne(DefaultSqlSession.java:76) ~[mybatis-3.5.11.jar:3.5.11]
	at sun.reflect.NativeMethodAccessorImpl.invoke0(Native Method) ~[?:1.8.0_202]
	at sun.reflect.NativeMethodAccessorImpl.invoke(NativeMethodAccessorImpl.java:62) ~[?:1.8.0_202]
	at sun.reflect.DelegatingMethodAccessorImpl.invoke(DelegatingMethodAccessorImpl.java:43) ~[?:1.8.0_202]
	at java.lang.reflect.Method.invoke(Method.java:498) ~[?:1.8.0_202]
	at org.mybatis.spring.SqlSessionTemplate$SqlSessionInterceptor.invoke(SqlSessionTemplate.java:425) ~[mybatis-spring-2.1.0.jar:2.1.0]
	at com.sun.proxy.$Proxy91.selectOne(Unknown Source) ~[?:?]
	at org.mybatis.spring.SqlSessionTemplate.selectOne(SqlSessionTemplate.java:160) ~[mybatis-spring-2.1.0.jar:2.1.0]
	at org.apache.ibatis.binding.MapperMethod.execute(MapperMethod.java:87) ~[mybatis-3.5.11.jar:3.5.11]
	at org.apache.ibatis.binding.MapperProxy$PlainMethodInvoker.invoke(MapperProxy.java:145) ~[mybatis-3.5.11.jar:3.5.11]
	at org.apache.ibatis.binding.MapperProxy.invoke(MapperProxy.java:86) ~[mybatis-3.5.11.jar:3.5.11]
	at com.sun.proxy.$Proxy109.getUserByAccountAndPassword(Unknown Source) ~[?:?]
	at ma.com.serviceImp.UserServiceImp.getUserByAccountAndPassword(UserServiceImp.java:24) ~[classes/:?]
	at ma.com.controller.UserController.login(UserController.java:38) ~[classes/:?]
	at sun.reflect.NativeMethodAccessorImpl.invoke0(Native Method) ~[?:1.8.0_202]
	at sun.reflect.NativeMethodAccessorImpl.invoke(NativeMethodAccessorImpl.java:62) ~[?:1.8.0_202]
	at sun.reflect.DelegatingMethodAccessorImpl.invoke(DelegatingMethodAccessorImpl.java:43) ~[?:1.8.0_202]
	at java.lang.reflect.Method.invoke(Method.java:498) ~[?:1.8.0_202]
	at org.springframework.web.method.support.InvocableHandlerMethod.doInvoke(InvocableHandlerMethod.java:205) ~[spring-web-5.3.25.jar:5.3.25]
	at org.springframework.web.method.support.InvocableHandlerMethod.invokeForRequest(InvocableHandlerMethod.java:150) ~[spring-web-5.3.25.jar:5.3.25]
	at org.springframework.web.servlet.mvc.method.annotation.ServletInvocableHandlerMethod.invokeAndHandle(ServletInvocableHandlerMethod.java:117) ~[spring-webmvc-5.3.25.jar:5.3.25]
	at org.springframework.web.servlet.mvc.method.annotation.RequestMappingHandlerAdapter.invokeHandlerMethod(RequestMappingHandlerAdapter.java:895) ~[spring-webmvc-5.3.25.jar:5.3.25]
	at org.springframework.web.servlet.mvc.method.annotation.RequestMappingHandlerAdapter.handleInternal(RequestMappingHandlerAdapter.java:808) ~[spring-webmvc-5.3.25.jar:5.3.25]
	at org.springframework.web.servlet.mvc.method.AbstractHandlerMethodAdapter.handle(AbstractHandlerMethodAdapter.java:87) ~[spring-webmvc-5.3.25.jar:5.3.25]
	at org.springframework.web.servlet.DispatcherServlet.doDispatch(DispatcherServlet.java:1071) ~[spring-webmvc-5.3.25.jar:5.3.25]
	at org.springframework.web.servlet.DispatcherServlet.doService(DispatcherServlet.java:964) ~[spring-webmvc-5.3.25.jar:5.3.25]
	at org.springframework.web.servlet.FrameworkServlet.processRequest(FrameworkServlet.java:1006) ~[spring-webmvc-5.3.25.jar:5.3.25]
	at org.springframework.web.servlet.FrameworkServlet.doPost(FrameworkServlet.java:909) ~[spring-webmvc-5.3.25.jar:5.3.25]
	at javax.servlet.http.HttpServlet.service(HttpServlet.java:696) ~[tomcat-embed-core-9.0.71.jar:4.0.FR]
	at org.springframework.web.servlet.FrameworkServlet.service(FrameworkServlet.java:883) ~[spring-webmvc-5.3.25.jar:5.3.25]
	at javax.servlet.http.HttpServlet.service(HttpServlet.java:779) ~[tomcat-embed-core-9.0.71.jar:4.0.FR]
	at org.apache.catalina.core.ApplicationFilterChain.internalDoFilter(ApplicationFilterChain.java:227) ~[tomcat-embed-core-9.0.71.jar:9.0.71]
	at org.apache.catalina.core.ApplicationFilterChain.doFilter(ApplicationFilterChain.java:162) ~[tomcat-embed-core-9.0.71.jar:9.0.71]
	at org.apache.tomcat.websocket.server.WsFilter.doFilter(WsFilter.java:53) ~[tomcat-embed-websocket-9.0.71.jar:9.0.71]
	at org.apache.catalina.core.ApplicationFilterChain.internalDoFilter(ApplicationFilterChain.java:189) ~[tomcat-embed-core-9.0.71.jar:9.0.71]
	at org.apache.catalina.core.ApplicationFilterChain.doFilter(ApplicationFilterChain.java:162) ~[tomcat-embed-core-9.0.71.jar:9.0.71]
	at org.springframework.web.filter.RequestContextFilter.doFilterInternal(RequestContextFilter.java:100) ~[spring-web-5.3.25.jar:5.3.25]
	at org.springframework.web.filter.OncePerRequestFilter.doFilter(OncePerRequestFilter.java:117) ~[spring-web-5.3.25.jar:5.3.25]
	at org.apache.catalina.core.ApplicationFilterChain.internalDoFilter(ApplicationFilterChain.java:189) ~[tomcat-embed-core-9.0.71.jar:9.0.71]
	at org.apache.catalina.core.ApplicationFilterChain.doFilter(ApplicationFilterChain.java:162) ~[tomcat-embed-core-9.0.71.jar:9.0.71]
	at org.springframework.web.filter.FormContentFilter.doFilterInternal(FormContentFilter.java:93) ~[spring-web-5.3.25.jar:5.3.25]
	at org.springframework.web.filter.OncePerRequestFilter.doFilter(OncePerRequestFilter.java:117) ~[spring-web-5.3.25.jar:5.3.25]
	at org.apache.catalina.core.ApplicationFilterChain.internalDoFilter(ApplicationFilterChain.java:189) ~[tomcat-embed-core-9.0.71.jar:9.0.71]
	at org.apache.catalina.core.ApplicationFilterChain.doFilter(ApplicationFilterChain.java:162) ~[tomcat-embed-core-9.0.71.jar:9.0.71]
	at org.springframework.web.filter.CharacterEncodingFilter.doFilterInternal(CharacterEncodingFilter.java:201) ~[spring-web-5.3.25.jar:5.3.25]
	at org.springframework.web.filter.OncePerRequestFilter.doFilter(OncePerRequestFilter.java:117) ~[spring-web-5.3.25.jar:5.3.25]
	at org.apache.catalina.core.ApplicationFilterChain.internalDoFilter(ApplicationFilterChain.java:189) ~[tomcat-embed-core-9.0.71.jar:9.0.71]
	at org.apache.catalina.core.ApplicationFilterChain.doFilter(ApplicationFilterChain.java:162) ~[tomcat-embed-core-9.0.71.jar:9.0.71]
	at org.apache.catalina.core.StandardWrapperValve.invoke(StandardWrapperValve.java:177) ~[tomcat-embed-core-9.0.71.jar:9.0.71]
	at org.apache.catalina.core.StandardContextValve.invoke(StandardContextValve.java:97) ~[tomcat-embed-core-9.0.71.jar:9.0.71]
	at org.apache.catalina.authenticator.AuthenticatorBase.invoke(AuthenticatorBase.java:541) ~[tomcat-embed-core-9.0.71.jar:9.0.71]
	at org.apache.catalina.core.StandardHostValve.invoke(StandardHostValve.java:135) ~[tomcat-embed-core-9.0.71.jar:9.0.71]
	at org.apache.catalina.valves.ErrorReportValve.invoke(ErrorReportValve.java:92) ~[tomcat-embed-core-9.0.71.jar:9.0.71]
	at org.apache.catalina.core.StandardEngineValve.invoke(StandardEngineValve.java:78) ~[tomcat-embed-core-9.0.71.jar:9.0.71]
	at org.apache.catalina.connector.CoyoteAdapter.service(CoyoteAdapter.java:360) ~[tomcat-embed-core-9.0.71.jar:9.0.71]
	at org.apache.coyote.http11.Http11Processor.service(Http11Processor.java:399) ~[tomcat-embed-core-9.0.71.jar:9.0.71]
	at org.apache.coyote.AbstractProcessorLight.process(AbstractProcessorLight.java:65) ~[tomcat-embed-core-9.0.71.jar:9.0.71]
	at org.apache.coyote.AbstractProtocol$ConnectionHandler.process(AbstractProtocol.java:891) ~[tomcat-embed-core-9.0.71.jar:9.0.71]
	at org.apache.tomcat.util.net.NioEndpoint$SocketProcessor.doRun(NioEndpoint.java:1784) ~[tomcat-embed-core-9.0.71.jar:9.0.71]
	at org.apache.tomcat.util.net.SocketProcessorBase.run(SocketProcessorBase.java:49) ~[tomcat-embed-core-9.0.71.jar:9.0.71]
	at org.apache.tomcat.util.threads.ThreadPoolExecutor.runWorker(ThreadPoolExecutor.java:1191) ~[tomcat-embed-core-9.0.71.jar:9.0.71]
	at org.apache.tomcat.util.threads.ThreadPoolExecutor$Worker.run(ThreadPoolExecutor.java:659) ~[tomcat-embed-core-9.0.71.jar:9.0.71]
	at org.apache.tomcat.util.threads.TaskThread$WrappingRunnable.run(TaskThread.java:61) ~[tomcat-embed-core-9.0.71.jar:9.0.71]
	at java.lang.Thread.run(Thread.java:748) ~[?:1.8.0_202]
Caused by: java.net.ConnectException: Connection timed out: connect
	at java.net.DualStackPlainSocketImpl.waitForConnect(Native Method) ~[?:1.8.0_202]
	at java.net.DualStackPlainSocketImpl.socketConnect(DualStackPlainSocketImpl.java:85) ~[?:1.8.0_202]
	at java.net.AbstractPlainSocketImpl.doConnect(AbstractPlainSocketImpl.java:350) ~[?:1.8.0_202]
	at java.net.AbstractPlainSocketImpl.connectToAddress(AbstractPlainSocketImpl.java:206) ~[?:1.8.0_202]
	at java.net.AbstractPlainSocketImpl.connect(AbstractPlainSocketImpl.java:188) ~[?:1.8.0_202]
	at java.net.PlainSocketImpl.connect(PlainSocketImpl.java:172) ~[?:1.8.0_202]
	at java.net.SocksSocketImpl.connect(SocksSocketImpl.java:392) ~[?:1.8.0_202]
	at java.net.Socket.connect(Socket.java:589) ~[?:1.8.0_202]
	at com.mysql.jdbc.StandardSocketFactory.connect(StandardSocketFactory.java:211) ~[mysql-connector-java-5.1.49.jar:5.1.49]
	at com.mysql.jdbc.MysqlIO.<init>(MysqlIO.java:299) ~[mysql-connector-java-5.1.49.jar:5.1.49]
	... 100 more
[2025-04-01 15:40:48:240] [ERROR] - org.apache.juli.logging.DirectJDKLog.log(DirectJDKLog.java:175) - Servlet.service() for servlet [dispatcherServlet] in context with path [] threw exception [Request processing failed; nested exception is org.mybatis.spring.MyBatisSystemException: nested exception is org.apache.ibatis.exceptions.PersistenceException: 
### Error querying database.  Cause: org.springframework.jdbc.CannotGetJdbcConnectionException: Failed to obtain JDBC Connection; nested exception is com.mysql.jdbc.exceptions.jdbc4.CommunicationsException: Communications link failure

The last packet sent successfully to the server was 0 milliseconds ago. The driver has not received any packets from the server.
### The error may exist in file [E:\computer2\computer1\ifly\target\classes\mapper\userMapper.xml]
### The error may involve ma.com.mapper.UserMapper.getUserByAccountAndPassword
### The error occurred while executing a query
### Cause: org.springframework.jdbc.CannotGetJdbcConnectionException: Failed to obtain JDBC Connection; nested exception is com.mysql.jdbc.exceptions.jdbc4.CommunicationsException: Communications link failure

The last packet sent successfully to the server was 0 milliseconds ago. The driver has not received any packets from the server.] with root cause
java.net.ConnectException: Connection timed out: connect
	at java.net.DualStackPlainSocketImpl.waitForConnect(Native Method) ~[?:1.8.0_202]
	at java.net.DualStackPlainSocketImpl.socketConnect(DualStackPlainSocketImpl.java:85) ~[?:1.8.0_202]
	at java.net.AbstractPlainSocketImpl.doConnect(AbstractPlainSocketImpl.java:350) ~[?:1.8.0_202]
	at java.net.AbstractPlainSocketImpl.connectToAddress(AbstractPlainSocketImpl.java:206) ~[?:1.8.0_202]
	at java.net.AbstractPlainSocketImpl.connect(AbstractPlainSocketImpl.java:188) ~[?:1.8.0_202]
	at java.net.PlainSocketImpl.connect(PlainSocketImpl.java:172) ~[?:1.8.0_202]
	at java.net.SocksSocketImpl.connect(SocksSocketImpl.java:392) ~[?:1.8.0_202]
	at java.net.Socket.connect(Socket.java:589) ~[?:1.8.0_202]
	at com.mysql.jdbc.StandardSocketFactory.connect(StandardSocketFactory.java:211) ~[mysql-connector-java-5.1.49.jar:5.1.49]
	at com.mysql.jdbc.MysqlIO.<init>(MysqlIO.java:299) ~[mysql-connector-java-5.1.49.jar:5.1.49]
	at com.mysql.jdbc.ConnectionImpl.coreConnect(ConnectionImpl.java:2187) ~[mysql-connector-java-5.1.49.jar:5.1.49]
	at com.mysql.jdbc.ConnectionImpl.connectOneTryOnly(ConnectionImpl.java:2220) ~[mysql-connector-java-5.1.49.jar:5.1.49]
	at com.mysql.jdbc.ConnectionImpl.createNewIO(ConnectionImpl.java:2015) ~[mysql-connector-java-5.1.49.jar:5.1.49]
	at com.mysql.jdbc.ConnectionImpl.<init>(ConnectionImpl.java:768) ~[mysql-connector-java-5.1.49.jar:5.1.49]
	at com.mysql.jdbc.JDBC4Connection.<init>(JDBC4Connection.java:47) ~[mysql-connector-java-5.1.49.jar:5.1.49]
	at sun.reflect.NativeConstructorAccessorImpl.newInstance0(Native Method) ~[?:1.8.0_202]
	at sun.reflect.NativeConstructorAccessorImpl.newInstance(NativeConstructorAccessorImpl.java:62) ~[?:1.8.0_202]
	at sun.reflect.DelegatingConstructorAccessorImpl.newInstance(DelegatingConstructorAccessorImpl.java:45) ~[?:1.8.0_202]
	at java.lang.reflect.Constructor.newInstance(Constructor.java:423) ~[?:1.8.0_202]
	at com.mysql.jdbc.Util.handleNewInstance(Util.java:403) ~[mysql-connector-java-5.1.49.jar:5.1.49]
	at com.mysql.jdbc.ConnectionImpl.getInstance(ConnectionImpl.java:385) ~[mysql-connector-java-5.1.49.jar:5.1.49]
	at com.mysql.jdbc.NonRegisteringDriver.connect(NonRegisteringDriver.java:323) ~[mysql-connector-java-5.1.49.jar:5.1.49]
	at com.zaxxer.hikari.util.DriverDataSource.getConnection(DriverDataSource.java:138) ~[HikariCP-4.0.3.jar:?]
	at com.zaxxer.hikari.pool.PoolBase.newConnection(PoolBase.java:364) ~[HikariCP-4.0.3.jar:?]
	at com.zaxxer.hikari.pool.PoolBase.newPoolEntry(PoolBase.java:206) ~[HikariCP-4.0.3.jar:?]
	at com.zaxxer.hikari.pool.HikariPool.createPoolEntry(HikariPool.java:476) ~[HikariCP-4.0.3.jar:?]
	at com.zaxxer.hikari.pool.HikariPool.checkFailFast(HikariPool.java:561) ~[HikariCP-4.0.3.jar:?]
	at com.zaxxer.hikari.pool.HikariPool.<init>(HikariPool.java:115) ~[HikariCP-4.0.3.jar:?]
	at com.zaxxer.hikari.HikariDataSource.getConnection(HikariDataSource.java:112) ~[HikariCP-4.0.3.jar:?]
	at org.springframework.jdbc.datasource.DataSourceUtils.fetchConnection(DataSourceUtils.java:159) ~[spring-jdbc-5.3.25.jar:5.3.25]
	at org.springframework.jdbc.datasource.DataSourceUtils.doGetConnection(DataSourceUtils.java:117) ~[spring-jdbc-5.3.25.jar:5.3.25]
	at org.springframework.jdbc.datasource.DataSourceUtils.getConnection(DataSourceUtils.java:80) ~[spring-jdbc-5.3.25.jar:5.3.25]
	at org.mybatis.spring.transaction.SpringManagedTransaction.openConnection(SpringManagedTransaction.java:80) ~[mybatis-spring-2.1.0.jar:2.1.0]
	at org.mybatis.spring.transaction.SpringManagedTransaction.getConnection(SpringManagedTransaction.java:67) ~[mybatis-spring-2.1.0.jar:2.1.0]
	at org.apache.ibatis.executor.BaseExecutor.getConnection(BaseExecutor.java:337) ~[mybatis-3.5.11.jar:3.5.11]
	at org.apache.ibatis.executor.SimpleExecutor.prepareStatement(SimpleExecutor.java:86) ~[mybatis-3.5.11.jar:3.5.11]
	at org.apache.ibatis.executor.SimpleExecutor.doQuery(SimpleExecutor.java:62) ~[mybatis-3.5.11.jar:3.5.11]
	at org.apache.ibatis.executor.BaseExecutor.queryFromDatabase(BaseExecutor.java:325) ~[mybatis-3.5.11.jar:3.5.11]
	at org.apache.ibatis.executor.BaseExecutor.query(BaseExecutor.java:156) ~[mybatis-3.5.11.jar:3.5.11]
	at org.apache.ibatis.executor.CachingExecutor.query(CachingExecutor.java:109) ~[mybatis-3.5.11.jar:3.5.11]
	at com.github.pagehelper.PageInterceptor.intercept(PageInterceptor.java:151) ~[pagehelper-5.3.2.jar:?]
	at org.apache.ibatis.plugin.Plugin.invoke(Plugin.java:62) ~[mybatis-3.5.11.jar:3.5.11]
	at com.sun.proxy.$Proxy131.query(Unknown Source) ~[?:?]
	at org.apache.ibatis.session.defaults.DefaultSqlSession.selectList(DefaultSqlSession.java:151) ~[mybatis-3.5.11.jar:3.5.11]
	at org.apache.ibatis.session.defaults.DefaultSqlSession.selectList(DefaultSqlSession.java:145) ~[mybatis-3.5.11.jar:3.5.11]
	at org.apache.ibatis.session.defaults.DefaultSqlSession.selectList(DefaultSqlSession.java:140) ~[mybatis-3.5.11.jar:3.5.11]
	at org.apache.ibatis.session.defaults.DefaultSqlSession.selectOne(DefaultSqlSession.java:76) ~[mybatis-3.5.11.jar:3.5.11]
	at sun.reflect.NativeMethodAccessorImpl.invoke0(Native Method) ~[?:1.8.0_202]
	at sun.reflect.NativeMethodAccessorImpl.invoke(NativeMethodAccessorImpl.java:62) ~[?:1.8.0_202]
	at sun.reflect.DelegatingMethodAccessorImpl.invoke(DelegatingMethodAccessorImpl.java:43) ~[?:1.8.0_202]
	at java.lang.reflect.Method.invoke(Method.java:498) ~[?:1.8.0_202]
	at org.mybatis.spring.SqlSessionTemplate$SqlSessionInterceptor.invoke(SqlSessionTemplate.java:425) ~[mybatis-spring-2.1.0.jar:2.1.0]
	at com.sun.proxy.$Proxy91.selectOne(Unknown Source) ~[?:?]
	at org.mybatis.spring.SqlSessionTemplate.selectOne(SqlSessionTemplate.java:160) ~[mybatis-spring-2.1.0.jar:2.1.0]
	at org.apache.ibatis.binding.MapperMethod.execute(MapperMethod.java:87) ~[mybatis-3.5.11.jar:3.5.11]
	at org.apache.ibatis.binding.MapperProxy$PlainMethodInvoker.invoke(MapperProxy.java:145) ~[mybatis-3.5.11.jar:3.5.11]
	at org.apache.ibatis.binding.MapperProxy.invoke(MapperProxy.java:86) ~[mybatis-3.5.11.jar:3.5.11]
	at com.sun.proxy.$Proxy109.getUserByAccountAndPassword(Unknown Source) ~[?:?]
	at ma.com.serviceImp.UserServiceImp.getUserByAccountAndPassword(UserServiceImp.java:24) ~[classes/:?]
	at ma.com.controller.UserController.login(UserController.java:38) ~[classes/:?]
	at sun.reflect.NativeMethodAccessorImpl.invoke0(Native Method) ~[?:1.8.0_202]
	at sun.reflect.NativeMethodAccessorImpl.invoke(NativeMethodAccessorImpl.java:62) ~[?:1.8.0_202]
	at sun.reflect.DelegatingMethodAccessorImpl.invoke(DelegatingMethodAccessorImpl.java:43) ~[?:1.8.0_202]
	at java.lang.reflect.Method.invoke(Method.java:498) ~[?:1.8.0_202]
	at org.springframework.web.method.support.InvocableHandlerMethod.doInvoke(InvocableHandlerMethod.java:205) ~[spring-web-5.3.25.jar:5.3.25]
	at org.springframework.web.method.support.InvocableHandlerMethod.invokeForRequest(InvocableHandlerMethod.java:150) ~[spring-web-5.3.25.jar:5.3.25]
	at org.springframework.web.servlet.mvc.method.annotation.ServletInvocableHandlerMethod.invokeAndHandle(ServletInvocableHandlerMethod.java:117) ~[spring-webmvc-5.3.25.jar:5.3.25]
	at org.springframework.web.servlet.mvc.method.annotation.RequestMappingHandlerAdapter.invokeHandlerMethod(RequestMappingHandlerAdapter.java:895) ~[spring-webmvc-5.3.25.jar:5.3.25]
	at org.springframework.web.servlet.mvc.method.annotation.RequestMappingHandlerAdapter.handleInternal(RequestMappingHandlerAdapter.java:808) ~[spring-webmvc-5.3.25.jar:5.3.25]
	at org.springframework.web.servlet.mvc.method.AbstractHandlerMethodAdapter.handle(AbstractHandlerMethodAdapter.java:87) ~[spring-webmvc-5.3.25.jar:5.3.25]
	at org.springframework.web.servlet.DispatcherServlet.doDispatch(DispatcherServlet.java:1071) ~[spring-webmvc-5.3.25.jar:5.3.25]
	at org.springframework.web.servlet.DispatcherServlet.doService(DispatcherServlet.java:964) ~[spring-webmvc-5.3.25.jar:5.3.25]
	at org.springframework.web.servlet.FrameworkServlet.processRequest(FrameworkServlet.java:1006) ~[spring-webmvc-5.3.25.jar:5.3.25]
	at org.springframework.web.servlet.FrameworkServlet.doPost(FrameworkServlet.java:909) ~[spring-webmvc-5.3.25.jar:5.3.25]
	at javax.servlet.http.HttpServlet.service(HttpServlet.java:696) ~[tomcat-embed-core-9.0.71.jar:4.0.FR]
	at org.springframework.web.servlet.FrameworkServlet.service(FrameworkServlet.java:883) ~[spring-webmvc-5.3.25.jar:5.3.25]
	at javax.servlet.http.HttpServlet.service(HttpServlet.java:779) ~[tomcat-embed-core-9.0.71.jar:4.0.FR]
	at org.apache.catalina.core.ApplicationFilterChain.internalDoFilter(ApplicationFilterChain.java:227) ~[tomcat-embed-core-9.0.71.jar:9.0.71]
	at org.apache.catalina.core.ApplicationFilterChain.doFilter(ApplicationFilterChain.java:162) ~[tomcat-embed-core-9.0.71.jar:9.0.71]
	at org.apache.tomcat.websocket.server.WsFilter.doFilter(WsFilter.java:53) ~[tomcat-embed-websocket-9.0.71.jar:9.0.71]
	at org.apache.catalina.core.ApplicationFilterChain.internalDoFilter(ApplicationFilterChain.java:189) ~[tomcat-embed-core-9.0.71.jar:9.0.71]
	at org.apache.catalina.core.ApplicationFilterChain.doFilter(ApplicationFilterChain.java:162) ~[tomcat-embed-core-9.0.71.jar:9.0.71]
	at org.springframework.web.filter.RequestContextFilter.doFilterInternal(RequestContextFilter.java:100) ~[spring-web-5.3.25.jar:5.3.25]
	at org.springframework.web.filter.OncePerRequestFilter.doFilter(OncePerRequestFilter.java:117) ~[spring-web-5.3.25.jar:5.3.25]
	at org.apache.catalina.core.ApplicationFilterChain.internalDoFilter(ApplicationFilterChain.java:189) ~[tomcat-embed-core-9.0.71.jar:9.0.71]
	at org.apache.catalina.core.ApplicationFilterChain.doFilter(ApplicationFilterChain.java:162) ~[tomcat-embed-core-9.0.71.jar:9.0.71]
	at org.springframework.web.filter.FormContentFilter.doFilterInternal(FormContentFilter.java:93) ~[spring-web-5.3.25.jar:5.3.25]
	at org.springframework.web.filter.OncePerRequestFilter.doFilter(OncePerRequestFilter.java:117) ~[spring-web-5.3.25.jar:5.3.25]
	at org.apache.catalina.core.ApplicationFilterChain.internalDoFilter(ApplicationFilterChain.java:189) ~[tomcat-embed-core-9.0.71.jar:9.0.71]
	at org.apache.catalina.core.ApplicationFilterChain.doFilter(ApplicationFilterChain.java:162) ~[tomcat-embed-core-9.0.71.jar:9.0.71]
	at org.springframework.web.filter.CharacterEncodingFilter.doFilterInternal(CharacterEncodingFilter.java:201) ~[spring-web-5.3.25.jar:5.3.25]
	at org.springframework.web.filter.OncePerRequestFilter.doFilter(OncePerRequestFilter.java:117) ~[spring-web-5.3.25.jar:5.3.25]
	at org.apache.catalina.core.ApplicationFilterChain.internalDoFilter(ApplicationFilterChain.java:189) ~[tomcat-embed-core-9.0.71.jar:9.0.71]
	at org.apache.catalina.core.ApplicationFilterChain.doFilter(ApplicationFilterChain.java:162) ~[tomcat-embed-core-9.0.71.jar:9.0.71]
	at org.apache.catalina.core.StandardWrapperValve.invoke(StandardWrapperValve.java:177) ~[tomcat-embed-core-9.0.71.jar:9.0.71]
	at org.apache.catalina.core.StandardContextValve.invoke(StandardContextValve.java:97) ~[tomcat-embed-core-9.0.71.jar:9.0.71]
	at org.apache.catalina.authenticator.AuthenticatorBase.invoke(AuthenticatorBase.java:541) ~[tomcat-embed-core-9.0.71.jar:9.0.71]
	at org.apache.catalina.core.StandardHostValve.invoke(StandardHostValve.java:135) ~[tomcat-embed-core-9.0.71.jar:9.0.71]
	at org.apache.catalina.valves.ErrorReportValve.invoke(ErrorReportValve.java:92) ~[tomcat-embed-core-9.0.71.jar:9.0.71]
	at org.apache.catalina.core.StandardEngineValve.invoke(StandardEngineValve.java:78) ~[tomcat-embed-core-9.0.71.jar:9.0.71]
	at org.apache.catalina.connector.CoyoteAdapter.service(CoyoteAdapter.java:360) ~[tomcat-embed-core-9.0.71.jar:9.0.71]
	at org.apache.coyote.http11.Http11Processor.service(Http11Processor.java:399) ~[tomcat-embed-core-9.0.71.jar:9.0.71]
	at org.apache.coyote.AbstractProcessorLight.process(AbstractProcessorLight.java:65) ~[tomcat-embed-core-9.0.71.jar:9.0.71]
	at org.apache.coyote.AbstractProtocol$ConnectionHandler.process(AbstractProtocol.java:891) ~[tomcat-embed-core-9.0.71.jar:9.0.71]
	at org.apache.tomcat.util.net.NioEndpoint$SocketProcessor.doRun(NioEndpoint.java:1784) ~[tomcat-embed-core-9.0.71.jar:9.0.71]
	at org.apache.tomcat.util.net.SocketProcessorBase.run(SocketProcessorBase.java:49) ~[tomcat-embed-core-9.0.71.jar:9.0.71]
	at org.apache.tomcat.util.threads.ThreadPoolExecutor.runWorker(ThreadPoolExecutor.java:1191) ~[tomcat-embed-core-9.0.71.jar:9.0.71]
	at org.apache.tomcat.util.threads.ThreadPoolExecutor$Worker.run(ThreadPoolExecutor.java:659) ~[tomcat-embed-core-9.0.71.jar:9.0.71]
	at org.apache.tomcat.util.threads.TaskThread$WrappingRunnable.run(TaskThread.java:61) ~[tomcat-embed-core-9.0.71.jar:9.0.71]
	at java.lang.Thread.run(Thread.java:748) ~[?:1.8.0_202]
[2025-04-01 15:41:10:321] [ERROR] - com.zaxxer.hikari.pool.HikariPool.throwPoolInitializationException(HikariPool.java:594) - HikariPool-1 - Exception during pool initialization.
com.mysql.jdbc.exceptions.jdbc4.CommunicationsException: Communications link failure

The last packet sent successfully to the server was 0 milliseconds ago. The driver has not received any packets from the server.
	at sun.reflect.NativeConstructorAccessorImpl.newInstance0(Native Method) ~[?:1.8.0_202]
	at sun.reflect.NativeConstructorAccessorImpl.newInstance(NativeConstructorAccessorImpl.java:62) ~[?:1.8.0_202]
	at sun.reflect.DelegatingConstructorAccessorImpl.newInstance(DelegatingConstructorAccessorImpl.java:45) ~[?:1.8.0_202]
	at java.lang.reflect.Constructor.newInstance(Constructor.java:423) ~[?:1.8.0_202]
	at com.mysql.jdbc.Util.handleNewInstance(Util.java:403) ~[mysql-connector-java-5.1.49.jar:5.1.49]
	at com.mysql.jdbc.SQLError.createCommunicationsException(SQLError.java:990) ~[mysql-connector-java-5.1.49.jar:5.1.49]
	at com.mysql.jdbc.MysqlIO.<init>(MysqlIO.java:335) ~[mysql-connector-java-5.1.49.jar:5.1.49]
	at com.mysql.jdbc.ConnectionImpl.coreConnect(ConnectionImpl.java:2187) ~[mysql-connector-java-5.1.49.jar:5.1.49]
	at com.mysql.jdbc.ConnectionImpl.connectOneTryOnly(ConnectionImpl.java:2220) ~[mysql-connector-java-5.1.49.jar:5.1.49]
	at com.mysql.jdbc.ConnectionImpl.createNewIO(ConnectionImpl.java:2015) ~[mysql-connector-java-5.1.49.jar:5.1.49]
	at com.mysql.jdbc.ConnectionImpl.<init>(ConnectionImpl.java:768) ~[mysql-connector-java-5.1.49.jar:5.1.49]
	at com.mysql.jdbc.JDBC4Connection.<init>(JDBC4Connection.java:47) ~[mysql-connector-java-5.1.49.jar:5.1.49]
	at sun.reflect.NativeConstructorAccessorImpl.newInstance0(Native Method) ~[?:1.8.0_202]
	at sun.reflect.NativeConstructorAccessorImpl.newInstance(NativeConstructorAccessorImpl.java:62) ~[?:1.8.0_202]
	at sun.reflect.DelegatingConstructorAccessorImpl.newInstance(DelegatingConstructorAccessorImpl.java:45) ~[?:1.8.0_202]
	at java.lang.reflect.Constructor.newInstance(Constructor.java:423) ~[?:1.8.0_202]
	at com.mysql.jdbc.Util.handleNewInstance(Util.java:403) ~[mysql-connector-java-5.1.49.jar:5.1.49]
	at com.mysql.jdbc.ConnectionImpl.getInstance(ConnectionImpl.java:385) ~[mysql-connector-java-5.1.49.jar:5.1.49]
	at com.mysql.jdbc.NonRegisteringDriver.connect(NonRegisteringDriver.java:323) ~[mysql-connector-java-5.1.49.jar:5.1.49]
	at com.zaxxer.hikari.util.DriverDataSource.getConnection(DriverDataSource.java:138) ~[HikariCP-4.0.3.jar:?]
	at com.zaxxer.hikari.pool.PoolBase.newConnection(PoolBase.java:364) ~[HikariCP-4.0.3.jar:?]
	at com.zaxxer.hikari.pool.PoolBase.newPoolEntry(PoolBase.java:206) ~[HikariCP-4.0.3.jar:?]
	at com.zaxxer.hikari.pool.HikariPool.createPoolEntry(HikariPool.java:476) ~[HikariCP-4.0.3.jar:?]
	at com.zaxxer.hikari.pool.HikariPool.checkFailFast(HikariPool.java:561) ~[HikariCP-4.0.3.jar:?]
	at com.zaxxer.hikari.pool.HikariPool.<init>(HikariPool.java:115) ~[HikariCP-4.0.3.jar:?]
	at com.zaxxer.hikari.HikariDataSource.getConnection(HikariDataSource.java:112) ~[HikariCP-4.0.3.jar:?]
	at org.springframework.jdbc.datasource.DataSourceUtils.fetchConnection(DataSourceUtils.java:159) ~[spring-jdbc-5.3.25.jar:5.3.25]
	at org.springframework.jdbc.datasource.DataSourceUtils.doGetConnection(DataSourceUtils.java:117) ~[spring-jdbc-5.3.25.jar:5.3.25]
	at org.springframework.jdbc.datasource.DataSourceUtils.getConnection(DataSourceUtils.java:80) ~[spring-jdbc-5.3.25.jar:5.3.25]
	at org.mybatis.spring.transaction.SpringManagedTransaction.openConnection(SpringManagedTransaction.java:80) ~[mybatis-spring-2.1.0.jar:2.1.0]
	at org.mybatis.spring.transaction.SpringManagedTransaction.getConnection(SpringManagedTransaction.java:67) ~[mybatis-spring-2.1.0.jar:2.1.0]
	at org.apache.ibatis.executor.BaseExecutor.getConnection(BaseExecutor.java:337) ~[mybatis-3.5.11.jar:3.5.11]
	at org.apache.ibatis.executor.SimpleExecutor.prepareStatement(SimpleExecutor.java:86) ~[mybatis-3.5.11.jar:3.5.11]
	at org.apache.ibatis.executor.SimpleExecutor.doQuery(SimpleExecutor.java:62) ~[mybatis-3.5.11.jar:3.5.11]
	at org.apache.ibatis.executor.BaseExecutor.queryFromDatabase(BaseExecutor.java:325) ~[mybatis-3.5.11.jar:3.5.11]
	at org.apache.ibatis.executor.BaseExecutor.query(BaseExecutor.java:156) ~[mybatis-3.5.11.jar:3.5.11]
	at org.apache.ibatis.executor.CachingExecutor.query(CachingExecutor.java:109) ~[mybatis-3.5.11.jar:3.5.11]
	at com.github.pagehelper.PageInterceptor.intercept(PageInterceptor.java:151) ~[pagehelper-5.3.2.jar:?]
	at org.apache.ibatis.plugin.Plugin.invoke(Plugin.java:62) ~[mybatis-3.5.11.jar:3.5.11]
	at com.sun.proxy.$Proxy131.query(Unknown Source) ~[?:?]
	at org.apache.ibatis.session.defaults.DefaultSqlSession.selectList(DefaultSqlSession.java:151) ~[mybatis-3.5.11.jar:3.5.11]
	at org.apache.ibatis.session.defaults.DefaultSqlSession.selectList(DefaultSqlSession.java:145) ~[mybatis-3.5.11.jar:3.5.11]
	at org.apache.ibatis.session.defaults.DefaultSqlSession.selectList(DefaultSqlSession.java:140) ~[mybatis-3.5.11.jar:3.5.11]
	at org.apache.ibatis.session.defaults.DefaultSqlSession.selectOne(DefaultSqlSession.java:76) ~[mybatis-3.5.11.jar:3.5.11]
	at sun.reflect.NativeMethodAccessorImpl.invoke0(Native Method) ~[?:1.8.0_202]
	at sun.reflect.NativeMethodAccessorImpl.invoke(NativeMethodAccessorImpl.java:62) ~[?:1.8.0_202]
	at sun.reflect.DelegatingMethodAccessorImpl.invoke(DelegatingMethodAccessorImpl.java:43) ~[?:1.8.0_202]
	at java.lang.reflect.Method.invoke(Method.java:498) ~[?:1.8.0_202]
	at org.mybatis.spring.SqlSessionTemplate$SqlSessionInterceptor.invoke(SqlSessionTemplate.java:425) ~[mybatis-spring-2.1.0.jar:2.1.0]
	at com.sun.proxy.$Proxy91.selectOne(Unknown Source) ~[?:?]
	at org.mybatis.spring.SqlSessionTemplate.selectOne(SqlSessionTemplate.java:160) ~[mybatis-spring-2.1.0.jar:2.1.0]
	at org.apache.ibatis.binding.MapperMethod.execute(MapperMethod.java:87) ~[mybatis-3.5.11.jar:3.5.11]
	at org.apache.ibatis.binding.MapperProxy$PlainMethodInvoker.invoke(MapperProxy.java:145) ~[mybatis-3.5.11.jar:3.5.11]
	at org.apache.ibatis.binding.MapperProxy.invoke(MapperProxy.java:86) ~[mybatis-3.5.11.jar:3.5.11]
	at com.sun.proxy.$Proxy109.getUserByAccountAndPassword(Unknown Source) ~[?:?]
	at ma.com.serviceImp.UserServiceImp.getUserByAccountAndPassword(UserServiceImp.java:24) ~[classes/:?]
	at ma.com.controller.UserController.login(UserController.java:38) ~[classes/:?]
	at sun.reflect.NativeMethodAccessorImpl.invoke0(Native Method) ~[?:1.8.0_202]
	at sun.reflect.NativeMethodAccessorImpl.invoke(NativeMethodAccessorImpl.java:62) ~[?:1.8.0_202]
	at sun.reflect.DelegatingMethodAccessorImpl.invoke(DelegatingMethodAccessorImpl.java:43) ~[?:1.8.0_202]
	at java.lang.reflect.Method.invoke(Method.java:498) ~[?:1.8.0_202]
	at org.springframework.web.method.support.InvocableHandlerMethod.doInvoke(InvocableHandlerMethod.java:205) ~[spring-web-5.3.25.jar:5.3.25]
	at org.springframework.web.method.support.InvocableHandlerMethod.invokeForRequest(InvocableHandlerMethod.java:150) ~[spring-web-5.3.25.jar:5.3.25]
	at org.springframework.web.servlet.mvc.method.annotation.ServletInvocableHandlerMethod.invokeAndHandle(ServletInvocableHandlerMethod.java:117) ~[spring-webmvc-5.3.25.jar:5.3.25]
	at org.springframework.web.servlet.mvc.method.annotation.RequestMappingHandlerAdapter.invokeHandlerMethod(RequestMappingHandlerAdapter.java:895) ~[spring-webmvc-5.3.25.jar:5.3.25]
	at org.springframework.web.servlet.mvc.method.annotation.RequestMappingHandlerAdapter.handleInternal(RequestMappingHandlerAdapter.java:808) ~[spring-webmvc-5.3.25.jar:5.3.25]
	at org.springframework.web.servlet.mvc.method.AbstractHandlerMethodAdapter.handle(AbstractHandlerMethodAdapter.java:87) ~[spring-webmvc-5.3.25.jar:5.3.25]
	at org.springframework.web.servlet.DispatcherServlet.doDispatch(DispatcherServlet.java:1071) ~[spring-webmvc-5.3.25.jar:5.3.25]
	at org.springframework.web.servlet.DispatcherServlet.doService(DispatcherServlet.java:964) ~[spring-webmvc-5.3.25.jar:5.3.25]
	at org.springframework.web.servlet.FrameworkServlet.processRequest(FrameworkServlet.java:1006) ~[spring-webmvc-5.3.25.jar:5.3.25]
	at org.springframework.web.servlet.FrameworkServlet.doPost(FrameworkServlet.java:909) ~[spring-webmvc-5.3.25.jar:5.3.25]
	at javax.servlet.http.HttpServlet.service(HttpServlet.java:696) ~[tomcat-embed-core-9.0.71.jar:4.0.FR]
	at org.springframework.web.servlet.FrameworkServlet.service(FrameworkServlet.java:883) ~[spring-webmvc-5.3.25.jar:5.3.25]
	at javax.servlet.http.HttpServlet.service(HttpServlet.java:779) ~[tomcat-embed-core-9.0.71.jar:4.0.FR]
	at org.apache.catalina.core.ApplicationFilterChain.internalDoFilter(ApplicationFilterChain.java:227) ~[tomcat-embed-core-9.0.71.jar:9.0.71]
	at org.apache.catalina.core.ApplicationFilterChain.doFilter(ApplicationFilterChain.java:162) ~[tomcat-embed-core-9.0.71.jar:9.0.71]
	at org.apache.tomcat.websocket.server.WsFilter.doFilter(WsFilter.java:53) ~[tomcat-embed-websocket-9.0.71.jar:9.0.71]
	at org.apache.catalina.core.ApplicationFilterChain.internalDoFilter(ApplicationFilterChain.java:189) ~[tomcat-embed-core-9.0.71.jar:9.0.71]
	at org.apache.catalina.core.ApplicationFilterChain.doFilter(ApplicationFilterChain.java:162) ~[tomcat-embed-core-9.0.71.jar:9.0.71]
	at org.springframework.web.filter.RequestContextFilter.doFilterInternal(RequestContextFilter.java:100) ~[spring-web-5.3.25.jar:5.3.25]
	at org.springframework.web.filter.OncePerRequestFilter.doFilter(OncePerRequestFilter.java:117) ~[spring-web-5.3.25.jar:5.3.25]
	at org.apache.catalina.core.ApplicationFilterChain.internalDoFilter(ApplicationFilterChain.java:189) ~[tomcat-embed-core-9.0.71.jar:9.0.71]
	at org.apache.catalina.core.ApplicationFilterChain.doFilter(ApplicationFilterChain.java:162) ~[tomcat-embed-core-9.0.71.jar:9.0.71]
	at org.springframework.web.filter.FormContentFilter.doFilterInternal(FormContentFilter.java:93) ~[spring-web-5.3.25.jar:5.3.25]
	at org.springframework.web.filter.OncePerRequestFilter.doFilter(OncePerRequestFilter.java:117) ~[spring-web-5.3.25.jar:5.3.25]
	at org.apache.catalina.core.ApplicationFilterChain.internalDoFilter(ApplicationFilterChain.java:189) ~[tomcat-embed-core-9.0.71.jar:9.0.71]
	at org.apache.catalina.core.ApplicationFilterChain.doFilter(ApplicationFilterChain.java:162) ~[tomcat-embed-core-9.0.71.jar:9.0.71]
	at org.springframework.web.filter.CharacterEncodingFilter.doFilterInternal(CharacterEncodingFilter.java:201) ~[spring-web-5.3.25.jar:5.3.25]
	at org.springframework.web.filter.OncePerRequestFilter.doFilter(OncePerRequestFilter.java:117) ~[spring-web-5.3.25.jar:5.3.25]
	at org.apache.catalina.core.ApplicationFilterChain.internalDoFilter(ApplicationFilterChain.java:189) ~[tomcat-embed-core-9.0.71.jar:9.0.71]
	at org.apache.catalina.core.ApplicationFilterChain.doFilter(ApplicationFilterChain.java:162) ~[tomcat-embed-core-9.0.71.jar:9.0.71]
	at org.apache.catalina.core.StandardWrapperValve.invoke(StandardWrapperValve.java:177) ~[tomcat-embed-core-9.0.71.jar:9.0.71]
	at org.apache.catalina.core.StandardContextValve.invoke(StandardContextValve.java:97) ~[tomcat-embed-core-9.0.71.jar:9.0.71]
	at org.apache.catalina.authenticator.AuthenticatorBase.invoke(AuthenticatorBase.java:541) ~[tomcat-embed-core-9.0.71.jar:9.0.71]
	at org.apache.catalina.core.StandardHostValve.invoke(StandardHostValve.java:135) ~[tomcat-embed-core-9.0.71.jar:9.0.71]
	at org.apache.catalina.valves.ErrorReportValve.invoke(ErrorReportValve.java:92) ~[tomcat-embed-core-9.0.71.jar:9.0.71]
	at org.apache.catalina.core.StandardEngineValve.invoke(StandardEngineValve.java:78) ~[tomcat-embed-core-9.0.71.jar:9.0.71]
	at org.apache.catalina.connector.CoyoteAdapter.service(CoyoteAdapter.java:360) ~[tomcat-embed-core-9.0.71.jar:9.0.71]
	at org.apache.coyote.http11.Http11Processor.service(Http11Processor.java:399) ~[tomcat-embed-core-9.0.71.jar:9.0.71]
	at org.apache.coyote.AbstractProcessorLight.process(AbstractProcessorLight.java:65) ~[tomcat-embed-core-9.0.71.jar:9.0.71]
	at org.apache.coyote.AbstractProtocol$ConnectionHandler.process(AbstractProtocol.java:891) ~[tomcat-embed-core-9.0.71.jar:9.0.71]
	at org.apache.tomcat.util.net.NioEndpoint$SocketProcessor.doRun(NioEndpoint.java:1784) ~[tomcat-embed-core-9.0.71.jar:9.0.71]
	at org.apache.tomcat.util.net.SocketProcessorBase.run(SocketProcessorBase.java:49) ~[tomcat-embed-core-9.0.71.jar:9.0.71]
	at org.apache.tomcat.util.threads.ThreadPoolExecutor.runWorker(ThreadPoolExecutor.java:1191) ~[tomcat-embed-core-9.0.71.jar:9.0.71]
	at org.apache.tomcat.util.threads.ThreadPoolExecutor$Worker.run(ThreadPoolExecutor.java:659) ~[tomcat-embed-core-9.0.71.jar:9.0.71]
	at org.apache.tomcat.util.threads.TaskThread$WrappingRunnable.run(TaskThread.java:61) ~[tomcat-embed-core-9.0.71.jar:9.0.71]
	at java.lang.Thread.run(Thread.java:748) ~[?:1.8.0_202]
Caused by: java.net.ConnectException: Connection timed out: connect
	at java.net.DualStackPlainSocketImpl.waitForConnect(Native Method) ~[?:1.8.0_202]
	at java.net.DualStackPlainSocketImpl.socketConnect(DualStackPlainSocketImpl.java:85) ~[?:1.8.0_202]
	at java.net.AbstractPlainSocketImpl.doConnect(AbstractPlainSocketImpl.java:350) ~[?:1.8.0_202]
	at java.net.AbstractPlainSocketImpl.connectToAddress(AbstractPlainSocketImpl.java:206) ~[?:1.8.0_202]
	at java.net.AbstractPlainSocketImpl.connect(AbstractPlainSocketImpl.java:188) ~[?:1.8.0_202]
	at java.net.PlainSocketImpl.connect(PlainSocketImpl.java:172) ~[?:1.8.0_202]
	at java.net.SocksSocketImpl.connect(SocksSocketImpl.java:392) ~[?:1.8.0_202]
	at java.net.Socket.connect(Socket.java:589) ~[?:1.8.0_202]
	at com.mysql.jdbc.StandardSocketFactory.connect(StandardSocketFactory.java:211) ~[mysql-connector-java-5.1.49.jar:5.1.49]
	at com.mysql.jdbc.MysqlIO.<init>(MysqlIO.java:299) ~[mysql-connector-java-5.1.49.jar:5.1.49]
	... 100 more
[2025-04-01 15:41:10:325] [ERROR] - org.apache.juli.logging.DirectJDKLog.log(DirectJDKLog.java:175) - Servlet.service() for servlet [dispatcherServlet] in context with path [] threw exception [Request processing failed; nested exception is org.mybatis.spring.MyBatisSystemException: nested exception is org.apache.ibatis.exceptions.PersistenceException: 
### Error querying database.  Cause: org.springframework.jdbc.CannotGetJdbcConnectionException: Failed to obtain JDBC Connection; nested exception is com.mysql.jdbc.exceptions.jdbc4.CommunicationsException: Communications link failure

The last packet sent successfully to the server was 0 milliseconds ago. The driver has not received any packets from the server.
### The error may exist in file [E:\computer2\computer1\ifly\target\classes\mapper\userMapper.xml]
### The error may involve ma.com.mapper.UserMapper.getUserByAccountAndPassword
### The error occurred while executing a query
### Cause: org.springframework.jdbc.CannotGetJdbcConnectionException: Failed to obtain JDBC Connection; nested exception is com.mysql.jdbc.exceptions.jdbc4.CommunicationsException: Communications link failure

The last packet sent successfully to the server was 0 milliseconds ago. The driver has not received any packets from the server.] with root cause
java.net.ConnectException: Connection timed out: connect
	at java.net.DualStackPlainSocketImpl.waitForConnect(Native Method) ~[?:1.8.0_202]
	at java.net.DualStackPlainSocketImpl.socketConnect(DualStackPlainSocketImpl.java:85) ~[?:1.8.0_202]
	at java.net.AbstractPlainSocketImpl.doConnect(AbstractPlainSocketImpl.java:350) ~[?:1.8.0_202]
	at java.net.AbstractPlainSocketImpl.connectToAddress(AbstractPlainSocketImpl.java:206) ~[?:1.8.0_202]
	at java.net.AbstractPlainSocketImpl.connect(AbstractPlainSocketImpl.java:188) ~[?:1.8.0_202]
	at java.net.PlainSocketImpl.connect(PlainSocketImpl.java:172) ~[?:1.8.0_202]
	at java.net.SocksSocketImpl.connect(SocksSocketImpl.java:392) ~[?:1.8.0_202]
	at java.net.Socket.connect(Socket.java:589) ~[?:1.8.0_202]
	at com.mysql.jdbc.StandardSocketFactory.connect(StandardSocketFactory.java:211) ~[mysql-connector-java-5.1.49.jar:5.1.49]
	at com.mysql.jdbc.MysqlIO.<init>(MysqlIO.java:299) ~[mysql-connector-java-5.1.49.jar:5.1.49]
	at com.mysql.jdbc.ConnectionImpl.coreConnect(ConnectionImpl.java:2187) ~[mysql-connector-java-5.1.49.jar:5.1.49]
	at com.mysql.jdbc.ConnectionImpl.connectOneTryOnly(ConnectionImpl.java:2220) ~[mysql-connector-java-5.1.49.jar:5.1.49]
	at com.mysql.jdbc.ConnectionImpl.createNewIO(ConnectionImpl.java:2015) ~[mysql-connector-java-5.1.49.jar:5.1.49]
	at com.mysql.jdbc.ConnectionImpl.<init>(ConnectionImpl.java:768) ~[mysql-connector-java-5.1.49.jar:5.1.49]
	at com.mysql.jdbc.JDBC4Connection.<init>(JDBC4Connection.java:47) ~[mysql-connector-java-5.1.49.jar:5.1.49]
	at sun.reflect.NativeConstructorAccessorImpl.newInstance0(Native Method) ~[?:1.8.0_202]
	at sun.reflect.NativeConstructorAccessorImpl.newInstance(NativeConstructorAccessorImpl.java:62) ~[?:1.8.0_202]
	at sun.reflect.DelegatingConstructorAccessorImpl.newInstance(DelegatingConstructorAccessorImpl.java:45) ~[?:1.8.0_202]
	at java.lang.reflect.Constructor.newInstance(Constructor.java:423) ~[?:1.8.0_202]
	at com.mysql.jdbc.Util.handleNewInstance(Util.java:403) ~[mysql-connector-java-5.1.49.jar:5.1.49]
	at com.mysql.jdbc.ConnectionImpl.getInstance(ConnectionImpl.java:385) ~[mysql-connector-java-5.1.49.jar:5.1.49]
	at com.mysql.jdbc.NonRegisteringDriver.connect(NonRegisteringDriver.java:323) ~[mysql-connector-java-5.1.49.jar:5.1.49]
	at com.zaxxer.hikari.util.DriverDataSource.getConnection(DriverDataSource.java:138) ~[HikariCP-4.0.3.jar:?]
	at com.zaxxer.hikari.pool.PoolBase.newConnection(PoolBase.java:364) ~[HikariCP-4.0.3.jar:?]
	at com.zaxxer.hikari.pool.PoolBase.newPoolEntry(PoolBase.java:206) ~[HikariCP-4.0.3.jar:?]
	at com.zaxxer.hikari.pool.HikariPool.createPoolEntry(HikariPool.java:476) ~[HikariCP-4.0.3.jar:?]
	at com.zaxxer.hikari.pool.HikariPool.checkFailFast(HikariPool.java:561) ~[HikariCP-4.0.3.jar:?]
	at com.zaxxer.hikari.pool.HikariPool.<init>(HikariPool.java:115) ~[HikariCP-4.0.3.jar:?]
	at com.zaxxer.hikari.HikariDataSource.getConnection(HikariDataSource.java:112) ~[HikariCP-4.0.3.jar:?]
	at org.springframework.jdbc.datasource.DataSourceUtils.fetchConnection(DataSourceUtils.java:159) ~[spring-jdbc-5.3.25.jar:5.3.25]
	at org.springframework.jdbc.datasource.DataSourceUtils.doGetConnection(DataSourceUtils.java:117) ~[spring-jdbc-5.3.25.jar:5.3.25]
	at org.springframework.jdbc.datasource.DataSourceUtils.getConnection(DataSourceUtils.java:80) ~[spring-jdbc-5.3.25.jar:5.3.25]
	at org.mybatis.spring.transaction.SpringManagedTransaction.openConnection(SpringManagedTransaction.java:80) ~[mybatis-spring-2.1.0.jar:2.1.0]
	at org.mybatis.spring.transaction.SpringManagedTransaction.getConnection(SpringManagedTransaction.java:67) ~[mybatis-spring-2.1.0.jar:2.1.0]
	at org.apache.ibatis.executor.BaseExecutor.getConnection(BaseExecutor.java:337) ~[mybatis-3.5.11.jar:3.5.11]
	at org.apache.ibatis.executor.SimpleExecutor.prepareStatement(SimpleExecutor.java:86) ~[mybatis-3.5.11.jar:3.5.11]
	at org.apache.ibatis.executor.SimpleExecutor.doQuery(SimpleExecutor.java:62) ~[mybatis-3.5.11.jar:3.5.11]
	at org.apache.ibatis.executor.BaseExecutor.queryFromDatabase(BaseExecutor.java:325) ~[mybatis-3.5.11.jar:3.5.11]
	at org.apache.ibatis.executor.BaseExecutor.query(BaseExecutor.java:156) ~[mybatis-3.5.11.jar:3.5.11]
	at org.apache.ibatis.executor.CachingExecutor.query(CachingExecutor.java:109) ~[mybatis-3.5.11.jar:3.5.11]
	at com.github.pagehelper.PageInterceptor.intercept(PageInterceptor.java:151) ~[pagehelper-5.3.2.jar:?]
	at org.apache.ibatis.plugin.Plugin.invoke(Plugin.java:62) ~[mybatis-3.5.11.jar:3.5.11]
	at com.sun.proxy.$Proxy131.query(Unknown Source) ~[?:?]
	at org.apache.ibatis.session.defaults.DefaultSqlSession.selectList(DefaultSqlSession.java:151) ~[mybatis-3.5.11.jar:3.5.11]
	at org.apache.ibatis.session.defaults.DefaultSqlSession.selectList(DefaultSqlSession.java:145) ~[mybatis-3.5.11.jar:3.5.11]
	at org.apache.ibatis.session.defaults.DefaultSqlSession.selectList(DefaultSqlSession.java:140) ~[mybatis-3.5.11.jar:3.5.11]
	at org.apache.ibatis.session.defaults.DefaultSqlSession.selectOne(DefaultSqlSession.java:76) ~[mybatis-3.5.11.jar:3.5.11]
	at sun.reflect.NativeMethodAccessorImpl.invoke0(Native Method) ~[?:1.8.0_202]
	at sun.reflect.NativeMethodAccessorImpl.invoke(NativeMethodAccessorImpl.java:62) ~[?:1.8.0_202]
	at sun.reflect.DelegatingMethodAccessorImpl.invoke(DelegatingMethodAccessorImpl.java:43) ~[?:1.8.0_202]
	at java.lang.reflect.Method.invoke(Method.java:498) ~[?:1.8.0_202]
	at org.mybatis.spring.SqlSessionTemplate$SqlSessionInterceptor.invoke(SqlSessionTemplate.java:425) ~[mybatis-spring-2.1.0.jar:2.1.0]
	at com.sun.proxy.$Proxy91.selectOne(Unknown Source) ~[?:?]
	at org.mybatis.spring.SqlSessionTemplate.selectOne(SqlSessionTemplate.java:160) ~[mybatis-spring-2.1.0.jar:2.1.0]
	at org.apache.ibatis.binding.MapperMethod.execute(MapperMethod.java:87) ~[mybatis-3.5.11.jar:3.5.11]
	at org.apache.ibatis.binding.MapperProxy$PlainMethodInvoker.invoke(MapperProxy.java:145) ~[mybatis-3.5.11.jar:3.5.11]
	at org.apache.ibatis.binding.MapperProxy.invoke(MapperProxy.java:86) ~[mybatis-3.5.11.jar:3.5.11]
	at com.sun.proxy.$Proxy109.getUserByAccountAndPassword(Unknown Source) ~[?:?]
	at ma.com.serviceImp.UserServiceImp.getUserByAccountAndPassword(UserServiceImp.java:24) ~[classes/:?]
	at ma.com.controller.UserController.login(UserController.java:38) ~[classes/:?]
	at sun.reflect.NativeMethodAccessorImpl.invoke0(Native Method) ~[?:1.8.0_202]
	at sun.reflect.NativeMethodAccessorImpl.invoke(NativeMethodAccessorImpl.java:62) ~[?:1.8.0_202]
	at sun.reflect.DelegatingMethodAccessorImpl.invoke(DelegatingMethodAccessorImpl.java:43) ~[?:1.8.0_202]
	at java.lang.reflect.Method.invoke(Method.java:498) ~[?:1.8.0_202]
	at org.springframework.web.method.support.InvocableHandlerMethod.doInvoke(InvocableHandlerMethod.java:205) ~[spring-web-5.3.25.jar:5.3.25]
	at org.springframework.web.method.support.InvocableHandlerMethod.invokeForRequest(InvocableHandlerMethod.java:150) ~[spring-web-5.3.25.jar:5.3.25]
	at org.springframework.web.servlet.mvc.method.annotation.ServletInvocableHandlerMethod.invokeAndHandle(ServletInvocableHandlerMethod.java:117) ~[spring-webmvc-5.3.25.jar:5.3.25]
	at org.springframework.web.servlet.mvc.method.annotation.RequestMappingHandlerAdapter.invokeHandlerMethod(RequestMappingHandlerAdapter.java:895) ~[spring-webmvc-5.3.25.jar:5.3.25]
	at org.springframework.web.servlet.mvc.method.annotation.RequestMappingHandlerAdapter.handleInternal(RequestMappingHandlerAdapter.java:808) ~[spring-webmvc-5.3.25.jar:5.3.25]
	at org.springframework.web.servlet.mvc.method.AbstractHandlerMethodAdapter.handle(AbstractHandlerMethodAdapter.java:87) ~[spring-webmvc-5.3.25.jar:5.3.25]
	at org.springframework.web.servlet.DispatcherServlet.doDispatch(DispatcherServlet.java:1071) ~[spring-webmvc-5.3.25.jar:5.3.25]
	at org.springframework.web.servlet.DispatcherServlet.doService(DispatcherServlet.java:964) ~[spring-webmvc-5.3.25.jar:5.3.25]
	at org.springframework.web.servlet.FrameworkServlet.processRequest(FrameworkServlet.java:1006) ~[spring-webmvc-5.3.25.jar:5.3.25]
	at org.springframework.web.servlet.FrameworkServlet.doPost(FrameworkServlet.java:909) ~[spring-webmvc-5.3.25.jar:5.3.25]
	at javax.servlet.http.HttpServlet.service(HttpServlet.java:696) ~[tomcat-embed-core-9.0.71.jar:4.0.FR]
	at org.springframework.web.servlet.FrameworkServlet.service(FrameworkServlet.java:883) ~[spring-webmvc-5.3.25.jar:5.3.25]
	at javax.servlet.http.HttpServlet.service(HttpServlet.java:779) ~[tomcat-embed-core-9.0.71.jar:4.0.FR]
	at org.apache.catalina.core.ApplicationFilterChain.internalDoFilter(ApplicationFilterChain.java:227) ~[tomcat-embed-core-9.0.71.jar:9.0.71]
	at org.apache.catalina.core.ApplicationFilterChain.doFilter(ApplicationFilterChain.java:162) ~[tomcat-embed-core-9.0.71.jar:9.0.71]
	at org.apache.tomcat.websocket.server.WsFilter.doFilter(WsFilter.java:53) ~[tomcat-embed-websocket-9.0.71.jar:9.0.71]
	at org.apache.catalina.core.ApplicationFilterChain.internalDoFilter(ApplicationFilterChain.java:189) ~[tomcat-embed-core-9.0.71.jar:9.0.71]
	at org.apache.catalina.core.ApplicationFilterChain.doFilter(ApplicationFilterChain.java:162) ~[tomcat-embed-core-9.0.71.jar:9.0.71]
	at org.springframework.web.filter.RequestContextFilter.doFilterInternal(RequestContextFilter.java:100) ~[spring-web-5.3.25.jar:5.3.25]
	at org.springframework.web.filter.OncePerRequestFilter.doFilter(OncePerRequestFilter.java:117) ~[spring-web-5.3.25.jar:5.3.25]
	at org.apache.catalina.core.ApplicationFilterChain.internalDoFilter(ApplicationFilterChain.java:189) ~[tomcat-embed-core-9.0.71.jar:9.0.71]
	at org.apache.catalina.core.ApplicationFilterChain.doFilter(ApplicationFilterChain.java:162) ~[tomcat-embed-core-9.0.71.jar:9.0.71]
	at org.springframework.web.filter.FormContentFilter.doFilterInternal(FormContentFilter.java:93) ~[spring-web-5.3.25.jar:5.3.25]
	at org.springframework.web.filter.OncePerRequestFilter.doFilter(OncePerRequestFilter.java:117) ~[spring-web-5.3.25.jar:5.3.25]
	at org.apache.catalina.core.ApplicationFilterChain.internalDoFilter(ApplicationFilterChain.java:189) ~[tomcat-embed-core-9.0.71.jar:9.0.71]
	at org.apache.catalina.core.ApplicationFilterChain.doFilter(ApplicationFilterChain.java:162) ~[tomcat-embed-core-9.0.71.jar:9.0.71]
	at org.springframework.web.filter.CharacterEncodingFilter.doFilterInternal(CharacterEncodingFilter.java:201) ~[spring-web-5.3.25.jar:5.3.25]
	at org.springframework.web.filter.OncePerRequestFilter.doFilter(OncePerRequestFilter.java:117) ~[spring-web-5.3.25.jar:5.3.25]
	at org.apache.catalina.core.ApplicationFilterChain.internalDoFilter(ApplicationFilterChain.java:189) ~[tomcat-embed-core-9.0.71.jar:9.0.71]
	at org.apache.catalina.core.ApplicationFilterChain.doFilter(ApplicationFilterChain.java:162) ~[tomcat-embed-core-9.0.71.jar:9.0.71]
	at org.apache.catalina.core.StandardWrapperValve.invoke(StandardWrapperValve.java:177) ~[tomcat-embed-core-9.0.71.jar:9.0.71]
	at org.apache.catalina.core.StandardContextValve.invoke(StandardContextValve.java:97) ~[tomcat-embed-core-9.0.71.jar:9.0.71]
	at org.apache.catalina.authenticator.AuthenticatorBase.invoke(AuthenticatorBase.java:541) ~[tomcat-embed-core-9.0.71.jar:9.0.71]
	at org.apache.catalina.core.StandardHostValve.invoke(StandardHostValve.java:135) ~[tomcat-embed-core-9.0.71.jar:9.0.71]
	at org.apache.catalina.valves.ErrorReportValve.invoke(ErrorReportValve.java:92) ~[tomcat-embed-core-9.0.71.jar:9.0.71]
	at org.apache.catalina.core.StandardEngineValve.invoke(StandardEngineValve.java:78) ~[tomcat-embed-core-9.0.71.jar:9.0.71]
	at org.apache.catalina.connector.CoyoteAdapter.service(CoyoteAdapter.java:360) ~[tomcat-embed-core-9.0.71.jar:9.0.71]
	at org.apache.coyote.http11.Http11Processor.service(Http11Processor.java:399) ~[tomcat-embed-core-9.0.71.jar:9.0.71]
	at org.apache.coyote.AbstractProcessorLight.process(AbstractProcessorLight.java:65) ~[tomcat-embed-core-9.0.71.jar:9.0.71]
	at org.apache.coyote.AbstractProtocol$ConnectionHandler.process(AbstractProtocol.java:891) ~[tomcat-embed-core-9.0.71.jar:9.0.71]
	at org.apache.tomcat.util.net.NioEndpoint$SocketProcessor.doRun(NioEndpoint.java:1784) ~[tomcat-embed-core-9.0.71.jar:9.0.71]
	at org.apache.tomcat.util.net.SocketProcessorBase.run(SocketProcessorBase.java:49) ~[tomcat-embed-core-9.0.71.jar:9.0.71]
	at org.apache.tomcat.util.threads.ThreadPoolExecutor.runWorker(ThreadPoolExecutor.java:1191) ~[tomcat-embed-core-9.0.71.jar:9.0.71]
	at org.apache.tomcat.util.threads.ThreadPoolExecutor$Worker.run(ThreadPoolExecutor.java:659) ~[tomcat-embed-core-9.0.71.jar:9.0.71]
	at org.apache.tomcat.util.threads.TaskThread$WrappingRunnable.run(TaskThread.java:61) ~[tomcat-embed-core-9.0.71.jar:9.0.71]
	at java.lang.Thread.run(Thread.java:748) ~[?:1.8.0_202]
[2025-04-01 15:41:32:397] [ERROR] - com.zaxxer.hikari.pool.HikariPool.throwPoolInitializationException(HikariPool.java:594) - HikariPool-1 - Exception during pool initialization.
com.mysql.jdbc.exceptions.jdbc4.CommunicationsException: Communications link failure

The last packet sent successfully to the server was 0 milliseconds ago. The driver has not received any packets from the server.
	at sun.reflect.NativeConstructorAccessorImpl.newInstance0(Native Method) ~[?:1.8.0_202]
	at sun.reflect.NativeConstructorAccessorImpl.newInstance(NativeConstructorAccessorImpl.java:62) ~[?:1.8.0_202]
	at sun.reflect.DelegatingConstructorAccessorImpl.newInstance(DelegatingConstructorAccessorImpl.java:45) ~[?:1.8.0_202]
	at java.lang.reflect.Constructor.newInstance(Constructor.java:423) ~[?:1.8.0_202]
	at com.mysql.jdbc.Util.handleNewInstance(Util.java:403) ~[mysql-connector-java-5.1.49.jar:5.1.49]
	at com.mysql.jdbc.SQLError.createCommunicationsException(SQLError.java:990) ~[mysql-connector-java-5.1.49.jar:5.1.49]
	at com.mysql.jdbc.MysqlIO.<init>(MysqlIO.java:335) ~[mysql-connector-java-5.1.49.jar:5.1.49]
	at com.mysql.jdbc.ConnectionImpl.coreConnect(ConnectionImpl.java:2187) ~[mysql-connector-java-5.1.49.jar:5.1.49]
	at com.mysql.jdbc.ConnectionImpl.connectOneTryOnly(ConnectionImpl.java:2220) ~[mysql-connector-java-5.1.49.jar:5.1.49]
	at com.mysql.jdbc.ConnectionImpl.createNewIO(ConnectionImpl.java:2015) ~[mysql-connector-java-5.1.49.jar:5.1.49]
	at com.mysql.jdbc.ConnectionImpl.<init>(ConnectionImpl.java:768) ~[mysql-connector-java-5.1.49.jar:5.1.49]
	at com.mysql.jdbc.JDBC4Connection.<init>(JDBC4Connection.java:47) ~[mysql-connector-java-5.1.49.jar:5.1.49]
	at sun.reflect.NativeConstructorAccessorImpl.newInstance0(Native Method) ~[?:1.8.0_202]
	at sun.reflect.NativeConstructorAccessorImpl.newInstance(NativeConstructorAccessorImpl.java:62) ~[?:1.8.0_202]
	at sun.reflect.DelegatingConstructorAccessorImpl.newInstance(DelegatingConstructorAccessorImpl.java:45) ~[?:1.8.0_202]
	at java.lang.reflect.Constructor.newInstance(Constructor.java:423) ~[?:1.8.0_202]
	at com.mysql.jdbc.Util.handleNewInstance(Util.java:403) ~[mysql-connector-java-5.1.49.jar:5.1.49]
	at com.mysql.jdbc.ConnectionImpl.getInstance(ConnectionImpl.java:385) ~[mysql-connector-java-5.1.49.jar:5.1.49]
	at com.mysql.jdbc.NonRegisteringDriver.connect(NonRegisteringDriver.java:323) ~[mysql-connector-java-5.1.49.jar:5.1.49]
	at com.zaxxer.hikari.util.DriverDataSource.getConnection(DriverDataSource.java:138) ~[HikariCP-4.0.3.jar:?]
	at com.zaxxer.hikari.pool.PoolBase.newConnection(PoolBase.java:364) ~[HikariCP-4.0.3.jar:?]
	at com.zaxxer.hikari.pool.PoolBase.newPoolEntry(PoolBase.java:206) ~[HikariCP-4.0.3.jar:?]
	at com.zaxxer.hikari.pool.HikariPool.createPoolEntry(HikariPool.java:476) ~[HikariCP-4.0.3.jar:?]
	at com.zaxxer.hikari.pool.HikariPool.checkFailFast(HikariPool.java:561) ~[HikariCP-4.0.3.jar:?]
	at com.zaxxer.hikari.pool.HikariPool.<init>(HikariPool.java:115) ~[HikariCP-4.0.3.jar:?]
	at com.zaxxer.hikari.HikariDataSource.getConnection(HikariDataSource.java:112) ~[HikariCP-4.0.3.jar:?]
	at org.springframework.jdbc.datasource.DataSourceUtils.fetchConnection(DataSourceUtils.java:159) ~[spring-jdbc-5.3.25.jar:5.3.25]
	at org.springframework.jdbc.datasource.DataSourceUtils.doGetConnection(DataSourceUtils.java:117) ~[spring-jdbc-5.3.25.jar:5.3.25]
	at org.springframework.jdbc.datasource.DataSourceUtils.getConnection(DataSourceUtils.java:80) ~[spring-jdbc-5.3.25.jar:5.3.25]
	at org.mybatis.spring.transaction.SpringManagedTransaction.openConnection(SpringManagedTransaction.java:80) ~[mybatis-spring-2.1.0.jar:2.1.0]
	at org.mybatis.spring.transaction.SpringManagedTransaction.getConnection(SpringManagedTransaction.java:67) ~[mybatis-spring-2.1.0.jar:2.1.0]
	at org.apache.ibatis.executor.BaseExecutor.getConnection(BaseExecutor.java:337) ~[mybatis-3.5.11.jar:3.5.11]
	at org.apache.ibatis.executor.SimpleExecutor.prepareStatement(SimpleExecutor.java:86) ~[mybatis-3.5.11.jar:3.5.11]
	at org.apache.ibatis.executor.SimpleExecutor.doQuery(SimpleExecutor.java:62) ~[mybatis-3.5.11.jar:3.5.11]
	at org.apache.ibatis.executor.BaseExecutor.queryFromDatabase(BaseExecutor.java:325) ~[mybatis-3.5.11.jar:3.5.11]
	at org.apache.ibatis.executor.BaseExecutor.query(BaseExecutor.java:156) ~[mybatis-3.5.11.jar:3.5.11]
	at org.apache.ibatis.executor.CachingExecutor.query(CachingExecutor.java:109) ~[mybatis-3.5.11.jar:3.5.11]
	at com.github.pagehelper.PageInterceptor.intercept(PageInterceptor.java:151) ~[pagehelper-5.3.2.jar:?]
	at org.apache.ibatis.plugin.Plugin.invoke(Plugin.java:62) ~[mybatis-3.5.11.jar:3.5.11]
	at com.sun.proxy.$Proxy131.query(Unknown Source) ~[?:?]
	at org.apache.ibatis.session.defaults.DefaultSqlSession.selectList(DefaultSqlSession.java:151) ~[mybatis-3.5.11.jar:3.5.11]
	at org.apache.ibatis.session.defaults.DefaultSqlSession.selectList(DefaultSqlSession.java:145) ~[mybatis-3.5.11.jar:3.5.11]
	at org.apache.ibatis.session.defaults.DefaultSqlSession.selectList(DefaultSqlSession.java:140) ~[mybatis-3.5.11.jar:3.5.11]
	at org.apache.ibatis.session.defaults.DefaultSqlSession.selectOne(DefaultSqlSession.java:76) ~[mybatis-3.5.11.jar:3.5.11]
	at sun.reflect.NativeMethodAccessorImpl.invoke0(Native Method) ~[?:1.8.0_202]
	at sun.reflect.NativeMethodAccessorImpl.invoke(NativeMethodAccessorImpl.java:62) ~[?:1.8.0_202]
	at sun.reflect.DelegatingMethodAccessorImpl.invoke(DelegatingMethodAccessorImpl.java:43) ~[?:1.8.0_202]
	at java.lang.reflect.Method.invoke(Method.java:498) ~[?:1.8.0_202]
	at org.mybatis.spring.SqlSessionTemplate$SqlSessionInterceptor.invoke(SqlSessionTemplate.java:425) ~[mybatis-spring-2.1.0.jar:2.1.0]
	at com.sun.proxy.$Proxy91.selectOne(Unknown Source) ~[?:?]
	at org.mybatis.spring.SqlSessionTemplate.selectOne(SqlSessionTemplate.java:160) ~[mybatis-spring-2.1.0.jar:2.1.0]
	at org.apache.ibatis.binding.MapperMethod.execute(MapperMethod.java:87) ~[mybatis-3.5.11.jar:3.5.11]
	at org.apache.ibatis.binding.MapperProxy$PlainMethodInvoker.invoke(MapperProxy.java:145) ~[mybatis-3.5.11.jar:3.5.11]
	at org.apache.ibatis.binding.MapperProxy.invoke(MapperProxy.java:86) ~[mybatis-3.5.11.jar:3.5.11]
	at com.sun.proxy.$Proxy109.getUserByAccountAndPassword(Unknown Source) ~[?:?]
	at ma.com.serviceImp.UserServiceImp.getUserByAccountAndPassword(UserServiceImp.java:24) ~[classes/:?]
	at ma.com.controller.UserController.login(UserController.java:38) ~[classes/:?]
	at sun.reflect.NativeMethodAccessorImpl.invoke0(Native Method) ~[?:1.8.0_202]
	at sun.reflect.NativeMethodAccessorImpl.invoke(NativeMethodAccessorImpl.java:62) ~[?:1.8.0_202]
	at sun.reflect.DelegatingMethodAccessorImpl.invoke(DelegatingMethodAccessorImpl.java:43) ~[?:1.8.0_202]
	at java.lang.reflect.Method.invoke(Method.java:498) ~[?:1.8.0_202]
	at org.springframework.web.method.support.InvocableHandlerMethod.doInvoke(InvocableHandlerMethod.java:205) ~[spring-web-5.3.25.jar:5.3.25]
	at org.springframework.web.method.support.InvocableHandlerMethod.invokeForRequest(InvocableHandlerMethod.java:150) ~[spring-web-5.3.25.jar:5.3.25]
	at org.springframework.web.servlet.mvc.method.annotation.ServletInvocableHandlerMethod.invokeAndHandle(ServletInvocableHandlerMethod.java:117) ~[spring-webmvc-5.3.25.jar:5.3.25]
	at org.springframework.web.servlet.mvc.method.annotation.RequestMappingHandlerAdapter.invokeHandlerMethod(RequestMappingHandlerAdapter.java:895) ~[spring-webmvc-5.3.25.jar:5.3.25]
	at org.springframework.web.servlet.mvc.method.annotation.RequestMappingHandlerAdapter.handleInternal(RequestMappingHandlerAdapter.java:808) ~[spring-webmvc-5.3.25.jar:5.3.25]
	at org.springframework.web.servlet.mvc.method.AbstractHandlerMethodAdapter.handle(AbstractHandlerMethodAdapter.java:87) ~[spring-webmvc-5.3.25.jar:5.3.25]
	at org.springframework.web.servlet.DispatcherServlet.doDispatch(DispatcherServlet.java:1071) ~[spring-webmvc-5.3.25.jar:5.3.25]
	at org.springframework.web.servlet.DispatcherServlet.doService(DispatcherServlet.java:964) ~[spring-webmvc-5.3.25.jar:5.3.25]
	at org.springframework.web.servlet.FrameworkServlet.processRequest(FrameworkServlet.java:1006) ~[spring-webmvc-5.3.25.jar:5.3.25]
	at org.springframework.web.servlet.FrameworkServlet.doPost(FrameworkServlet.java:909) ~[spring-webmvc-5.3.25.jar:5.3.25]
	at javax.servlet.http.HttpServlet.service(HttpServlet.java:696) ~[tomcat-embed-core-9.0.71.jar:4.0.FR]
	at org.springframework.web.servlet.FrameworkServlet.service(FrameworkServlet.java:883) ~[spring-webmvc-5.3.25.jar:5.3.25]
	at javax.servlet.http.HttpServlet.service(HttpServlet.java:779) ~[tomcat-embed-core-9.0.71.jar:4.0.FR]
	at org.apache.catalina.core.ApplicationFilterChain.internalDoFilter(ApplicationFilterChain.java:227) ~[tomcat-embed-core-9.0.71.jar:9.0.71]
	at org.apache.catalina.core.ApplicationFilterChain.doFilter(ApplicationFilterChain.java:162) ~[tomcat-embed-core-9.0.71.jar:9.0.71]
	at org.apache.tomcat.websocket.server.WsFilter.doFilter(WsFilter.java:53) ~[tomcat-embed-websocket-9.0.71.jar:9.0.71]
	at org.apache.catalina.core.ApplicationFilterChain.internalDoFilter(ApplicationFilterChain.java:189) ~[tomcat-embed-core-9.0.71.jar:9.0.71]
	at org.apache.catalina.core.ApplicationFilterChain.doFilter(ApplicationFilterChain.java:162) ~[tomcat-embed-core-9.0.71.jar:9.0.71]
	at org.springframework.web.filter.RequestContextFilter.doFilterInternal(RequestContextFilter.java:100) ~[spring-web-5.3.25.jar:5.3.25]
	at org.springframework.web.filter.OncePerRequestFilter.doFilter(OncePerRequestFilter.java:117) ~[spring-web-5.3.25.jar:5.3.25]
	at org.apache.catalina.core.ApplicationFilterChain.internalDoFilter(ApplicationFilterChain.java:189) ~[tomcat-embed-core-9.0.71.jar:9.0.71]
	at org.apache.catalina.core.ApplicationFilterChain.doFilter(ApplicationFilterChain.java:162) ~[tomcat-embed-core-9.0.71.jar:9.0.71]
	at org.springframework.web.filter.FormContentFilter.doFilterInternal(FormContentFilter.java:93) ~[spring-web-5.3.25.jar:5.3.25]
	at org.springframework.web.filter.OncePerRequestFilter.doFilter(OncePerRequestFilter.java:117) ~[spring-web-5.3.25.jar:5.3.25]
	at org.apache.catalina.core.ApplicationFilterChain.internalDoFilter(ApplicationFilterChain.java:189) ~[tomcat-embed-core-9.0.71.jar:9.0.71]
	at org.apache.catalina.core.ApplicationFilterChain.doFilter(ApplicationFilterChain.java:162) ~[tomcat-embed-core-9.0.71.jar:9.0.71]
	at org.springframework.web.filter.CharacterEncodingFilter.doFilterInternal(CharacterEncodingFilter.java:201) ~[spring-web-5.3.25.jar:5.3.25]
	at org.springframework.web.filter.OncePerRequestFilter.doFilter(OncePerRequestFilter.java:117) ~[spring-web-5.3.25.jar:5.3.25]
	at org.apache.catalina.core.ApplicationFilterChain.internalDoFilter(ApplicationFilterChain.java:189) ~[tomcat-embed-core-9.0.71.jar:9.0.71]
	at org.apache.catalina.core.ApplicationFilterChain.doFilter(ApplicationFilterChain.java:162) ~[tomcat-embed-core-9.0.71.jar:9.0.71]
	at org.apache.catalina.core.StandardWrapperValve.invoke(StandardWrapperValve.java:177) ~[tomcat-embed-core-9.0.71.jar:9.0.71]
	at org.apache.catalina.core.StandardContextValve.invoke(StandardContextValve.java:97) ~[tomcat-embed-core-9.0.71.jar:9.0.71]
	at org.apache.catalina.authenticator.AuthenticatorBase.invoke(AuthenticatorBase.java:541) ~[tomcat-embed-core-9.0.71.jar:9.0.71]
	at org.apache.catalina.core.StandardHostValve.invoke(StandardHostValve.java:135) ~[tomcat-embed-core-9.0.71.jar:9.0.71]
	at org.apache.catalina.valves.ErrorReportValve.invoke(ErrorReportValve.java:92) ~[tomcat-embed-core-9.0.71.jar:9.0.71]
	at org.apache.catalina.core.StandardEngineValve.invoke(StandardEngineValve.java:78) ~[tomcat-embed-core-9.0.71.jar:9.0.71]
	at org.apache.catalina.connector.CoyoteAdapter.service(CoyoteAdapter.java:360) ~[tomcat-embed-core-9.0.71.jar:9.0.71]
	at org.apache.coyote.http11.Http11Processor.service(Http11Processor.java:399) ~[tomcat-embed-core-9.0.71.jar:9.0.71]
	at org.apache.coyote.AbstractProcessorLight.process(AbstractProcessorLight.java:65) ~[tomcat-embed-core-9.0.71.jar:9.0.71]
	at org.apache.coyote.AbstractProtocol$ConnectionHandler.process(AbstractProtocol.java:891) ~[tomcat-embed-core-9.0.71.jar:9.0.71]
	at org.apache.tomcat.util.net.NioEndpoint$SocketProcessor.doRun(NioEndpoint.java:1784) ~[tomcat-embed-core-9.0.71.jar:9.0.71]
	at org.apache.tomcat.util.net.SocketProcessorBase.run(SocketProcessorBase.java:49) ~[tomcat-embed-core-9.0.71.jar:9.0.71]
	at org.apache.tomcat.util.threads.ThreadPoolExecutor.runWorker(ThreadPoolExecutor.java:1191) ~[tomcat-embed-core-9.0.71.jar:9.0.71]
	at org.apache.tomcat.util.threads.ThreadPoolExecutor$Worker.run(ThreadPoolExecutor.java:659) ~[tomcat-embed-core-9.0.71.jar:9.0.71]
	at org.apache.tomcat.util.threads.TaskThread$WrappingRunnable.run(TaskThread.java:61) ~[tomcat-embed-core-9.0.71.jar:9.0.71]
	at java.lang.Thread.run(Thread.java:748) ~[?:1.8.0_202]
Caused by: java.net.ConnectException: Connection timed out: connect
	at java.net.DualStackPlainSocketImpl.waitForConnect(Native Method) ~[?:1.8.0_202]
	at java.net.DualStackPlainSocketImpl.socketConnect(DualStackPlainSocketImpl.java:85) ~[?:1.8.0_202]
	at java.net.AbstractPlainSocketImpl.doConnect(AbstractPlainSocketImpl.java:350) ~[?:1.8.0_202]
	at java.net.AbstractPlainSocketImpl.connectToAddress(AbstractPlainSocketImpl.java:206) ~[?:1.8.0_202]
	at java.net.AbstractPlainSocketImpl.connect(AbstractPlainSocketImpl.java:188) ~[?:1.8.0_202]
	at java.net.PlainSocketImpl.connect(PlainSocketImpl.java:172) ~[?:1.8.0_202]
	at java.net.SocksSocketImpl.connect(SocksSocketImpl.java:392) ~[?:1.8.0_202]
	at java.net.Socket.connect(Socket.java:589) ~[?:1.8.0_202]
	at com.mysql.jdbc.StandardSocketFactory.connect(StandardSocketFactory.java:211) ~[mysql-connector-java-5.1.49.jar:5.1.49]
	at com.mysql.jdbc.MysqlIO.<init>(MysqlIO.java:299) ~[mysql-connector-java-5.1.49.jar:5.1.49]
	... 100 more
[2025-04-01 15:41:32:400] [ERROR] - org.apache.juli.logging.DirectJDKLog.log(DirectJDKLog.java:175) - Servlet.service() for servlet [dispatcherServlet] in context with path [] threw exception [Request processing failed; nested exception is org.mybatis.spring.MyBatisSystemException: nested exception is org.apache.ibatis.exceptions.PersistenceException: 
### Error querying database.  Cause: org.springframework.jdbc.CannotGetJdbcConnectionException: Failed to obtain JDBC Connection; nested exception is com.mysql.jdbc.exceptions.jdbc4.CommunicationsException: Communications link failure

The last packet sent successfully to the server was 0 milliseconds ago. The driver has not received any packets from the server.
### The error may exist in file [E:\computer2\computer1\ifly\target\classes\mapper\userMapper.xml]
### The error may involve ma.com.mapper.UserMapper.getUserByAccountAndPassword
### The error occurred while executing a query
### Cause: org.springframework.jdbc.CannotGetJdbcConnectionException: Failed to obtain JDBC Connection; nested exception is com.mysql.jdbc.exceptions.jdbc4.CommunicationsException: Communications link failure

The last packet sent successfully to the server was 0 milliseconds ago. The driver has not received any packets from the server.] with root cause
java.net.ConnectException: Connection timed out: connect
	at java.net.DualStackPlainSocketImpl.waitForConnect(Native Method) ~[?:1.8.0_202]
	at java.net.DualStackPlainSocketImpl.socketConnect(DualStackPlainSocketImpl.java:85) ~[?:1.8.0_202]
	at java.net.AbstractPlainSocketImpl.doConnect(AbstractPlainSocketImpl.java:350) ~[?:1.8.0_202]
	at java.net.AbstractPlainSocketImpl.connectToAddress(AbstractPlainSocketImpl.java:206) ~[?:1.8.0_202]
	at java.net.AbstractPlainSocketImpl.connect(AbstractPlainSocketImpl.java:188) ~[?:1.8.0_202]
	at java.net.PlainSocketImpl.connect(PlainSocketImpl.java:172) ~[?:1.8.0_202]
	at java.net.SocksSocketImpl.connect(SocksSocketImpl.java:392) ~[?:1.8.0_202]
	at java.net.Socket.connect(Socket.java:589) ~[?:1.8.0_202]
	at com.mysql.jdbc.StandardSocketFactory.connect(StandardSocketFactory.java:211) ~[mysql-connector-java-5.1.49.jar:5.1.49]
	at com.mysql.jdbc.MysqlIO.<init>(MysqlIO.java:299) ~[mysql-connector-java-5.1.49.jar:5.1.49]
	at com.mysql.jdbc.ConnectionImpl.coreConnect(ConnectionImpl.java:2187) ~[mysql-connector-java-5.1.49.jar:5.1.49]
	at com.mysql.jdbc.ConnectionImpl.connectOneTryOnly(ConnectionImpl.java:2220) ~[mysql-connector-java-5.1.49.jar:5.1.49]
	at com.mysql.jdbc.ConnectionImpl.createNewIO(ConnectionImpl.java:2015) ~[mysql-connector-java-5.1.49.jar:5.1.49]
	at com.mysql.jdbc.ConnectionImpl.<init>(ConnectionImpl.java:768) ~[mysql-connector-java-5.1.49.jar:5.1.49]
	at com.mysql.jdbc.JDBC4Connection.<init>(JDBC4Connection.java:47) ~[mysql-connector-java-5.1.49.jar:5.1.49]
	at sun.reflect.NativeConstructorAccessorImpl.newInstance0(Native Method) ~[?:1.8.0_202]
	at sun.reflect.NativeConstructorAccessorImpl.newInstance(NativeConstructorAccessorImpl.java:62) ~[?:1.8.0_202]
	at sun.reflect.DelegatingConstructorAccessorImpl.newInstance(DelegatingConstructorAccessorImpl.java:45) ~[?:1.8.0_202]
	at java.lang.reflect.Constructor.newInstance(Constructor.java:423) ~[?:1.8.0_202]
	at com.mysql.jdbc.Util.handleNewInstance(Util.java:403) ~[mysql-connector-java-5.1.49.jar:5.1.49]
	at com.mysql.jdbc.ConnectionImpl.getInstance(ConnectionImpl.java:385) ~[mysql-connector-java-5.1.49.jar:5.1.49]
	at com.mysql.jdbc.NonRegisteringDriver.connect(NonRegisteringDriver.java:323) ~[mysql-connector-java-5.1.49.jar:5.1.49]
	at com.zaxxer.hikari.util.DriverDataSource.getConnection(DriverDataSource.java:138) ~[HikariCP-4.0.3.jar:?]
	at com.zaxxer.hikari.pool.PoolBase.newConnection(PoolBase.java:364) ~[HikariCP-4.0.3.jar:?]
	at com.zaxxer.hikari.pool.PoolBase.newPoolEntry(PoolBase.java:206) ~[HikariCP-4.0.3.jar:?]
	at com.zaxxer.hikari.pool.HikariPool.createPoolEntry(HikariPool.java:476) ~[HikariCP-4.0.3.jar:?]
	at com.zaxxer.hikari.pool.HikariPool.checkFailFast(HikariPool.java:561) ~[HikariCP-4.0.3.jar:?]
	at com.zaxxer.hikari.pool.HikariPool.<init>(HikariPool.java:115) ~[HikariCP-4.0.3.jar:?]
	at com.zaxxer.hikari.HikariDataSource.getConnection(HikariDataSource.java:112) ~[HikariCP-4.0.3.jar:?]
	at org.springframework.jdbc.datasource.DataSourceUtils.fetchConnection(DataSourceUtils.java:159) ~[spring-jdbc-5.3.25.jar:5.3.25]
	at org.springframework.jdbc.datasource.DataSourceUtils.doGetConnection(DataSourceUtils.java:117) ~[spring-jdbc-5.3.25.jar:5.3.25]
	at org.springframework.jdbc.datasource.DataSourceUtils.getConnection(DataSourceUtils.java:80) ~[spring-jdbc-5.3.25.jar:5.3.25]
	at org.mybatis.spring.transaction.SpringManagedTransaction.openConnection(SpringManagedTransaction.java:80) ~[mybatis-spring-2.1.0.jar:2.1.0]
	at org.mybatis.spring.transaction.SpringManagedTransaction.getConnection(SpringManagedTransaction.java:67) ~[mybatis-spring-2.1.0.jar:2.1.0]
	at org.apache.ibatis.executor.BaseExecutor.getConnection(BaseExecutor.java:337) ~[mybatis-3.5.11.jar:3.5.11]
	at org.apache.ibatis.executor.SimpleExecutor.prepareStatement(SimpleExecutor.java:86) ~[mybatis-3.5.11.jar:3.5.11]
	at org.apache.ibatis.executor.SimpleExecutor.doQuery(SimpleExecutor.java:62) ~[mybatis-3.5.11.jar:3.5.11]
	at org.apache.ibatis.executor.BaseExecutor.queryFromDatabase(BaseExecutor.java:325) ~[mybatis-3.5.11.jar:3.5.11]
	at org.apache.ibatis.executor.BaseExecutor.query(BaseExecutor.java:156) ~[mybatis-3.5.11.jar:3.5.11]
	at org.apache.ibatis.executor.CachingExecutor.query(CachingExecutor.java:109) ~[mybatis-3.5.11.jar:3.5.11]
	at com.github.pagehelper.PageInterceptor.intercept(PageInterceptor.java:151) ~[pagehelper-5.3.2.jar:?]
	at org.apache.ibatis.plugin.Plugin.invoke(Plugin.java:62) ~[mybatis-3.5.11.jar:3.5.11]
	at com.sun.proxy.$Proxy131.query(Unknown Source) ~[?:?]
	at org.apache.ibatis.session.defaults.DefaultSqlSession.selectList(DefaultSqlSession.java:151) ~[mybatis-3.5.11.jar:3.5.11]
	at org.apache.ibatis.session.defaults.DefaultSqlSession.selectList(DefaultSqlSession.java:145) ~[mybatis-3.5.11.jar:3.5.11]
	at org.apache.ibatis.session.defaults.DefaultSqlSession.selectList(DefaultSqlSession.java:140) ~[mybatis-3.5.11.jar:3.5.11]
	at org.apache.ibatis.session.defaults.DefaultSqlSession.selectOne(DefaultSqlSession.java:76) ~[mybatis-3.5.11.jar:3.5.11]
	at sun.reflect.NativeMethodAccessorImpl.invoke0(Native Method) ~[?:1.8.0_202]
	at sun.reflect.NativeMethodAccessorImpl.invoke(NativeMethodAccessorImpl.java:62) ~[?:1.8.0_202]
	at sun.reflect.DelegatingMethodAccessorImpl.invoke(DelegatingMethodAccessorImpl.java:43) ~[?:1.8.0_202]
	at java.lang.reflect.Method.invoke(Method.java:498) ~[?:1.8.0_202]
	at org.mybatis.spring.SqlSessionTemplate$SqlSessionInterceptor.invoke(SqlSessionTemplate.java:425) ~[mybatis-spring-2.1.0.jar:2.1.0]
	at com.sun.proxy.$Proxy91.selectOne(Unknown Source) ~[?:?]
	at org.mybatis.spring.SqlSessionTemplate.selectOne(SqlSessionTemplate.java:160) ~[mybatis-spring-2.1.0.jar:2.1.0]
	at org.apache.ibatis.binding.MapperMethod.execute(MapperMethod.java:87) ~[mybatis-3.5.11.jar:3.5.11]
	at org.apache.ibatis.binding.MapperProxy$PlainMethodInvoker.invoke(MapperProxy.java:145) ~[mybatis-3.5.11.jar:3.5.11]
	at org.apache.ibatis.binding.MapperProxy.invoke(MapperProxy.java:86) ~[mybatis-3.5.11.jar:3.5.11]
	at com.sun.proxy.$Proxy109.getUserByAccountAndPassword(Unknown Source) ~[?:?]
	at ma.com.serviceImp.UserServiceImp.getUserByAccountAndPassword(UserServiceImp.java:24) ~[classes/:?]
	at ma.com.controller.UserController.login(UserController.java:38) ~[classes/:?]
	at sun.reflect.NativeMethodAccessorImpl.invoke0(Native Method) ~[?:1.8.0_202]
	at sun.reflect.NativeMethodAccessorImpl.invoke(NativeMethodAccessorImpl.java:62) ~[?:1.8.0_202]
	at sun.reflect.DelegatingMethodAccessorImpl.invoke(DelegatingMethodAccessorImpl.java:43) ~[?:1.8.0_202]
	at java.lang.reflect.Method.invoke(Method.java:498) ~[?:1.8.0_202]
	at org.springframework.web.method.support.InvocableHandlerMethod.doInvoke(InvocableHandlerMethod.java:205) ~[spring-web-5.3.25.jar:5.3.25]
	at org.springframework.web.method.support.InvocableHandlerMethod.invokeForRequest(InvocableHandlerMethod.java:150) ~[spring-web-5.3.25.jar:5.3.25]
	at org.springframework.web.servlet.mvc.method.annotation.ServletInvocableHandlerMethod.invokeAndHandle(ServletInvocableHandlerMethod.java:117) ~[spring-webmvc-5.3.25.jar:5.3.25]
	at org.springframework.web.servlet.mvc.method.annotation.RequestMappingHandlerAdapter.invokeHandlerMethod(RequestMappingHandlerAdapter.java:895) ~[spring-webmvc-5.3.25.jar:5.3.25]
	at org.springframework.web.servlet.mvc.method.annotation.RequestMappingHandlerAdapter.handleInternal(RequestMappingHandlerAdapter.java:808) ~[spring-webmvc-5.3.25.jar:5.3.25]
	at org.springframework.web.servlet.mvc.method.AbstractHandlerMethodAdapter.handle(AbstractHandlerMethodAdapter.java:87) ~[spring-webmvc-5.3.25.jar:5.3.25]
	at org.springframework.web.servlet.DispatcherServlet.doDispatch(DispatcherServlet.java:1071) ~[spring-webmvc-5.3.25.jar:5.3.25]
	at org.springframework.web.servlet.DispatcherServlet.doService(DispatcherServlet.java:964) ~[spring-webmvc-5.3.25.jar:5.3.25]
	at org.springframework.web.servlet.FrameworkServlet.processRequest(FrameworkServlet.java:1006) ~[spring-webmvc-5.3.25.jar:5.3.25]
	at org.springframework.web.servlet.FrameworkServlet.doPost(FrameworkServlet.java:909) ~[spring-webmvc-5.3.25.jar:5.3.25]
	at javax.servlet.http.HttpServlet.service(HttpServlet.java:696) ~[tomcat-embed-core-9.0.71.jar:4.0.FR]
	at org.springframework.web.servlet.FrameworkServlet.service(FrameworkServlet.java:883) ~[spring-webmvc-5.3.25.jar:5.3.25]
	at javax.servlet.http.HttpServlet.service(HttpServlet.java:779) ~[tomcat-embed-core-9.0.71.jar:4.0.FR]
	at org.apache.catalina.core.ApplicationFilterChain.internalDoFilter(ApplicationFilterChain.java:227) ~[tomcat-embed-core-9.0.71.jar:9.0.71]
	at org.apache.catalina.core.ApplicationFilterChain.doFilter(ApplicationFilterChain.java:162) ~[tomcat-embed-core-9.0.71.jar:9.0.71]
	at org.apache.tomcat.websocket.server.WsFilter.doFilter(WsFilter.java:53) ~[tomcat-embed-websocket-9.0.71.jar:9.0.71]
	at org.apache.catalina.core.ApplicationFilterChain.internalDoFilter(ApplicationFilterChain.java:189) ~[tomcat-embed-core-9.0.71.jar:9.0.71]
	at org.apache.catalina.core.ApplicationFilterChain.doFilter(ApplicationFilterChain.java:162) ~[tomcat-embed-core-9.0.71.jar:9.0.71]
	at org.springframework.web.filter.RequestContextFilter.doFilterInternal(RequestContextFilter.java:100) ~[spring-web-5.3.25.jar:5.3.25]
	at org.springframework.web.filter.OncePerRequestFilter.doFilter(OncePerRequestFilter.java:117) ~[spring-web-5.3.25.jar:5.3.25]
	at org.apache.catalina.core.ApplicationFilterChain.internalDoFilter(ApplicationFilterChain.java:189) ~[tomcat-embed-core-9.0.71.jar:9.0.71]
	at org.apache.catalina.core.ApplicationFilterChain.doFilter(ApplicationFilterChain.java:162) ~[tomcat-embed-core-9.0.71.jar:9.0.71]
	at org.springframework.web.filter.FormContentFilter.doFilterInternal(FormContentFilter.java:93) ~[spring-web-5.3.25.jar:5.3.25]
	at org.springframework.web.filter.OncePerRequestFilter.doFilter(OncePerRequestFilter.java:117) ~[spring-web-5.3.25.jar:5.3.25]
	at org.apache.catalina.core.ApplicationFilterChain.internalDoFilter(ApplicationFilterChain.java:189) ~[tomcat-embed-core-9.0.71.jar:9.0.71]
	at org.apache.catalina.core.ApplicationFilterChain.doFilter(ApplicationFilterChain.java:162) ~[tomcat-embed-core-9.0.71.jar:9.0.71]
	at org.springframework.web.filter.CharacterEncodingFilter.doFilterInternal(CharacterEncodingFilter.java:201) ~[spring-web-5.3.25.jar:5.3.25]
	at org.springframework.web.filter.OncePerRequestFilter.doFilter(OncePerRequestFilter.java:117) ~[spring-web-5.3.25.jar:5.3.25]
	at org.apache.catalina.core.ApplicationFilterChain.internalDoFilter(ApplicationFilterChain.java:189) ~[tomcat-embed-core-9.0.71.jar:9.0.71]
	at org.apache.catalina.core.ApplicationFilterChain.doFilter(ApplicationFilterChain.java:162) ~[tomcat-embed-core-9.0.71.jar:9.0.71]
	at org.apache.catalina.core.StandardWrapperValve.invoke(StandardWrapperValve.java:177) ~[tomcat-embed-core-9.0.71.jar:9.0.71]
	at org.apache.catalina.core.StandardContextValve.invoke(StandardContextValve.java:97) ~[tomcat-embed-core-9.0.71.jar:9.0.71]
	at org.apache.catalina.authenticator.AuthenticatorBase.invoke(AuthenticatorBase.java:541) ~[tomcat-embed-core-9.0.71.jar:9.0.71]
	at org.apache.catalina.core.StandardHostValve.invoke(StandardHostValve.java:135) ~[tomcat-embed-core-9.0.71.jar:9.0.71]
	at org.apache.catalina.valves.ErrorReportValve.invoke(ErrorReportValve.java:92) ~[tomcat-embed-core-9.0.71.jar:9.0.71]
	at org.apache.catalina.core.StandardEngineValve.invoke(StandardEngineValve.java:78) ~[tomcat-embed-core-9.0.71.jar:9.0.71]
	at org.apache.catalina.connector.CoyoteAdapter.service(CoyoteAdapter.java:360) ~[tomcat-embed-core-9.0.71.jar:9.0.71]
	at org.apache.coyote.http11.Http11Processor.service(Http11Processor.java:399) ~[tomcat-embed-core-9.0.71.jar:9.0.71]
	at org.apache.coyote.AbstractProcessorLight.process(AbstractProcessorLight.java:65) ~[tomcat-embed-core-9.0.71.jar:9.0.71]
	at org.apache.coyote.AbstractProtocol$ConnectionHandler.process(AbstractProtocol.java:891) ~[tomcat-embed-core-9.0.71.jar:9.0.71]
	at org.apache.tomcat.util.net.NioEndpoint$SocketProcessor.doRun(NioEndpoint.java:1784) ~[tomcat-embed-core-9.0.71.jar:9.0.71]
	at org.apache.tomcat.util.net.SocketProcessorBase.run(SocketProcessorBase.java:49) ~[tomcat-embed-core-9.0.71.jar:9.0.71]
	at org.apache.tomcat.util.threads.ThreadPoolExecutor.runWorker(ThreadPoolExecutor.java:1191) ~[tomcat-embed-core-9.0.71.jar:9.0.71]
	at org.apache.tomcat.util.threads.ThreadPoolExecutor$Worker.run(ThreadPoolExecutor.java:659) ~[tomcat-embed-core-9.0.71.jar:9.0.71]
	at org.apache.tomcat.util.threads.TaskThread$WrappingRunnable.run(TaskThread.java:61) ~[tomcat-embed-core-9.0.71.jar:9.0.71]
	at java.lang.Thread.run(Thread.java:748) ~[?:1.8.0_202]
[2025-04-01 15:41:54:455] [ERROR] - com.zaxxer.hikari.pool.HikariPool.throwPoolInitializationException(HikariPool.java:594) - HikariPool-1 - Exception during pool initialization.
com.mysql.jdbc.exceptions.jdbc4.CommunicationsException: Communications link failure

The last packet sent successfully to the server was 0 milliseconds ago. The driver has not received any packets from the server.
	at sun.reflect.NativeConstructorAccessorImpl.newInstance0(Native Method) ~[?:1.8.0_202]
	at sun.reflect.NativeConstructorAccessorImpl.newInstance(NativeConstructorAccessorImpl.java:62) ~[?:1.8.0_202]
	at sun.reflect.DelegatingConstructorAccessorImpl.newInstance(DelegatingConstructorAccessorImpl.java:45) ~[?:1.8.0_202]
	at java.lang.reflect.Constructor.newInstance(Constructor.java:423) ~[?:1.8.0_202]
	at com.mysql.jdbc.Util.handleNewInstance(Util.java:403) ~[mysql-connector-java-5.1.49.jar:5.1.49]
	at com.mysql.jdbc.SQLError.createCommunicationsException(SQLError.java:990) ~[mysql-connector-java-5.1.49.jar:5.1.49]
	at com.mysql.jdbc.MysqlIO.<init>(MysqlIO.java:335) ~[mysql-connector-java-5.1.49.jar:5.1.49]
	at com.mysql.jdbc.ConnectionImpl.coreConnect(ConnectionImpl.java:2187) ~[mysql-connector-java-5.1.49.jar:5.1.49]
	at com.mysql.jdbc.ConnectionImpl.connectOneTryOnly(ConnectionImpl.java:2220) ~[mysql-connector-java-5.1.49.jar:5.1.49]
	at com.mysql.jdbc.ConnectionImpl.createNewIO(ConnectionImpl.java:2015) ~[mysql-connector-java-5.1.49.jar:5.1.49]
	at com.mysql.jdbc.ConnectionImpl.<init>(ConnectionImpl.java:768) ~[mysql-connector-java-5.1.49.jar:5.1.49]
	at com.mysql.jdbc.JDBC4Connection.<init>(JDBC4Connection.java:47) ~[mysql-connector-java-5.1.49.jar:5.1.49]
	at sun.reflect.NativeConstructorAccessorImpl.newInstance0(Native Method) ~[?:1.8.0_202]
	at sun.reflect.NativeConstructorAccessorImpl.newInstance(NativeConstructorAccessorImpl.java:62) ~[?:1.8.0_202]
	at sun.reflect.DelegatingConstructorAccessorImpl.newInstance(DelegatingConstructorAccessorImpl.java:45) ~[?:1.8.0_202]
	at java.lang.reflect.Constructor.newInstance(Constructor.java:423) ~[?:1.8.0_202]
	at com.mysql.jdbc.Util.handleNewInstance(Util.java:403) ~[mysql-connector-java-5.1.49.jar:5.1.49]
	at com.mysql.jdbc.ConnectionImpl.getInstance(ConnectionImpl.java:385) ~[mysql-connector-java-5.1.49.jar:5.1.49]
	at com.mysql.jdbc.NonRegisteringDriver.connect(NonRegisteringDriver.java:323) ~[mysql-connector-java-5.1.49.jar:5.1.49]
	at com.zaxxer.hikari.util.DriverDataSource.getConnection(DriverDataSource.java:138) ~[HikariCP-4.0.3.jar:?]
	at com.zaxxer.hikari.pool.PoolBase.newConnection(PoolBase.java:364) ~[HikariCP-4.0.3.jar:?]
	at com.zaxxer.hikari.pool.PoolBase.newPoolEntry(PoolBase.java:206) ~[HikariCP-4.0.3.jar:?]
	at com.zaxxer.hikari.pool.HikariPool.createPoolEntry(HikariPool.java:476) ~[HikariCP-4.0.3.jar:?]
	at com.zaxxer.hikari.pool.HikariPool.checkFailFast(HikariPool.java:561) ~[HikariCP-4.0.3.jar:?]
	at com.zaxxer.hikari.pool.HikariPool.<init>(HikariPool.java:115) ~[HikariCP-4.0.3.jar:?]
	at com.zaxxer.hikari.HikariDataSource.getConnection(HikariDataSource.java:112) ~[HikariCP-4.0.3.jar:?]
	at org.springframework.jdbc.datasource.DataSourceUtils.fetchConnection(DataSourceUtils.java:159) ~[spring-jdbc-5.3.25.jar:5.3.25]
	at org.springframework.jdbc.datasource.DataSourceUtils.doGetConnection(DataSourceUtils.java:117) ~[spring-jdbc-5.3.25.jar:5.3.25]
	at org.springframework.jdbc.datasource.DataSourceUtils.getConnection(DataSourceUtils.java:80) ~[spring-jdbc-5.3.25.jar:5.3.25]
	at org.mybatis.spring.transaction.SpringManagedTransaction.openConnection(SpringManagedTransaction.java:80) ~[mybatis-spring-2.1.0.jar:2.1.0]
	at org.mybatis.spring.transaction.SpringManagedTransaction.getConnection(SpringManagedTransaction.java:67) ~[mybatis-spring-2.1.0.jar:2.1.0]
	at org.apache.ibatis.executor.BaseExecutor.getConnection(BaseExecutor.java:337) ~[mybatis-3.5.11.jar:3.5.11]
	at org.apache.ibatis.executor.SimpleExecutor.prepareStatement(SimpleExecutor.java:86) ~[mybatis-3.5.11.jar:3.5.11]
	at org.apache.ibatis.executor.SimpleExecutor.doQuery(SimpleExecutor.java:62) ~[mybatis-3.5.11.jar:3.5.11]
	at org.apache.ibatis.executor.BaseExecutor.queryFromDatabase(BaseExecutor.java:325) ~[mybatis-3.5.11.jar:3.5.11]
	at org.apache.ibatis.executor.BaseExecutor.query(BaseExecutor.java:156) ~[mybatis-3.5.11.jar:3.5.11]
	at org.apache.ibatis.executor.CachingExecutor.query(CachingExecutor.java:109) ~[mybatis-3.5.11.jar:3.5.11]
	at com.github.pagehelper.PageInterceptor.intercept(PageInterceptor.java:151) ~[pagehelper-5.3.2.jar:?]
	at org.apache.ibatis.plugin.Plugin.invoke(Plugin.java:62) ~[mybatis-3.5.11.jar:3.5.11]
	at com.sun.proxy.$Proxy131.query(Unknown Source) ~[?:?]
	at org.apache.ibatis.session.defaults.DefaultSqlSession.selectList(DefaultSqlSession.java:151) ~[mybatis-3.5.11.jar:3.5.11]
	at org.apache.ibatis.session.defaults.DefaultSqlSession.selectList(DefaultSqlSession.java:145) ~[mybatis-3.5.11.jar:3.5.11]
	at org.apache.ibatis.session.defaults.DefaultSqlSession.selectList(DefaultSqlSession.java:140) ~[mybatis-3.5.11.jar:3.5.11]
	at org.apache.ibatis.session.defaults.DefaultSqlSession.selectOne(DefaultSqlSession.java:76) ~[mybatis-3.5.11.jar:3.5.11]
	at sun.reflect.NativeMethodAccessorImpl.invoke0(Native Method) ~[?:1.8.0_202]
	at sun.reflect.NativeMethodAccessorImpl.invoke(NativeMethodAccessorImpl.java:62) ~[?:1.8.0_202]
	at sun.reflect.DelegatingMethodAccessorImpl.invoke(DelegatingMethodAccessorImpl.java:43) ~[?:1.8.0_202]
	at java.lang.reflect.Method.invoke(Method.java:498) ~[?:1.8.0_202]
	at org.mybatis.spring.SqlSessionTemplate$SqlSessionInterceptor.invoke(SqlSessionTemplate.java:425) ~[mybatis-spring-2.1.0.jar:2.1.0]
	at com.sun.proxy.$Proxy91.selectOne(Unknown Source) ~[?:?]
	at org.mybatis.spring.SqlSessionTemplate.selectOne(SqlSessionTemplate.java:160) ~[mybatis-spring-2.1.0.jar:2.1.0]
	at org.apache.ibatis.binding.MapperMethod.execute(MapperMethod.java:87) ~[mybatis-3.5.11.jar:3.5.11]
	at org.apache.ibatis.binding.MapperProxy$PlainMethodInvoker.invoke(MapperProxy.java:145) ~[mybatis-3.5.11.jar:3.5.11]
	at org.apache.ibatis.binding.MapperProxy.invoke(MapperProxy.java:86) ~[mybatis-3.5.11.jar:3.5.11]
	at com.sun.proxy.$Proxy109.getUserByAccountAndPassword(Unknown Source) ~[?:?]
	at ma.com.serviceImp.UserServiceImp.getUserByAccountAndPassword(UserServiceImp.java:24) ~[classes/:?]
	at ma.com.controller.UserController.login(UserController.java:38) ~[classes/:?]
	at sun.reflect.NativeMethodAccessorImpl.invoke0(Native Method) ~[?:1.8.0_202]
	at sun.reflect.NativeMethodAccessorImpl.invoke(NativeMethodAccessorImpl.java:62) ~[?:1.8.0_202]
	at sun.reflect.DelegatingMethodAccessorImpl.invoke(DelegatingMethodAccessorImpl.java:43) ~[?:1.8.0_202]
	at java.lang.reflect.Method.invoke(Method.java:498) ~[?:1.8.0_202]
	at org.springframework.web.method.support.InvocableHandlerMethod.doInvoke(InvocableHandlerMethod.java:205) ~[spring-web-5.3.25.jar:5.3.25]
	at org.springframework.web.method.support.InvocableHandlerMethod.invokeForRequest(InvocableHandlerMethod.java:150) ~[spring-web-5.3.25.jar:5.3.25]
	at org.springframework.web.servlet.mvc.method.annotation.ServletInvocableHandlerMethod.invokeAndHandle(ServletInvocableHandlerMethod.java:117) ~[spring-webmvc-5.3.25.jar:5.3.25]
	at org.springframework.web.servlet.mvc.method.annotation.RequestMappingHandlerAdapter.invokeHandlerMethod(RequestMappingHandlerAdapter.java:895) ~[spring-webmvc-5.3.25.jar:5.3.25]
	at org.springframework.web.servlet.mvc.method.annotation.RequestMappingHandlerAdapter.handleInternal(RequestMappingHandlerAdapter.java:808) ~[spring-webmvc-5.3.25.jar:5.3.25]
	at org.springframework.web.servlet.mvc.method.AbstractHandlerMethodAdapter.handle(AbstractHandlerMethodAdapter.java:87) ~[spring-webmvc-5.3.25.jar:5.3.25]
	at org.springframework.web.servlet.DispatcherServlet.doDispatch(DispatcherServlet.java:1071) ~[spring-webmvc-5.3.25.jar:5.3.25]
	at org.springframework.web.servlet.DispatcherServlet.doService(DispatcherServlet.java:964) ~[spring-webmvc-5.3.25.jar:5.3.25]
	at org.springframework.web.servlet.FrameworkServlet.processRequest(FrameworkServlet.java:1006) ~[spring-webmvc-5.3.25.jar:5.3.25]
	at org.springframework.web.servlet.FrameworkServlet.doPost(FrameworkServlet.java:909) ~[spring-webmvc-5.3.25.jar:5.3.25]
	at javax.servlet.http.HttpServlet.service(HttpServlet.java:696) ~[tomcat-embed-core-9.0.71.jar:4.0.FR]
	at org.springframework.web.servlet.FrameworkServlet.service(FrameworkServlet.java:883) ~[spring-webmvc-5.3.25.jar:5.3.25]
	at javax.servlet.http.HttpServlet.service(HttpServlet.java:779) ~[tomcat-embed-core-9.0.71.jar:4.0.FR]
	at org.apache.catalina.core.ApplicationFilterChain.internalDoFilter(ApplicationFilterChain.java:227) ~[tomcat-embed-core-9.0.71.jar:9.0.71]
	at org.apache.catalina.core.ApplicationFilterChain.doFilter(ApplicationFilterChain.java:162) ~[tomcat-embed-core-9.0.71.jar:9.0.71]
	at org.apache.tomcat.websocket.server.WsFilter.doFilter(WsFilter.java:53) ~[tomcat-embed-websocket-9.0.71.jar:9.0.71]
	at org.apache.catalina.core.ApplicationFilterChain.internalDoFilter(ApplicationFilterChain.java:189) ~[tomcat-embed-core-9.0.71.jar:9.0.71]
	at org.apache.catalina.core.ApplicationFilterChain.doFilter(ApplicationFilterChain.java:162) ~[tomcat-embed-core-9.0.71.jar:9.0.71]
	at org.springframework.web.filter.RequestContextFilter.doFilterInternal(RequestContextFilter.java:100) ~[spring-web-5.3.25.jar:5.3.25]
	at org.springframework.web.filter.OncePerRequestFilter.doFilter(OncePerRequestFilter.java:117) ~[spring-web-5.3.25.jar:5.3.25]
	at org.apache.catalina.core.ApplicationFilterChain.internalDoFilter(ApplicationFilterChain.java:189) ~[tomcat-embed-core-9.0.71.jar:9.0.71]
	at org.apache.catalina.core.ApplicationFilterChain.doFilter(ApplicationFilterChain.java:162) ~[tomcat-embed-core-9.0.71.jar:9.0.71]
	at org.springframework.web.filter.FormContentFilter.doFilterInternal(FormContentFilter.java:93) ~[spring-web-5.3.25.jar:5.3.25]
	at org.springframework.web.filter.OncePerRequestFilter.doFilter(OncePerRequestFilter.java:117) ~[spring-web-5.3.25.jar:5.3.25]
	at org.apache.catalina.core.ApplicationFilterChain.internalDoFilter(ApplicationFilterChain.java:189) ~[tomcat-embed-core-9.0.71.jar:9.0.71]
	at org.apache.catalina.core.ApplicationFilterChain.doFilter(ApplicationFilterChain.java:162) ~[tomcat-embed-core-9.0.71.jar:9.0.71]
	at org.springframework.web.filter.CharacterEncodingFilter.doFilterInternal(CharacterEncodingFilter.java:201) ~[spring-web-5.3.25.jar:5.3.25]
	at org.springframework.web.filter.OncePerRequestFilter.doFilter(OncePerRequestFilter.java:117) ~[spring-web-5.3.25.jar:5.3.25]
	at org.apache.catalina.core.ApplicationFilterChain.internalDoFilter(ApplicationFilterChain.java:189) ~[tomcat-embed-core-9.0.71.jar:9.0.71]
	at org.apache.catalina.core.ApplicationFilterChain.doFilter(ApplicationFilterChain.java:162) ~[tomcat-embed-core-9.0.71.jar:9.0.71]
	at org.apache.catalina.core.StandardWrapperValve.invoke(StandardWrapperValve.java:177) ~[tomcat-embed-core-9.0.71.jar:9.0.71]
	at org.apache.catalina.core.StandardContextValve.invoke(StandardContextValve.java:97) ~[tomcat-embed-core-9.0.71.jar:9.0.71]
	at org.apache.catalina.authenticator.AuthenticatorBase.invoke(AuthenticatorBase.java:541) ~[tomcat-embed-core-9.0.71.jar:9.0.71]
	at org.apache.catalina.core.StandardHostValve.invoke(StandardHostValve.java:135) ~[tomcat-embed-core-9.0.71.jar:9.0.71]
	at org.apache.catalina.valves.ErrorReportValve.invoke(ErrorReportValve.java:92) ~[tomcat-embed-core-9.0.71.jar:9.0.71]
	at org.apache.catalina.core.StandardEngineValve.invoke(StandardEngineValve.java:78) ~[tomcat-embed-core-9.0.71.jar:9.0.71]
	at org.apache.catalina.connector.CoyoteAdapter.service(CoyoteAdapter.java:360) ~[tomcat-embed-core-9.0.71.jar:9.0.71]
	at org.apache.coyote.http11.Http11Processor.service(Http11Processor.java:399) ~[tomcat-embed-core-9.0.71.jar:9.0.71]
	at org.apache.coyote.AbstractProcessorLight.process(AbstractProcessorLight.java:65) ~[tomcat-embed-core-9.0.71.jar:9.0.71]
	at org.apache.coyote.AbstractProtocol$ConnectionHandler.process(AbstractProtocol.java:891) ~[tomcat-embed-core-9.0.71.jar:9.0.71]
	at org.apache.tomcat.util.net.NioEndpoint$SocketProcessor.doRun(NioEndpoint.java:1784) ~[tomcat-embed-core-9.0.71.jar:9.0.71]
	at org.apache.tomcat.util.net.SocketProcessorBase.run(SocketProcessorBase.java:49) ~[tomcat-embed-core-9.0.71.jar:9.0.71]
	at org.apache.tomcat.util.threads.ThreadPoolExecutor.runWorker(ThreadPoolExecutor.java:1191) ~[tomcat-embed-core-9.0.71.jar:9.0.71]
	at org.apache.tomcat.util.threads.ThreadPoolExecutor$Worker.run(ThreadPoolExecutor.java:659) ~[tomcat-embed-core-9.0.71.jar:9.0.71]
	at org.apache.tomcat.util.threads.TaskThread$WrappingRunnable.run(TaskThread.java:61) ~[tomcat-embed-core-9.0.71.jar:9.0.71]
	at java.lang.Thread.run(Thread.java:748) ~[?:1.8.0_202]
Caused by: java.net.ConnectException: Connection timed out: connect
	at java.net.DualStackPlainSocketImpl.waitForConnect(Native Method) ~[?:1.8.0_202]
	at java.net.DualStackPlainSocketImpl.socketConnect(DualStackPlainSocketImpl.java:85) ~[?:1.8.0_202]
	at java.net.AbstractPlainSocketImpl.doConnect(AbstractPlainSocketImpl.java:350) ~[?:1.8.0_202]
	at java.net.AbstractPlainSocketImpl.connectToAddress(AbstractPlainSocketImpl.java:206) ~[?:1.8.0_202]
	at java.net.AbstractPlainSocketImpl.connect(AbstractPlainSocketImpl.java:188) ~[?:1.8.0_202]
	at java.net.PlainSocketImpl.connect(PlainSocketImpl.java:172) ~[?:1.8.0_202]
	at java.net.SocksSocketImpl.connect(SocksSocketImpl.java:392) ~[?:1.8.0_202]
	at java.net.Socket.connect(Socket.java:589) ~[?:1.8.0_202]
	at com.mysql.jdbc.StandardSocketFactory.connect(StandardSocketFactory.java:211) ~[mysql-connector-java-5.1.49.jar:5.1.49]
	at com.mysql.jdbc.MysqlIO.<init>(MysqlIO.java:299) ~[mysql-connector-java-5.1.49.jar:5.1.49]
	... 100 more
[2025-04-01 15:41:54:459] [ERROR] - org.apache.juli.logging.DirectJDKLog.log(DirectJDKLog.java:175) - Servlet.service() for servlet [dispatcherServlet] in context with path [] threw exception [Request processing failed; nested exception is org.mybatis.spring.MyBatisSystemException: nested exception is org.apache.ibatis.exceptions.PersistenceException: 
### Error querying database.  Cause: org.springframework.jdbc.CannotGetJdbcConnectionException: Failed to obtain JDBC Connection; nested exception is com.mysql.jdbc.exceptions.jdbc4.CommunicationsException: Communications link failure

The last packet sent successfully to the server was 0 milliseconds ago. The driver has not received any packets from the server.
### The error may exist in file [E:\computer2\computer1\ifly\target\classes\mapper\userMapper.xml]
### The error may involve ma.com.mapper.UserMapper.getUserByAccountAndPassword
### The error occurred while executing a query
### Cause: org.springframework.jdbc.CannotGetJdbcConnectionException: Failed to obtain JDBC Connection; nested exception is com.mysql.jdbc.exceptions.jdbc4.CommunicationsException: Communications link failure

The last packet sent successfully to the server was 0 milliseconds ago. The driver has not received any packets from the server.] with root cause
java.net.ConnectException: Connection timed out: connect
	at java.net.DualStackPlainSocketImpl.waitForConnect(Native Method) ~[?:1.8.0_202]
	at java.net.DualStackPlainSocketImpl.socketConnect(DualStackPlainSocketImpl.java:85) ~[?:1.8.0_202]
	at java.net.AbstractPlainSocketImpl.doConnect(AbstractPlainSocketImpl.java:350) ~[?:1.8.0_202]
	at java.net.AbstractPlainSocketImpl.connectToAddress(AbstractPlainSocketImpl.java:206) ~[?:1.8.0_202]
	at java.net.AbstractPlainSocketImpl.connect(AbstractPlainSocketImpl.java:188) ~[?:1.8.0_202]
	at java.net.PlainSocketImpl.connect(PlainSocketImpl.java:172) ~[?:1.8.0_202]
	at java.net.SocksSocketImpl.connect(SocksSocketImpl.java:392) ~[?:1.8.0_202]
	at java.net.Socket.connect(Socket.java:589) ~[?:1.8.0_202]
	at com.mysql.jdbc.StandardSocketFactory.connect(StandardSocketFactory.java:211) ~[mysql-connector-java-5.1.49.jar:5.1.49]
	at com.mysql.jdbc.MysqlIO.<init>(MysqlIO.java:299) ~[mysql-connector-java-5.1.49.jar:5.1.49]
	at com.mysql.jdbc.ConnectionImpl.coreConnect(ConnectionImpl.java:2187) ~[mysql-connector-java-5.1.49.jar:5.1.49]
	at com.mysql.jdbc.ConnectionImpl.connectOneTryOnly(ConnectionImpl.java:2220) ~[mysql-connector-java-5.1.49.jar:5.1.49]
	at com.mysql.jdbc.ConnectionImpl.createNewIO(ConnectionImpl.java:2015) ~[mysql-connector-java-5.1.49.jar:5.1.49]
	at com.mysql.jdbc.ConnectionImpl.<init>(ConnectionImpl.java:768) ~[mysql-connector-java-5.1.49.jar:5.1.49]
	at com.mysql.jdbc.JDBC4Connection.<init>(JDBC4Connection.java:47) ~[mysql-connector-java-5.1.49.jar:5.1.49]
	at sun.reflect.NativeConstructorAccessorImpl.newInstance0(Native Method) ~[?:1.8.0_202]
	at sun.reflect.NativeConstructorAccessorImpl.newInstance(NativeConstructorAccessorImpl.java:62) ~[?:1.8.0_202]
	at sun.reflect.DelegatingConstructorAccessorImpl.newInstance(DelegatingConstructorAccessorImpl.java:45) ~[?:1.8.0_202]
	at java.lang.reflect.Constructor.newInstance(Constructor.java:423) ~[?:1.8.0_202]
	at com.mysql.jdbc.Util.handleNewInstance(Util.java:403) ~[mysql-connector-java-5.1.49.jar:5.1.49]
	at com.mysql.jdbc.ConnectionImpl.getInstance(ConnectionImpl.java:385) ~[mysql-connector-java-5.1.49.jar:5.1.49]
	at com.mysql.jdbc.NonRegisteringDriver.connect(NonRegisteringDriver.java:323) ~[mysql-connector-java-5.1.49.jar:5.1.49]
	at com.zaxxer.hikari.util.DriverDataSource.getConnection(DriverDataSource.java:138) ~[HikariCP-4.0.3.jar:?]
	at com.zaxxer.hikari.pool.PoolBase.newConnection(PoolBase.java:364) ~[HikariCP-4.0.3.jar:?]
	at com.zaxxer.hikari.pool.PoolBase.newPoolEntry(PoolBase.java:206) ~[HikariCP-4.0.3.jar:?]
	at com.zaxxer.hikari.pool.HikariPool.createPoolEntry(HikariPool.java:476) ~[HikariCP-4.0.3.jar:?]
	at com.zaxxer.hikari.pool.HikariPool.checkFailFast(HikariPool.java:561) ~[HikariCP-4.0.3.jar:?]
	at com.zaxxer.hikari.pool.HikariPool.<init>(HikariPool.java:115) ~[HikariCP-4.0.3.jar:?]
	at com.zaxxer.hikari.HikariDataSource.getConnection(HikariDataSource.java:112) ~[HikariCP-4.0.3.jar:?]
	at org.springframework.jdbc.datasource.DataSourceUtils.fetchConnection(DataSourceUtils.java:159) ~[spring-jdbc-5.3.25.jar:5.3.25]
	at org.springframework.jdbc.datasource.DataSourceUtils.doGetConnection(DataSourceUtils.java:117) ~[spring-jdbc-5.3.25.jar:5.3.25]
	at org.springframework.jdbc.datasource.DataSourceUtils.getConnection(DataSourceUtils.java:80) ~[spring-jdbc-5.3.25.jar:5.3.25]
	at org.mybatis.spring.transaction.SpringManagedTransaction.openConnection(SpringManagedTransaction.java:80) ~[mybatis-spring-2.1.0.jar:2.1.0]
	at org.mybatis.spring.transaction.SpringManagedTransaction.getConnection(SpringManagedTransaction.java:67) ~[mybatis-spring-2.1.0.jar:2.1.0]
	at org.apache.ibatis.executor.BaseExecutor.getConnection(BaseExecutor.java:337) ~[mybatis-3.5.11.jar:3.5.11]
	at org.apache.ibatis.executor.SimpleExecutor.prepareStatement(SimpleExecutor.java:86) ~[mybatis-3.5.11.jar:3.5.11]
	at org.apache.ibatis.executor.SimpleExecutor.doQuery(SimpleExecutor.java:62) ~[mybatis-3.5.11.jar:3.5.11]
	at org.apache.ibatis.executor.BaseExecutor.queryFromDatabase(BaseExecutor.java:325) ~[mybatis-3.5.11.jar:3.5.11]
	at org.apache.ibatis.executor.BaseExecutor.query(BaseExecutor.java:156) ~[mybatis-3.5.11.jar:3.5.11]
	at org.apache.ibatis.executor.CachingExecutor.query(CachingExecutor.java:109) ~[mybatis-3.5.11.jar:3.5.11]
	at com.github.pagehelper.PageInterceptor.intercept(PageInterceptor.java:151) ~[pagehelper-5.3.2.jar:?]
	at org.apache.ibatis.plugin.Plugin.invoke(Plugin.java:62) ~[mybatis-3.5.11.jar:3.5.11]
	at com.sun.proxy.$Proxy131.query(Unknown Source) ~[?:?]
	at org.apache.ibatis.session.defaults.DefaultSqlSession.selectList(DefaultSqlSession.java:151) ~[mybatis-3.5.11.jar:3.5.11]
	at org.apache.ibatis.session.defaults.DefaultSqlSession.selectList(DefaultSqlSession.java:145) ~[mybatis-3.5.11.jar:3.5.11]
	at org.apache.ibatis.session.defaults.DefaultSqlSession.selectList(DefaultSqlSession.java:140) ~[mybatis-3.5.11.jar:3.5.11]
	at org.apache.ibatis.session.defaults.DefaultSqlSession.selectOne(DefaultSqlSession.java:76) ~[mybatis-3.5.11.jar:3.5.11]
	at sun.reflect.NativeMethodAccessorImpl.invoke0(Native Method) ~[?:1.8.0_202]
	at sun.reflect.NativeMethodAccessorImpl.invoke(NativeMethodAccessorImpl.java:62) ~[?:1.8.0_202]
	at sun.reflect.DelegatingMethodAccessorImpl.invoke(DelegatingMethodAccessorImpl.java:43) ~[?:1.8.0_202]
	at java.lang.reflect.Method.invoke(Method.java:498) ~[?:1.8.0_202]
	at org.mybatis.spring.SqlSessionTemplate$SqlSessionInterceptor.invoke(SqlSessionTemplate.java:425) ~[mybatis-spring-2.1.0.jar:2.1.0]
	at com.sun.proxy.$Proxy91.selectOne(Unknown Source) ~[?:?]
	at org.mybatis.spring.SqlSessionTemplate.selectOne(SqlSessionTemplate.java:160) ~[mybatis-spring-2.1.0.jar:2.1.0]
	at org.apache.ibatis.binding.MapperMethod.execute(MapperMethod.java:87) ~[mybatis-3.5.11.jar:3.5.11]
	at org.apache.ibatis.binding.MapperProxy$PlainMethodInvoker.invoke(MapperProxy.java:145) ~[mybatis-3.5.11.jar:3.5.11]
	at org.apache.ibatis.binding.MapperProxy.invoke(MapperProxy.java:86) ~[mybatis-3.5.11.jar:3.5.11]
	at com.sun.proxy.$Proxy109.getUserByAccountAndPassword(Unknown Source) ~[?:?]
	at ma.com.serviceImp.UserServiceImp.getUserByAccountAndPassword(UserServiceImp.java:24) ~[classes/:?]
	at ma.com.controller.UserController.login(UserController.java:38) ~[classes/:?]
	at sun.reflect.NativeMethodAccessorImpl.invoke0(Native Method) ~[?:1.8.0_202]
	at sun.reflect.NativeMethodAccessorImpl.invoke(NativeMethodAccessorImpl.java:62) ~[?:1.8.0_202]
	at sun.reflect.DelegatingMethodAccessorImpl.invoke(DelegatingMethodAccessorImpl.java:43) ~[?:1.8.0_202]
	at java.lang.reflect.Method.invoke(Method.java:498) ~[?:1.8.0_202]
	at org.springframework.web.method.support.InvocableHandlerMethod.doInvoke(InvocableHandlerMethod.java:205) ~[spring-web-5.3.25.jar:5.3.25]
	at org.springframework.web.method.support.InvocableHandlerMethod.invokeForRequest(InvocableHandlerMethod.java:150) ~[spring-web-5.3.25.jar:5.3.25]
	at org.springframework.web.servlet.mvc.method.annotation.ServletInvocableHandlerMethod.invokeAndHandle(ServletInvocableHandlerMethod.java:117) ~[spring-webmvc-5.3.25.jar:5.3.25]
	at org.springframework.web.servlet.mvc.method.annotation.RequestMappingHandlerAdapter.invokeHandlerMethod(RequestMappingHandlerAdapter.java:895) ~[spring-webmvc-5.3.25.jar:5.3.25]
	at org.springframework.web.servlet.mvc.method.annotation.RequestMappingHandlerAdapter.handleInternal(RequestMappingHandlerAdapter.java:808) ~[spring-webmvc-5.3.25.jar:5.3.25]
	at org.springframework.web.servlet.mvc.method.AbstractHandlerMethodAdapter.handle(AbstractHandlerMethodAdapter.java:87) ~[spring-webmvc-5.3.25.jar:5.3.25]
	at org.springframework.web.servlet.DispatcherServlet.doDispatch(DispatcherServlet.java:1071) ~[spring-webmvc-5.3.25.jar:5.3.25]
	at org.springframework.web.servlet.DispatcherServlet.doService(DispatcherServlet.java:964) ~[spring-webmvc-5.3.25.jar:5.3.25]
	at org.springframework.web.servlet.FrameworkServlet.processRequest(FrameworkServlet.java:1006) ~[spring-webmvc-5.3.25.jar:5.3.25]
	at org.springframework.web.servlet.FrameworkServlet.doPost(FrameworkServlet.java:909) ~[spring-webmvc-5.3.25.jar:5.3.25]
	at javax.servlet.http.HttpServlet.service(HttpServlet.java:696) ~[tomcat-embed-core-9.0.71.jar:4.0.FR]
	at org.springframework.web.servlet.FrameworkServlet.service(FrameworkServlet.java:883) ~[spring-webmvc-5.3.25.jar:5.3.25]
	at javax.servlet.http.HttpServlet.service(HttpServlet.java:779) ~[tomcat-embed-core-9.0.71.jar:4.0.FR]
	at org.apache.catalina.core.ApplicationFilterChain.internalDoFilter(ApplicationFilterChain.java:227) ~[tomcat-embed-core-9.0.71.jar:9.0.71]
	at org.apache.catalina.core.ApplicationFilterChain.doFilter(ApplicationFilterChain.java:162) ~[tomcat-embed-core-9.0.71.jar:9.0.71]
	at org.apache.tomcat.websocket.server.WsFilter.doFilter(WsFilter.java:53) ~[tomcat-embed-websocket-9.0.71.jar:9.0.71]
	at org.apache.catalina.core.ApplicationFilterChain.internalDoFilter(ApplicationFilterChain.java:189) ~[tomcat-embed-core-9.0.71.jar:9.0.71]
	at org.apache.catalina.core.ApplicationFilterChain.doFilter(ApplicationFilterChain.java:162) ~[tomcat-embed-core-9.0.71.jar:9.0.71]
	at org.springframework.web.filter.RequestContextFilter.doFilterInternal(RequestContextFilter.java:100) ~[spring-web-5.3.25.jar:5.3.25]
	at org.springframework.web.filter.OncePerRequestFilter.doFilter(OncePerRequestFilter.java:117) ~[spring-web-5.3.25.jar:5.3.25]
	at org.apache.catalina.core.ApplicationFilterChain.internalDoFilter(ApplicationFilterChain.java:189) ~[tomcat-embed-core-9.0.71.jar:9.0.71]
	at org.apache.catalina.core.ApplicationFilterChain.doFilter(ApplicationFilterChain.java:162) ~[tomcat-embed-core-9.0.71.jar:9.0.71]
	at org.springframework.web.filter.FormContentFilter.doFilterInternal(FormContentFilter.java:93) ~[spring-web-5.3.25.jar:5.3.25]
	at org.springframework.web.filter.OncePerRequestFilter.doFilter(OncePerRequestFilter.java:117) ~[spring-web-5.3.25.jar:5.3.25]
	at org.apache.catalina.core.ApplicationFilterChain.internalDoFilter(ApplicationFilterChain.java:189) ~[tomcat-embed-core-9.0.71.jar:9.0.71]
	at org.apache.catalina.core.ApplicationFilterChain.doFilter(ApplicationFilterChain.java:162) ~[tomcat-embed-core-9.0.71.jar:9.0.71]
	at org.springframework.web.filter.CharacterEncodingFilter.doFilterInternal(CharacterEncodingFilter.java:201) ~[spring-web-5.3.25.jar:5.3.25]
	at org.springframework.web.filter.OncePerRequestFilter.doFilter(OncePerRequestFilter.java:117) ~[spring-web-5.3.25.jar:5.3.25]
	at org.apache.catalina.core.ApplicationFilterChain.internalDoFilter(ApplicationFilterChain.java:189) ~[tomcat-embed-core-9.0.71.jar:9.0.71]
	at org.apache.catalina.core.ApplicationFilterChain.doFilter(ApplicationFilterChain.java:162) ~[tomcat-embed-core-9.0.71.jar:9.0.71]
	at org.apache.catalina.core.StandardWrapperValve.invoke(StandardWrapperValve.java:177) ~[tomcat-embed-core-9.0.71.jar:9.0.71]
	at org.apache.catalina.core.StandardContextValve.invoke(StandardContextValve.java:97) ~[tomcat-embed-core-9.0.71.jar:9.0.71]
	at org.apache.catalina.authenticator.AuthenticatorBase.invoke(AuthenticatorBase.java:541) ~[tomcat-embed-core-9.0.71.jar:9.0.71]
	at org.apache.catalina.core.StandardHostValve.invoke(StandardHostValve.java:135) ~[tomcat-embed-core-9.0.71.jar:9.0.71]
	at org.apache.catalina.valves.ErrorReportValve.invoke(ErrorReportValve.java:92) ~[tomcat-embed-core-9.0.71.jar:9.0.71]
	at org.apache.catalina.core.StandardEngineValve.invoke(StandardEngineValve.java:78) ~[tomcat-embed-core-9.0.71.jar:9.0.71]
	at org.apache.catalina.connector.CoyoteAdapter.service(CoyoteAdapter.java:360) ~[tomcat-embed-core-9.0.71.jar:9.0.71]
	at org.apache.coyote.http11.Http11Processor.service(Http11Processor.java:399) ~[tomcat-embed-core-9.0.71.jar:9.0.71]
	at org.apache.coyote.AbstractProcessorLight.process(AbstractProcessorLight.java:65) ~[tomcat-embed-core-9.0.71.jar:9.0.71]
	at org.apache.coyote.AbstractProtocol$ConnectionHandler.process(AbstractProtocol.java:891) ~[tomcat-embed-core-9.0.71.jar:9.0.71]
	at org.apache.tomcat.util.net.NioEndpoint$SocketProcessor.doRun(NioEndpoint.java:1784) ~[tomcat-embed-core-9.0.71.jar:9.0.71]
	at org.apache.tomcat.util.net.SocketProcessorBase.run(SocketProcessorBase.java:49) ~[tomcat-embed-core-9.0.71.jar:9.0.71]
	at org.apache.tomcat.util.threads.ThreadPoolExecutor.runWorker(ThreadPoolExecutor.java:1191) ~[tomcat-embed-core-9.0.71.jar:9.0.71]
	at org.apache.tomcat.util.threads.ThreadPoolExecutor$Worker.run(ThreadPoolExecutor.java:659) ~[tomcat-embed-core-9.0.71.jar:9.0.71]
	at org.apache.tomcat.util.threads.TaskThread$WrappingRunnable.run(TaskThread.java:61) ~[tomcat-embed-core-9.0.71.jar:9.0.71]
	at java.lang.Thread.run(Thread.java:748) ~[?:1.8.0_202]
[2025-04-01 15:42:16:543] [ERROR] - com.zaxxer.hikari.pool.HikariPool.throwPoolInitializationException(HikariPool.java:594) - HikariPool-1 - Exception during pool initialization.
com.mysql.jdbc.exceptions.jdbc4.CommunicationsException: Communications link failure

The last packet sent successfully to the server was 0 milliseconds ago. The driver has not received any packets from the server.
	at sun.reflect.NativeConstructorAccessorImpl.newInstance0(Native Method) ~[?:1.8.0_202]
	at sun.reflect.NativeConstructorAccessorImpl.newInstance(NativeConstructorAccessorImpl.java:62) ~[?:1.8.0_202]
	at sun.reflect.DelegatingConstructorAccessorImpl.newInstance(DelegatingConstructorAccessorImpl.java:45) ~[?:1.8.0_202]
	at java.lang.reflect.Constructor.newInstance(Constructor.java:423) ~[?:1.8.0_202]
	at com.mysql.jdbc.Util.handleNewInstance(Util.java:403) ~[mysql-connector-java-5.1.49.jar:5.1.49]
	at com.mysql.jdbc.SQLError.createCommunicationsException(SQLError.java:990) ~[mysql-connector-java-5.1.49.jar:5.1.49]
	at com.mysql.jdbc.MysqlIO.<init>(MysqlIO.java:335) ~[mysql-connector-java-5.1.49.jar:5.1.49]
	at com.mysql.jdbc.ConnectionImpl.coreConnect(ConnectionImpl.java:2187) ~[mysql-connector-java-5.1.49.jar:5.1.49]
	at com.mysql.jdbc.ConnectionImpl.connectOneTryOnly(ConnectionImpl.java:2220) ~[mysql-connector-java-5.1.49.jar:5.1.49]
	at com.mysql.jdbc.ConnectionImpl.createNewIO(ConnectionImpl.java:2015) ~[mysql-connector-java-5.1.49.jar:5.1.49]
	at com.mysql.jdbc.ConnectionImpl.<init>(ConnectionImpl.java:768) ~[mysql-connector-java-5.1.49.jar:5.1.49]
	at com.mysql.jdbc.JDBC4Connection.<init>(JDBC4Connection.java:47) ~[mysql-connector-java-5.1.49.jar:5.1.49]
	at sun.reflect.NativeConstructorAccessorImpl.newInstance0(Native Method) ~[?:1.8.0_202]
	at sun.reflect.NativeConstructorAccessorImpl.newInstance(NativeConstructorAccessorImpl.java:62) ~[?:1.8.0_202]
	at sun.reflect.DelegatingConstructorAccessorImpl.newInstance(DelegatingConstructorAccessorImpl.java:45) ~[?:1.8.0_202]
	at java.lang.reflect.Constructor.newInstance(Constructor.java:423) ~[?:1.8.0_202]
	at com.mysql.jdbc.Util.handleNewInstance(Util.java:403) ~[mysql-connector-java-5.1.49.jar:5.1.49]
	at com.mysql.jdbc.ConnectionImpl.getInstance(ConnectionImpl.java:385) ~[mysql-connector-java-5.1.49.jar:5.1.49]
	at com.mysql.jdbc.NonRegisteringDriver.connect(NonRegisteringDriver.java:323) ~[mysql-connector-java-5.1.49.jar:5.1.49]
	at com.zaxxer.hikari.util.DriverDataSource.getConnection(DriverDataSource.java:138) ~[HikariCP-4.0.3.jar:?]
	at com.zaxxer.hikari.pool.PoolBase.newConnection(PoolBase.java:364) ~[HikariCP-4.0.3.jar:?]
	at com.zaxxer.hikari.pool.PoolBase.newPoolEntry(PoolBase.java:206) ~[HikariCP-4.0.3.jar:?]
	at com.zaxxer.hikari.pool.HikariPool.createPoolEntry(HikariPool.java:476) ~[HikariCP-4.0.3.jar:?]
	at com.zaxxer.hikari.pool.HikariPool.checkFailFast(HikariPool.java:561) ~[HikariCP-4.0.3.jar:?]
	at com.zaxxer.hikari.pool.HikariPool.<init>(HikariPool.java:115) ~[HikariCP-4.0.3.jar:?]
	at com.zaxxer.hikari.HikariDataSource.getConnection(HikariDataSource.java:112) ~[HikariCP-4.0.3.jar:?]
	at org.springframework.jdbc.datasource.DataSourceUtils.fetchConnection(DataSourceUtils.java:159) ~[spring-jdbc-5.3.25.jar:5.3.25]
	at org.springframework.jdbc.datasource.DataSourceUtils.doGetConnection(DataSourceUtils.java:117) ~[spring-jdbc-5.3.25.jar:5.3.25]
	at org.springframework.jdbc.datasource.DataSourceUtils.getConnection(DataSourceUtils.java:80) ~[spring-jdbc-5.3.25.jar:5.3.25]
	at org.mybatis.spring.transaction.SpringManagedTransaction.openConnection(SpringManagedTransaction.java:80) ~[mybatis-spring-2.1.0.jar:2.1.0]
	at org.mybatis.spring.transaction.SpringManagedTransaction.getConnection(SpringManagedTransaction.java:67) ~[mybatis-spring-2.1.0.jar:2.1.0]
	at org.apache.ibatis.executor.BaseExecutor.getConnection(BaseExecutor.java:337) ~[mybatis-3.5.11.jar:3.5.11]
	at org.apache.ibatis.executor.SimpleExecutor.prepareStatement(SimpleExecutor.java:86) ~[mybatis-3.5.11.jar:3.5.11]
	at org.apache.ibatis.executor.SimpleExecutor.doQuery(SimpleExecutor.java:62) ~[mybatis-3.5.11.jar:3.5.11]
	at org.apache.ibatis.executor.BaseExecutor.queryFromDatabase(BaseExecutor.java:325) ~[mybatis-3.5.11.jar:3.5.11]
	at org.apache.ibatis.executor.BaseExecutor.query(BaseExecutor.java:156) ~[mybatis-3.5.11.jar:3.5.11]
	at org.apache.ibatis.executor.CachingExecutor.query(CachingExecutor.java:109) ~[mybatis-3.5.11.jar:3.5.11]
	at com.github.pagehelper.PageInterceptor.intercept(PageInterceptor.java:151) ~[pagehelper-5.3.2.jar:?]
	at org.apache.ibatis.plugin.Plugin.invoke(Plugin.java:62) ~[mybatis-3.5.11.jar:3.5.11]
	at com.sun.proxy.$Proxy131.query(Unknown Source) ~[?:?]
	at org.apache.ibatis.session.defaults.DefaultSqlSession.selectList(DefaultSqlSession.java:151) ~[mybatis-3.5.11.jar:3.5.11]
	at org.apache.ibatis.session.defaults.DefaultSqlSession.selectList(DefaultSqlSession.java:145) ~[mybatis-3.5.11.jar:3.5.11]
	at org.apache.ibatis.session.defaults.DefaultSqlSession.selectList(DefaultSqlSession.java:140) ~[mybatis-3.5.11.jar:3.5.11]
	at org.apache.ibatis.session.defaults.DefaultSqlSession.selectOne(DefaultSqlSession.java:76) ~[mybatis-3.5.11.jar:3.5.11]
	at sun.reflect.NativeMethodAccessorImpl.invoke0(Native Method) ~[?:1.8.0_202]
	at sun.reflect.NativeMethodAccessorImpl.invoke(NativeMethodAccessorImpl.java:62) ~[?:1.8.0_202]
	at sun.reflect.DelegatingMethodAccessorImpl.invoke(DelegatingMethodAccessorImpl.java:43) ~[?:1.8.0_202]
	at java.lang.reflect.Method.invoke(Method.java:498) ~[?:1.8.0_202]
	at org.mybatis.spring.SqlSessionTemplate$SqlSessionInterceptor.invoke(SqlSessionTemplate.java:425) ~[mybatis-spring-2.1.0.jar:2.1.0]
	at com.sun.proxy.$Proxy91.selectOne(Unknown Source) ~[?:?]
	at org.mybatis.spring.SqlSessionTemplate.selectOne(SqlSessionTemplate.java:160) ~[mybatis-spring-2.1.0.jar:2.1.0]
	at org.apache.ibatis.binding.MapperMethod.execute(MapperMethod.java:87) ~[mybatis-3.5.11.jar:3.5.11]
	at org.apache.ibatis.binding.MapperProxy$PlainMethodInvoker.invoke(MapperProxy.java:145) ~[mybatis-3.5.11.jar:3.5.11]
	at org.apache.ibatis.binding.MapperProxy.invoke(MapperProxy.java:86) ~[mybatis-3.5.11.jar:3.5.11]
	at com.sun.proxy.$Proxy109.getUserByAccountAndPassword(Unknown Source) ~[?:?]
	at ma.com.serviceImp.UserServiceImp.getUserByAccountAndPassword(UserServiceImp.java:24) ~[classes/:?]
	at ma.com.controller.UserController.login(UserController.java:38) ~[classes/:?]
	at sun.reflect.NativeMethodAccessorImpl.invoke0(Native Method) ~[?:1.8.0_202]
	at sun.reflect.NativeMethodAccessorImpl.invoke(NativeMethodAccessorImpl.java:62) ~[?:1.8.0_202]
	at sun.reflect.DelegatingMethodAccessorImpl.invoke(DelegatingMethodAccessorImpl.java:43) ~[?:1.8.0_202]
	at java.lang.reflect.Method.invoke(Method.java:498) ~[?:1.8.0_202]
	at org.springframework.web.method.support.InvocableHandlerMethod.doInvoke(InvocableHandlerMethod.java:205) ~[spring-web-5.3.25.jar:5.3.25]
	at org.springframework.web.method.support.InvocableHandlerMethod.invokeForRequest(InvocableHandlerMethod.java:150) ~[spring-web-5.3.25.jar:5.3.25]
	at org.springframework.web.servlet.mvc.method.annotation.ServletInvocableHandlerMethod.invokeAndHandle(ServletInvocableHandlerMethod.java:117) ~[spring-webmvc-5.3.25.jar:5.3.25]
	at org.springframework.web.servlet.mvc.method.annotation.RequestMappingHandlerAdapter.invokeHandlerMethod(RequestMappingHandlerAdapter.java:895) ~[spring-webmvc-5.3.25.jar:5.3.25]
	at org.springframework.web.servlet.mvc.method.annotation.RequestMappingHandlerAdapter.handleInternal(RequestMappingHandlerAdapter.java:808) ~[spring-webmvc-5.3.25.jar:5.3.25]
	at org.springframework.web.servlet.mvc.method.AbstractHandlerMethodAdapter.handle(AbstractHandlerMethodAdapter.java:87) ~[spring-webmvc-5.3.25.jar:5.3.25]
	at org.springframework.web.servlet.DispatcherServlet.doDispatch(DispatcherServlet.java:1071) ~[spring-webmvc-5.3.25.jar:5.3.25]
	at org.springframework.web.servlet.DispatcherServlet.doService(DispatcherServlet.java:964) ~[spring-webmvc-5.3.25.jar:5.3.25]
	at org.springframework.web.servlet.FrameworkServlet.processRequest(FrameworkServlet.java:1006) ~[spring-webmvc-5.3.25.jar:5.3.25]
	at org.springframework.web.servlet.FrameworkServlet.doPost(FrameworkServlet.java:909) ~[spring-webmvc-5.3.25.jar:5.3.25]
	at javax.servlet.http.HttpServlet.service(HttpServlet.java:696) ~[tomcat-embed-core-9.0.71.jar:4.0.FR]
	at org.springframework.web.servlet.FrameworkServlet.service(FrameworkServlet.java:883) ~[spring-webmvc-5.3.25.jar:5.3.25]
	at javax.servlet.http.HttpServlet.service(HttpServlet.java:779) ~[tomcat-embed-core-9.0.71.jar:4.0.FR]
	at org.apache.catalina.core.ApplicationFilterChain.internalDoFilter(ApplicationFilterChain.java:227) ~[tomcat-embed-core-9.0.71.jar:9.0.71]
	at org.apache.catalina.core.ApplicationFilterChain.doFilter(ApplicationFilterChain.java:162) ~[tomcat-embed-core-9.0.71.jar:9.0.71]
	at org.apache.tomcat.websocket.server.WsFilter.doFilter(WsFilter.java:53) ~[tomcat-embed-websocket-9.0.71.jar:9.0.71]
	at org.apache.catalina.core.ApplicationFilterChain.internalDoFilter(ApplicationFilterChain.java:189) ~[tomcat-embed-core-9.0.71.jar:9.0.71]
	at org.apache.catalina.core.ApplicationFilterChain.doFilter(ApplicationFilterChain.java:162) ~[tomcat-embed-core-9.0.71.jar:9.0.71]
	at org.springframework.web.filter.RequestContextFilter.doFilterInternal(RequestContextFilter.java:100) ~[spring-web-5.3.25.jar:5.3.25]
	at org.springframework.web.filter.OncePerRequestFilter.doFilter(OncePerRequestFilter.java:117) ~[spring-web-5.3.25.jar:5.3.25]
	at org.apache.catalina.core.ApplicationFilterChain.internalDoFilter(ApplicationFilterChain.java:189) ~[tomcat-embed-core-9.0.71.jar:9.0.71]
	at org.apache.catalina.core.ApplicationFilterChain.doFilter(ApplicationFilterChain.java:162) ~[tomcat-embed-core-9.0.71.jar:9.0.71]
	at org.springframework.web.filter.FormContentFilter.doFilterInternal(FormContentFilter.java:93) ~[spring-web-5.3.25.jar:5.3.25]
	at org.springframework.web.filter.OncePerRequestFilter.doFilter(OncePerRequestFilter.java:117) ~[spring-web-5.3.25.jar:5.3.25]
	at org.apache.catalina.core.ApplicationFilterChain.internalDoFilter(ApplicationFilterChain.java:189) ~[tomcat-embed-core-9.0.71.jar:9.0.71]
	at org.apache.catalina.core.ApplicationFilterChain.doFilter(ApplicationFilterChain.java:162) ~[tomcat-embed-core-9.0.71.jar:9.0.71]
	at org.springframework.web.filter.CharacterEncodingFilter.doFilterInternal(CharacterEncodingFilter.java:201) ~[spring-web-5.3.25.jar:5.3.25]
	at org.springframework.web.filter.OncePerRequestFilter.doFilter(OncePerRequestFilter.java:117) ~[spring-web-5.3.25.jar:5.3.25]
	at org.apache.catalina.core.ApplicationFilterChain.internalDoFilter(ApplicationFilterChain.java:189) ~[tomcat-embed-core-9.0.71.jar:9.0.71]
	at org.apache.catalina.core.ApplicationFilterChain.doFilter(ApplicationFilterChain.java:162) ~[tomcat-embed-core-9.0.71.jar:9.0.71]
	at org.apache.catalina.core.StandardWrapperValve.invoke(StandardWrapperValve.java:177) ~[tomcat-embed-core-9.0.71.jar:9.0.71]
	at org.apache.catalina.core.StandardContextValve.invoke(StandardContextValve.java:97) ~[tomcat-embed-core-9.0.71.jar:9.0.71]
	at org.apache.catalina.authenticator.AuthenticatorBase.invoke(AuthenticatorBase.java:541) ~[tomcat-embed-core-9.0.71.jar:9.0.71]
	at org.apache.catalina.core.StandardHostValve.invoke(StandardHostValve.java:135) ~[tomcat-embed-core-9.0.71.jar:9.0.71]
	at org.apache.catalina.valves.ErrorReportValve.invoke(ErrorReportValve.java:92) ~[tomcat-embed-core-9.0.71.jar:9.0.71]
	at org.apache.catalina.core.StandardEngineValve.invoke(StandardEngineValve.java:78) ~[tomcat-embed-core-9.0.71.jar:9.0.71]
	at org.apache.catalina.connector.CoyoteAdapter.service(CoyoteAdapter.java:360) ~[tomcat-embed-core-9.0.71.jar:9.0.71]
	at org.apache.coyote.http11.Http11Processor.service(Http11Processor.java:399) ~[tomcat-embed-core-9.0.71.jar:9.0.71]
	at org.apache.coyote.AbstractProcessorLight.process(AbstractProcessorLight.java:65) ~[tomcat-embed-core-9.0.71.jar:9.0.71]
	at org.apache.coyote.AbstractProtocol$ConnectionHandler.process(AbstractProtocol.java:891) ~[tomcat-embed-core-9.0.71.jar:9.0.71]
	at org.apache.tomcat.util.net.NioEndpoint$SocketProcessor.doRun(NioEndpoint.java:1784) ~[tomcat-embed-core-9.0.71.jar:9.0.71]
	at org.apache.tomcat.util.net.SocketProcessorBase.run(SocketProcessorBase.java:49) ~[tomcat-embed-core-9.0.71.jar:9.0.71]
	at org.apache.tomcat.util.threads.ThreadPoolExecutor.runWorker(ThreadPoolExecutor.java:1191) ~[tomcat-embed-core-9.0.71.jar:9.0.71]
	at org.apache.tomcat.util.threads.ThreadPoolExecutor$Worker.run(ThreadPoolExecutor.java:659) ~[tomcat-embed-core-9.0.71.jar:9.0.71]
	at org.apache.tomcat.util.threads.TaskThread$WrappingRunnable.run(TaskThread.java:61) ~[tomcat-embed-core-9.0.71.jar:9.0.71]
	at java.lang.Thread.run(Thread.java:748) ~[?:1.8.0_202]
Caused by: java.net.ConnectException: Connection timed out: connect
	at java.net.DualStackPlainSocketImpl.waitForConnect(Native Method) ~[?:1.8.0_202]
	at java.net.DualStackPlainSocketImpl.socketConnect(DualStackPlainSocketImpl.java:85) ~[?:1.8.0_202]
	at java.net.AbstractPlainSocketImpl.doConnect(AbstractPlainSocketImpl.java:350) ~[?:1.8.0_202]
	at java.net.AbstractPlainSocketImpl.connectToAddress(AbstractPlainSocketImpl.java:206) ~[?:1.8.0_202]
	at java.net.AbstractPlainSocketImpl.connect(AbstractPlainSocketImpl.java:188) ~[?:1.8.0_202]
	at java.net.PlainSocketImpl.connect(PlainSocketImpl.java:172) ~[?:1.8.0_202]
	at java.net.SocksSocketImpl.connect(SocksSocketImpl.java:392) ~[?:1.8.0_202]
	at java.net.Socket.connect(Socket.java:589) ~[?:1.8.0_202]
	at com.mysql.jdbc.StandardSocketFactory.connect(StandardSocketFactory.java:211) ~[mysql-connector-java-5.1.49.jar:5.1.49]
	at com.mysql.jdbc.MysqlIO.<init>(MysqlIO.java:299) ~[mysql-connector-java-5.1.49.jar:5.1.49]
	... 100 more
[2025-04-01 15:42:16:547] [ERROR] - org.apache.juli.logging.DirectJDKLog.log(DirectJDKLog.java:175) - Servlet.service() for servlet [dispatcherServlet] in context with path [] threw exception [Request processing failed; nested exception is org.mybatis.spring.MyBatisSystemException: nested exception is org.apache.ibatis.exceptions.PersistenceException: 
### Error querying database.  Cause: org.springframework.jdbc.CannotGetJdbcConnectionException: Failed to obtain JDBC Connection; nested exception is com.mysql.jdbc.exceptions.jdbc4.CommunicationsException: Communications link failure

The last packet sent successfully to the server was 0 milliseconds ago. The driver has not received any packets from the server.
### The error may exist in file [E:\computer2\computer1\ifly\target\classes\mapper\userMapper.xml]
### The error may involve ma.com.mapper.UserMapper.getUserByAccountAndPassword
### The error occurred while executing a query
### Cause: org.springframework.jdbc.CannotGetJdbcConnectionException: Failed to obtain JDBC Connection; nested exception is com.mysql.jdbc.exceptions.jdbc4.CommunicationsException: Communications link failure

The last packet sent successfully to the server was 0 milliseconds ago. The driver has not received any packets from the server.] with root cause
java.net.ConnectException: Connection timed out: connect
	at java.net.DualStackPlainSocketImpl.waitForConnect(Native Method) ~[?:1.8.0_202]
	at java.net.DualStackPlainSocketImpl.socketConnect(DualStackPlainSocketImpl.java:85) ~[?:1.8.0_202]
	at java.net.AbstractPlainSocketImpl.doConnect(AbstractPlainSocketImpl.java:350) ~[?:1.8.0_202]
	at java.net.AbstractPlainSocketImpl.connectToAddress(AbstractPlainSocketImpl.java:206) ~[?:1.8.0_202]
	at java.net.AbstractPlainSocketImpl.connect(AbstractPlainSocketImpl.java:188) ~[?:1.8.0_202]
	at java.net.PlainSocketImpl.connect(PlainSocketImpl.java:172) ~[?:1.8.0_202]
	at java.net.SocksSocketImpl.connect(SocksSocketImpl.java:392) ~[?:1.8.0_202]
	at java.net.Socket.connect(Socket.java:589) ~[?:1.8.0_202]
	at com.mysql.jdbc.StandardSocketFactory.connect(StandardSocketFactory.java:211) ~[mysql-connector-java-5.1.49.jar:5.1.49]
	at com.mysql.jdbc.MysqlIO.<init>(MysqlIO.java:299) ~[mysql-connector-java-5.1.49.jar:5.1.49]
	at com.mysql.jdbc.ConnectionImpl.coreConnect(ConnectionImpl.java:2187) ~[mysql-connector-java-5.1.49.jar:5.1.49]
	at com.mysql.jdbc.ConnectionImpl.connectOneTryOnly(ConnectionImpl.java:2220) ~[mysql-connector-java-5.1.49.jar:5.1.49]
	at com.mysql.jdbc.ConnectionImpl.createNewIO(ConnectionImpl.java:2015) ~[mysql-connector-java-5.1.49.jar:5.1.49]
	at com.mysql.jdbc.ConnectionImpl.<init>(ConnectionImpl.java:768) ~[mysql-connector-java-5.1.49.jar:5.1.49]
	at com.mysql.jdbc.JDBC4Connection.<init>(JDBC4Connection.java:47) ~[mysql-connector-java-5.1.49.jar:5.1.49]
	at sun.reflect.NativeConstructorAccessorImpl.newInstance0(Native Method) ~[?:1.8.0_202]
	at sun.reflect.NativeConstructorAccessorImpl.newInstance(NativeConstructorAccessorImpl.java:62) ~[?:1.8.0_202]
	at sun.reflect.DelegatingConstructorAccessorImpl.newInstance(DelegatingConstructorAccessorImpl.java:45) ~[?:1.8.0_202]
	at java.lang.reflect.Constructor.newInstance(Constructor.java:423) ~[?:1.8.0_202]
	at com.mysql.jdbc.Util.handleNewInstance(Util.java:403) ~[mysql-connector-java-5.1.49.jar:5.1.49]
	at com.mysql.jdbc.ConnectionImpl.getInstance(ConnectionImpl.java:385) ~[mysql-connector-java-5.1.49.jar:5.1.49]
	at com.mysql.jdbc.NonRegisteringDriver.connect(NonRegisteringDriver.java:323) ~[mysql-connector-java-5.1.49.jar:5.1.49]
	at com.zaxxer.hikari.util.DriverDataSource.getConnection(DriverDataSource.java:138) ~[HikariCP-4.0.3.jar:?]
	at com.zaxxer.hikari.pool.PoolBase.newConnection(PoolBase.java:364) ~[HikariCP-4.0.3.jar:?]
	at com.zaxxer.hikari.pool.PoolBase.newPoolEntry(PoolBase.java:206) ~[HikariCP-4.0.3.jar:?]
	at com.zaxxer.hikari.pool.HikariPool.createPoolEntry(HikariPool.java:476) ~[HikariCP-4.0.3.jar:?]
	at com.zaxxer.hikari.pool.HikariPool.checkFailFast(HikariPool.java:561) ~[HikariCP-4.0.3.jar:?]
	at com.zaxxer.hikari.pool.HikariPool.<init>(HikariPool.java:115) ~[HikariCP-4.0.3.jar:?]
	at com.zaxxer.hikari.HikariDataSource.getConnection(HikariDataSource.java:112) ~[HikariCP-4.0.3.jar:?]
	at org.springframework.jdbc.datasource.DataSourceUtils.fetchConnection(DataSourceUtils.java:159) ~[spring-jdbc-5.3.25.jar:5.3.25]
	at org.springframework.jdbc.datasource.DataSourceUtils.doGetConnection(DataSourceUtils.java:117) ~[spring-jdbc-5.3.25.jar:5.3.25]
	at org.springframework.jdbc.datasource.DataSourceUtils.getConnection(DataSourceUtils.java:80) ~[spring-jdbc-5.3.25.jar:5.3.25]
	at org.mybatis.spring.transaction.SpringManagedTransaction.openConnection(SpringManagedTransaction.java:80) ~[mybatis-spring-2.1.0.jar:2.1.0]
	at org.mybatis.spring.transaction.SpringManagedTransaction.getConnection(SpringManagedTransaction.java:67) ~[mybatis-spring-2.1.0.jar:2.1.0]
	at org.apache.ibatis.executor.BaseExecutor.getConnection(BaseExecutor.java:337) ~[mybatis-3.5.11.jar:3.5.11]
	at org.apache.ibatis.executor.SimpleExecutor.prepareStatement(SimpleExecutor.java:86) ~[mybatis-3.5.11.jar:3.5.11]
	at org.apache.ibatis.executor.SimpleExecutor.doQuery(SimpleExecutor.java:62) ~[mybatis-3.5.11.jar:3.5.11]
	at org.apache.ibatis.executor.BaseExecutor.queryFromDatabase(BaseExecutor.java:325) ~[mybatis-3.5.11.jar:3.5.11]
	at org.apache.ibatis.executor.BaseExecutor.query(BaseExecutor.java:156) ~[mybatis-3.5.11.jar:3.5.11]
	at org.apache.ibatis.executor.CachingExecutor.query(CachingExecutor.java:109) ~[mybatis-3.5.11.jar:3.5.11]
	at com.github.pagehelper.PageInterceptor.intercept(PageInterceptor.java:151) ~[pagehelper-5.3.2.jar:?]
	at org.apache.ibatis.plugin.Plugin.invoke(Plugin.java:62) ~[mybatis-3.5.11.jar:3.5.11]
	at com.sun.proxy.$Proxy131.query(Unknown Source) ~[?:?]
	at org.apache.ibatis.session.defaults.DefaultSqlSession.selectList(DefaultSqlSession.java:151) ~[mybatis-3.5.11.jar:3.5.11]
	at org.apache.ibatis.session.defaults.DefaultSqlSession.selectList(DefaultSqlSession.java:145) ~[mybatis-3.5.11.jar:3.5.11]
	at org.apache.ibatis.session.defaults.DefaultSqlSession.selectList(DefaultSqlSession.java:140) ~[mybatis-3.5.11.jar:3.5.11]
	at org.apache.ibatis.session.defaults.DefaultSqlSession.selectOne(DefaultSqlSession.java:76) ~[mybatis-3.5.11.jar:3.5.11]
	at sun.reflect.NativeMethodAccessorImpl.invoke0(Native Method) ~[?:1.8.0_202]
	at sun.reflect.NativeMethodAccessorImpl.invoke(NativeMethodAccessorImpl.java:62) ~[?:1.8.0_202]
	at sun.reflect.DelegatingMethodAccessorImpl.invoke(DelegatingMethodAccessorImpl.java:43) ~[?:1.8.0_202]
	at java.lang.reflect.Method.invoke(Method.java:498) ~[?:1.8.0_202]
	at org.mybatis.spring.SqlSessionTemplate$SqlSessionInterceptor.invoke(SqlSessionTemplate.java:425) ~[mybatis-spring-2.1.0.jar:2.1.0]
	at com.sun.proxy.$Proxy91.selectOne(Unknown Source) ~[?:?]
	at org.mybatis.spring.SqlSessionTemplate.selectOne(SqlSessionTemplate.java:160) ~[mybatis-spring-2.1.0.jar:2.1.0]
	at org.apache.ibatis.binding.MapperMethod.execute(MapperMethod.java:87) ~[mybatis-3.5.11.jar:3.5.11]
	at org.apache.ibatis.binding.MapperProxy$PlainMethodInvoker.invoke(MapperProxy.java:145) ~[mybatis-3.5.11.jar:3.5.11]
	at org.apache.ibatis.binding.MapperProxy.invoke(MapperProxy.java:86) ~[mybatis-3.5.11.jar:3.5.11]
	at com.sun.proxy.$Proxy109.getUserByAccountAndPassword(Unknown Source) ~[?:?]
	at ma.com.serviceImp.UserServiceImp.getUserByAccountAndPassword(UserServiceImp.java:24) ~[classes/:?]
	at ma.com.controller.UserController.login(UserController.java:38) ~[classes/:?]
	at sun.reflect.NativeMethodAccessorImpl.invoke0(Native Method) ~[?:1.8.0_202]
	at sun.reflect.NativeMethodAccessorImpl.invoke(NativeMethodAccessorImpl.java:62) ~[?:1.8.0_202]
	at sun.reflect.DelegatingMethodAccessorImpl.invoke(DelegatingMethodAccessorImpl.java:43) ~[?:1.8.0_202]
	at java.lang.reflect.Method.invoke(Method.java:498) ~[?:1.8.0_202]
	at org.springframework.web.method.support.InvocableHandlerMethod.doInvoke(InvocableHandlerMethod.java:205) ~[spring-web-5.3.25.jar:5.3.25]
	at org.springframework.web.method.support.InvocableHandlerMethod.invokeForRequest(InvocableHandlerMethod.java:150) ~[spring-web-5.3.25.jar:5.3.25]
	at org.springframework.web.servlet.mvc.method.annotation.ServletInvocableHandlerMethod.invokeAndHandle(ServletInvocableHandlerMethod.java:117) ~[spring-webmvc-5.3.25.jar:5.3.25]
	at org.springframework.web.servlet.mvc.method.annotation.RequestMappingHandlerAdapter.invokeHandlerMethod(RequestMappingHandlerAdapter.java:895) ~[spring-webmvc-5.3.25.jar:5.3.25]
	at org.springframework.web.servlet.mvc.method.annotation.RequestMappingHandlerAdapter.handleInternal(RequestMappingHandlerAdapter.java:808) ~[spring-webmvc-5.3.25.jar:5.3.25]
	at org.springframework.web.servlet.mvc.method.AbstractHandlerMethodAdapter.handle(AbstractHandlerMethodAdapter.java:87) ~[spring-webmvc-5.3.25.jar:5.3.25]
	at org.springframework.web.servlet.DispatcherServlet.doDispatch(DispatcherServlet.java:1071) ~[spring-webmvc-5.3.25.jar:5.3.25]
	at org.springframework.web.servlet.DispatcherServlet.doService(DispatcherServlet.java:964) ~[spring-webmvc-5.3.25.jar:5.3.25]
	at org.springframework.web.servlet.FrameworkServlet.processRequest(FrameworkServlet.java:1006) ~[spring-webmvc-5.3.25.jar:5.3.25]
	at org.springframework.web.servlet.FrameworkServlet.doPost(FrameworkServlet.java:909) ~[spring-webmvc-5.3.25.jar:5.3.25]
	at javax.servlet.http.HttpServlet.service(HttpServlet.java:696) ~[tomcat-embed-core-9.0.71.jar:4.0.FR]
	at org.springframework.web.servlet.FrameworkServlet.service(FrameworkServlet.java:883) ~[spring-webmvc-5.3.25.jar:5.3.25]
	at javax.servlet.http.HttpServlet.service(HttpServlet.java:779) ~[tomcat-embed-core-9.0.71.jar:4.0.FR]
	at org.apache.catalina.core.ApplicationFilterChain.internalDoFilter(ApplicationFilterChain.java:227) ~[tomcat-embed-core-9.0.71.jar:9.0.71]
	at org.apache.catalina.core.ApplicationFilterChain.doFilter(ApplicationFilterChain.java:162) ~[tomcat-embed-core-9.0.71.jar:9.0.71]
	at org.apache.tomcat.websocket.server.WsFilter.doFilter(WsFilter.java:53) ~[tomcat-embed-websocket-9.0.71.jar:9.0.71]
	at org.apache.catalina.core.ApplicationFilterChain.internalDoFilter(ApplicationFilterChain.java:189) ~[tomcat-embed-core-9.0.71.jar:9.0.71]
	at org.apache.catalina.core.ApplicationFilterChain.doFilter(ApplicationFilterChain.java:162) ~[tomcat-embed-core-9.0.71.jar:9.0.71]
	at org.springframework.web.filter.RequestContextFilter.doFilterInternal(RequestContextFilter.java:100) ~[spring-web-5.3.25.jar:5.3.25]
	at org.springframework.web.filter.OncePerRequestFilter.doFilter(OncePerRequestFilter.java:117) ~[spring-web-5.3.25.jar:5.3.25]
	at org.apache.catalina.core.ApplicationFilterChain.internalDoFilter(ApplicationFilterChain.java:189) ~[tomcat-embed-core-9.0.71.jar:9.0.71]
	at org.apache.catalina.core.ApplicationFilterChain.doFilter(ApplicationFilterChain.java:162) ~[tomcat-embed-core-9.0.71.jar:9.0.71]
	at org.springframework.web.filter.FormContentFilter.doFilterInternal(FormContentFilter.java:93) ~[spring-web-5.3.25.jar:5.3.25]
	at org.springframework.web.filter.OncePerRequestFilter.doFilter(OncePerRequestFilter.java:117) ~[spring-web-5.3.25.jar:5.3.25]
	at org.apache.catalina.core.ApplicationFilterChain.internalDoFilter(ApplicationFilterChain.java:189) ~[tomcat-embed-core-9.0.71.jar:9.0.71]
	at org.apache.catalina.core.ApplicationFilterChain.doFilter(ApplicationFilterChain.java:162) ~[tomcat-embed-core-9.0.71.jar:9.0.71]
	at org.springframework.web.filter.CharacterEncodingFilter.doFilterInternal(CharacterEncodingFilter.java:201) ~[spring-web-5.3.25.jar:5.3.25]
	at org.springframework.web.filter.OncePerRequestFilter.doFilter(OncePerRequestFilter.java:117) ~[spring-web-5.3.25.jar:5.3.25]
	at org.apache.catalina.core.ApplicationFilterChain.internalDoFilter(ApplicationFilterChain.java:189) ~[tomcat-embed-core-9.0.71.jar:9.0.71]
	at org.apache.catalina.core.ApplicationFilterChain.doFilter(ApplicationFilterChain.java:162) ~[tomcat-embed-core-9.0.71.jar:9.0.71]
	at org.apache.catalina.core.StandardWrapperValve.invoke(StandardWrapperValve.java:177) ~[tomcat-embed-core-9.0.71.jar:9.0.71]
	at org.apache.catalina.core.StandardContextValve.invoke(StandardContextValve.java:97) ~[tomcat-embed-core-9.0.71.jar:9.0.71]
	at org.apache.catalina.authenticator.AuthenticatorBase.invoke(AuthenticatorBase.java:541) ~[tomcat-embed-core-9.0.71.jar:9.0.71]
	at org.apache.catalina.core.StandardHostValve.invoke(StandardHostValve.java:135) ~[tomcat-embed-core-9.0.71.jar:9.0.71]
	at org.apache.catalina.valves.ErrorReportValve.invoke(ErrorReportValve.java:92) ~[tomcat-embed-core-9.0.71.jar:9.0.71]
	at org.apache.catalina.core.StandardEngineValve.invoke(StandardEngineValve.java:78) ~[tomcat-embed-core-9.0.71.jar:9.0.71]
	at org.apache.catalina.connector.CoyoteAdapter.service(CoyoteAdapter.java:360) ~[tomcat-embed-core-9.0.71.jar:9.0.71]
	at org.apache.coyote.http11.Http11Processor.service(Http11Processor.java:399) ~[tomcat-embed-core-9.0.71.jar:9.0.71]
	at org.apache.coyote.AbstractProcessorLight.process(AbstractProcessorLight.java:65) ~[tomcat-embed-core-9.0.71.jar:9.0.71]
	at org.apache.coyote.AbstractProtocol$ConnectionHandler.process(AbstractProtocol.java:891) ~[tomcat-embed-core-9.0.71.jar:9.0.71]
	at org.apache.tomcat.util.net.NioEndpoint$SocketProcessor.doRun(NioEndpoint.java:1784) ~[tomcat-embed-core-9.0.71.jar:9.0.71]
	at org.apache.tomcat.util.net.SocketProcessorBase.run(SocketProcessorBase.java:49) ~[tomcat-embed-core-9.0.71.jar:9.0.71]
	at org.apache.tomcat.util.threads.ThreadPoolExecutor.runWorker(ThreadPoolExecutor.java:1191) ~[tomcat-embed-core-9.0.71.jar:9.0.71]
	at org.apache.tomcat.util.threads.ThreadPoolExecutor$Worker.run(ThreadPoolExecutor.java:659) ~[tomcat-embed-core-9.0.71.jar:9.0.71]
	at org.apache.tomcat.util.threads.TaskThread$WrappingRunnable.run(TaskThread.java:61) ~[tomcat-embed-core-9.0.71.jar:9.0.71]
	at java.lang.Thread.run(Thread.java:748) ~[?:1.8.0_202]
[2025-04-01 15:42:38:610] [ERROR] - com.zaxxer.hikari.pool.HikariPool.throwPoolInitializationException(HikariPool.java:594) - HikariPool-1 - Exception during pool initialization.
com.mysql.jdbc.exceptions.jdbc4.CommunicationsException: Communications link failure

The last packet sent successfully to the server was 0 milliseconds ago. The driver has not received any packets from the server.
	at sun.reflect.NativeConstructorAccessorImpl.newInstance0(Native Method) ~[?:1.8.0_202]
	at sun.reflect.NativeConstructorAccessorImpl.newInstance(NativeConstructorAccessorImpl.java:62) ~[?:1.8.0_202]
	at sun.reflect.DelegatingConstructorAccessorImpl.newInstance(DelegatingConstructorAccessorImpl.java:45) ~[?:1.8.0_202]
	at java.lang.reflect.Constructor.newInstance(Constructor.java:423) ~[?:1.8.0_202]
	at com.mysql.jdbc.Util.handleNewInstance(Util.java:403) ~[mysql-connector-java-5.1.49.jar:5.1.49]
	at com.mysql.jdbc.SQLError.createCommunicationsException(SQLError.java:990) ~[mysql-connector-java-5.1.49.jar:5.1.49]
	at com.mysql.jdbc.MysqlIO.<init>(MysqlIO.java:335) ~[mysql-connector-java-5.1.49.jar:5.1.49]
	at com.mysql.jdbc.ConnectionImpl.coreConnect(ConnectionImpl.java:2187) ~[mysql-connector-java-5.1.49.jar:5.1.49]
	at com.mysql.jdbc.ConnectionImpl.connectOneTryOnly(ConnectionImpl.java:2220) ~[mysql-connector-java-5.1.49.jar:5.1.49]
	at com.mysql.jdbc.ConnectionImpl.createNewIO(ConnectionImpl.java:2015) ~[mysql-connector-java-5.1.49.jar:5.1.49]
	at com.mysql.jdbc.ConnectionImpl.<init>(ConnectionImpl.java:768) ~[mysql-connector-java-5.1.49.jar:5.1.49]
	at com.mysql.jdbc.JDBC4Connection.<init>(JDBC4Connection.java:47) ~[mysql-connector-java-5.1.49.jar:5.1.49]
	at sun.reflect.NativeConstructorAccessorImpl.newInstance0(Native Method) ~[?:1.8.0_202]
	at sun.reflect.NativeConstructorAccessorImpl.newInstance(NativeConstructorAccessorImpl.java:62) ~[?:1.8.0_202]
	at sun.reflect.DelegatingConstructorAccessorImpl.newInstance(DelegatingConstructorAccessorImpl.java:45) ~[?:1.8.0_202]
	at java.lang.reflect.Constructor.newInstance(Constructor.java:423) ~[?:1.8.0_202]
	at com.mysql.jdbc.Util.handleNewInstance(Util.java:403) ~[mysql-connector-java-5.1.49.jar:5.1.49]
	at com.mysql.jdbc.ConnectionImpl.getInstance(ConnectionImpl.java:385) ~[mysql-connector-java-5.1.49.jar:5.1.49]
	at com.mysql.jdbc.NonRegisteringDriver.connect(NonRegisteringDriver.java:323) ~[mysql-connector-java-5.1.49.jar:5.1.49]
	at com.zaxxer.hikari.util.DriverDataSource.getConnection(DriverDataSource.java:138) ~[HikariCP-4.0.3.jar:?]
	at com.zaxxer.hikari.pool.PoolBase.newConnection(PoolBase.java:364) ~[HikariCP-4.0.3.jar:?]
	at com.zaxxer.hikari.pool.PoolBase.newPoolEntry(PoolBase.java:206) ~[HikariCP-4.0.3.jar:?]
	at com.zaxxer.hikari.pool.HikariPool.createPoolEntry(HikariPool.java:476) ~[HikariCP-4.0.3.jar:?]
	at com.zaxxer.hikari.pool.HikariPool.checkFailFast(HikariPool.java:561) ~[HikariCP-4.0.3.jar:?]
	at com.zaxxer.hikari.pool.HikariPool.<init>(HikariPool.java:115) ~[HikariCP-4.0.3.jar:?]
	at com.zaxxer.hikari.HikariDataSource.getConnection(HikariDataSource.java:112) ~[HikariCP-4.0.3.jar:?]
	at org.springframework.jdbc.datasource.DataSourceUtils.fetchConnection(DataSourceUtils.java:159) ~[spring-jdbc-5.3.25.jar:5.3.25]
	at org.springframework.jdbc.datasource.DataSourceUtils.doGetConnection(DataSourceUtils.java:117) ~[spring-jdbc-5.3.25.jar:5.3.25]
	at org.springframework.jdbc.datasource.DataSourceUtils.getConnection(DataSourceUtils.java:80) ~[spring-jdbc-5.3.25.jar:5.3.25]
	at org.mybatis.spring.transaction.SpringManagedTransaction.openConnection(SpringManagedTransaction.java:80) ~[mybatis-spring-2.1.0.jar:2.1.0]
	at org.mybatis.spring.transaction.SpringManagedTransaction.getConnection(SpringManagedTransaction.java:67) ~[mybatis-spring-2.1.0.jar:2.1.0]
	at org.apache.ibatis.executor.BaseExecutor.getConnection(BaseExecutor.java:337) ~[mybatis-3.5.11.jar:3.5.11]
	at org.apache.ibatis.executor.SimpleExecutor.prepareStatement(SimpleExecutor.java:86) ~[mybatis-3.5.11.jar:3.5.11]
	at org.apache.ibatis.executor.SimpleExecutor.doQuery(SimpleExecutor.java:62) ~[mybatis-3.5.11.jar:3.5.11]
	at org.apache.ibatis.executor.BaseExecutor.queryFromDatabase(BaseExecutor.java:325) ~[mybatis-3.5.11.jar:3.5.11]
	at org.apache.ibatis.executor.BaseExecutor.query(BaseExecutor.java:156) ~[mybatis-3.5.11.jar:3.5.11]
	at org.apache.ibatis.executor.CachingExecutor.query(CachingExecutor.java:109) ~[mybatis-3.5.11.jar:3.5.11]
	at com.github.pagehelper.PageInterceptor.intercept(PageInterceptor.java:151) ~[pagehelper-5.3.2.jar:?]
	at org.apache.ibatis.plugin.Plugin.invoke(Plugin.java:62) ~[mybatis-3.5.11.jar:3.5.11]
	at com.sun.proxy.$Proxy131.query(Unknown Source) ~[?:?]
	at org.apache.ibatis.session.defaults.DefaultSqlSession.selectList(DefaultSqlSession.java:151) ~[mybatis-3.5.11.jar:3.5.11]
	at org.apache.ibatis.session.defaults.DefaultSqlSession.selectList(DefaultSqlSession.java:145) ~[mybatis-3.5.11.jar:3.5.11]
	at org.apache.ibatis.session.defaults.DefaultSqlSession.selectList(DefaultSqlSession.java:140) ~[mybatis-3.5.11.jar:3.5.11]
	at org.apache.ibatis.session.defaults.DefaultSqlSession.selectOne(DefaultSqlSession.java:76) ~[mybatis-3.5.11.jar:3.5.11]
	at sun.reflect.NativeMethodAccessorImpl.invoke0(Native Method) ~[?:1.8.0_202]
	at sun.reflect.NativeMethodAccessorImpl.invoke(NativeMethodAccessorImpl.java:62) ~[?:1.8.0_202]
	at sun.reflect.DelegatingMethodAccessorImpl.invoke(DelegatingMethodAccessorImpl.java:43) ~[?:1.8.0_202]
	at java.lang.reflect.Method.invoke(Method.java:498) ~[?:1.8.0_202]
	at org.mybatis.spring.SqlSessionTemplate$SqlSessionInterceptor.invoke(SqlSessionTemplate.java:425) ~[mybatis-spring-2.1.0.jar:2.1.0]
	at com.sun.proxy.$Proxy91.selectOne(Unknown Source) ~[?:?]
	at org.mybatis.spring.SqlSessionTemplate.selectOne(SqlSessionTemplate.java:160) ~[mybatis-spring-2.1.0.jar:2.1.0]
	at org.apache.ibatis.binding.MapperMethod.execute(MapperMethod.java:87) ~[mybatis-3.5.11.jar:3.5.11]
	at org.apache.ibatis.binding.MapperProxy$PlainMethodInvoker.invoke(MapperProxy.java:145) ~[mybatis-3.5.11.jar:3.5.11]
	at org.apache.ibatis.binding.MapperProxy.invoke(MapperProxy.java:86) ~[mybatis-3.5.11.jar:3.5.11]
	at com.sun.proxy.$Proxy109.getUserByAccountAndPassword(Unknown Source) ~[?:?]
	at ma.com.serviceImp.UserServiceImp.getUserByAccountAndPassword(UserServiceImp.java:24) ~[classes/:?]
	at ma.com.controller.UserController.login(UserController.java:38) ~[classes/:?]
	at sun.reflect.NativeMethodAccessorImpl.invoke0(Native Method) ~[?:1.8.0_202]
	at sun.reflect.NativeMethodAccessorImpl.invoke(NativeMethodAccessorImpl.java:62) ~[?:1.8.0_202]
	at sun.reflect.DelegatingMethodAccessorImpl.invoke(DelegatingMethodAccessorImpl.java:43) ~[?:1.8.0_202]
	at java.lang.reflect.Method.invoke(Method.java:498) ~[?:1.8.0_202]
	at org.springframework.web.method.support.InvocableHandlerMethod.doInvoke(InvocableHandlerMethod.java:205) ~[spring-web-5.3.25.jar:5.3.25]
	at org.springframework.web.method.support.InvocableHandlerMethod.invokeForRequest(InvocableHandlerMethod.java:150) ~[spring-web-5.3.25.jar:5.3.25]
	at org.springframework.web.servlet.mvc.method.annotation.ServletInvocableHandlerMethod.invokeAndHandle(ServletInvocableHandlerMethod.java:117) ~[spring-webmvc-5.3.25.jar:5.3.25]
	at org.springframework.web.servlet.mvc.method.annotation.RequestMappingHandlerAdapter.invokeHandlerMethod(RequestMappingHandlerAdapter.java:895) ~[spring-webmvc-5.3.25.jar:5.3.25]
	at org.springframework.web.servlet.mvc.method.annotation.RequestMappingHandlerAdapter.handleInternal(RequestMappingHandlerAdapter.java:808) ~[spring-webmvc-5.3.25.jar:5.3.25]
	at org.springframework.web.servlet.mvc.method.AbstractHandlerMethodAdapter.handle(AbstractHandlerMethodAdapter.java:87) ~[spring-webmvc-5.3.25.jar:5.3.25]
	at org.springframework.web.servlet.DispatcherServlet.doDispatch(DispatcherServlet.java:1071) ~[spring-webmvc-5.3.25.jar:5.3.25]
	at org.springframework.web.servlet.DispatcherServlet.doService(DispatcherServlet.java:964) ~[spring-webmvc-5.3.25.jar:5.3.25]
	at org.springframework.web.servlet.FrameworkServlet.processRequest(FrameworkServlet.java:1006) ~[spring-webmvc-5.3.25.jar:5.3.25]
	at org.springframework.web.servlet.FrameworkServlet.doPost(FrameworkServlet.java:909) ~[spring-webmvc-5.3.25.jar:5.3.25]
	at javax.servlet.http.HttpServlet.service(HttpServlet.java:696) ~[tomcat-embed-core-9.0.71.jar:4.0.FR]
	at org.springframework.web.servlet.FrameworkServlet.service(FrameworkServlet.java:883) ~[spring-webmvc-5.3.25.jar:5.3.25]
	at javax.servlet.http.HttpServlet.service(HttpServlet.java:779) ~[tomcat-embed-core-9.0.71.jar:4.0.FR]
	at org.apache.catalina.core.ApplicationFilterChain.internalDoFilter(ApplicationFilterChain.java:227) ~[tomcat-embed-core-9.0.71.jar:9.0.71]
	at org.apache.catalina.core.ApplicationFilterChain.doFilter(ApplicationFilterChain.java:162) ~[tomcat-embed-core-9.0.71.jar:9.0.71]
	at org.apache.tomcat.websocket.server.WsFilter.doFilter(WsFilter.java:53) ~[tomcat-embed-websocket-9.0.71.jar:9.0.71]
	at org.apache.catalina.core.ApplicationFilterChain.internalDoFilter(ApplicationFilterChain.java:189) ~[tomcat-embed-core-9.0.71.jar:9.0.71]
	at org.apache.catalina.core.ApplicationFilterChain.doFilter(ApplicationFilterChain.java:162) ~[tomcat-embed-core-9.0.71.jar:9.0.71]
	at org.springframework.web.filter.RequestContextFilter.doFilterInternal(RequestContextFilter.java:100) ~[spring-web-5.3.25.jar:5.3.25]
	at org.springframework.web.filter.OncePerRequestFilter.doFilter(OncePerRequestFilter.java:117) ~[spring-web-5.3.25.jar:5.3.25]
	at org.apache.catalina.core.ApplicationFilterChain.internalDoFilter(ApplicationFilterChain.java:189) ~[tomcat-embed-core-9.0.71.jar:9.0.71]
	at org.apache.catalina.core.ApplicationFilterChain.doFilter(ApplicationFilterChain.java:162) ~[tomcat-embed-core-9.0.71.jar:9.0.71]
	at org.springframework.web.filter.FormContentFilter.doFilterInternal(FormContentFilter.java:93) ~[spring-web-5.3.25.jar:5.3.25]
	at org.springframework.web.filter.OncePerRequestFilter.doFilter(OncePerRequestFilter.java:117) ~[spring-web-5.3.25.jar:5.3.25]
	at org.apache.catalina.core.ApplicationFilterChain.internalDoFilter(ApplicationFilterChain.java:189) ~[tomcat-embed-core-9.0.71.jar:9.0.71]
	at org.apache.catalina.core.ApplicationFilterChain.doFilter(ApplicationFilterChain.java:162) ~[tomcat-embed-core-9.0.71.jar:9.0.71]
	at org.springframework.web.filter.CharacterEncodingFilter.doFilterInternal(CharacterEncodingFilter.java:201) ~[spring-web-5.3.25.jar:5.3.25]
	at org.springframework.web.filter.OncePerRequestFilter.doFilter(OncePerRequestFilter.java:117) ~[spring-web-5.3.25.jar:5.3.25]
	at org.apache.catalina.core.ApplicationFilterChain.internalDoFilter(ApplicationFilterChain.java:189) ~[tomcat-embed-core-9.0.71.jar:9.0.71]
	at org.apache.catalina.core.ApplicationFilterChain.doFilter(ApplicationFilterChain.java:162) ~[tomcat-embed-core-9.0.71.jar:9.0.71]
	at org.apache.catalina.core.StandardWrapperValve.invoke(StandardWrapperValve.java:177) ~[tomcat-embed-core-9.0.71.jar:9.0.71]
	at org.apache.catalina.core.StandardContextValve.invoke(StandardContextValve.java:97) ~[tomcat-embed-core-9.0.71.jar:9.0.71]
	at org.apache.catalina.authenticator.AuthenticatorBase.invoke(AuthenticatorBase.java:541) ~[tomcat-embed-core-9.0.71.jar:9.0.71]
	at org.apache.catalina.core.StandardHostValve.invoke(StandardHostValve.java:135) ~[tomcat-embed-core-9.0.71.jar:9.0.71]
	at org.apache.catalina.valves.ErrorReportValve.invoke(ErrorReportValve.java:92) ~[tomcat-embed-core-9.0.71.jar:9.0.71]
	at org.apache.catalina.core.StandardEngineValve.invoke(StandardEngineValve.java:78) ~[tomcat-embed-core-9.0.71.jar:9.0.71]
	at org.apache.catalina.connector.CoyoteAdapter.service(CoyoteAdapter.java:360) ~[tomcat-embed-core-9.0.71.jar:9.0.71]
	at org.apache.coyote.http11.Http11Processor.service(Http11Processor.java:399) ~[tomcat-embed-core-9.0.71.jar:9.0.71]
	at org.apache.coyote.AbstractProcessorLight.process(AbstractProcessorLight.java:65) ~[tomcat-embed-core-9.0.71.jar:9.0.71]
	at org.apache.coyote.AbstractProtocol$ConnectionHandler.process(AbstractProtocol.java:891) ~[tomcat-embed-core-9.0.71.jar:9.0.71]
	at org.apache.tomcat.util.net.NioEndpoint$SocketProcessor.doRun(NioEndpoint.java:1784) ~[tomcat-embed-core-9.0.71.jar:9.0.71]
	at org.apache.tomcat.util.net.SocketProcessorBase.run(SocketProcessorBase.java:49) ~[tomcat-embed-core-9.0.71.jar:9.0.71]
	at org.apache.tomcat.util.threads.ThreadPoolExecutor.runWorker(ThreadPoolExecutor.java:1191) ~[tomcat-embed-core-9.0.71.jar:9.0.71]
	at org.apache.tomcat.util.threads.ThreadPoolExecutor$Worker.run(ThreadPoolExecutor.java:659) ~[tomcat-embed-core-9.0.71.jar:9.0.71]
	at org.apache.tomcat.util.threads.TaskThread$WrappingRunnable.run(TaskThread.java:61) ~[tomcat-embed-core-9.0.71.jar:9.0.71]
	at java.lang.Thread.run(Thread.java:748) ~[?:1.8.0_202]
Caused by: java.net.ConnectException: Connection timed out: connect
	at java.net.DualStackPlainSocketImpl.waitForConnect(Native Method) ~[?:1.8.0_202]
	at java.net.DualStackPlainSocketImpl.socketConnect(DualStackPlainSocketImpl.java:85) ~[?:1.8.0_202]
	at java.net.AbstractPlainSocketImpl.doConnect(AbstractPlainSocketImpl.java:350) ~[?:1.8.0_202]
	at java.net.AbstractPlainSocketImpl.connectToAddress(AbstractPlainSocketImpl.java:206) ~[?:1.8.0_202]
	at java.net.AbstractPlainSocketImpl.connect(AbstractPlainSocketImpl.java:188) ~[?:1.8.0_202]
	at java.net.PlainSocketImpl.connect(PlainSocketImpl.java:172) ~[?:1.8.0_202]
	at java.net.SocksSocketImpl.connect(SocksSocketImpl.java:392) ~[?:1.8.0_202]
	at java.net.Socket.connect(Socket.java:589) ~[?:1.8.0_202]
	at com.mysql.jdbc.StandardSocketFactory.connect(StandardSocketFactory.java:211) ~[mysql-connector-java-5.1.49.jar:5.1.49]
	at com.mysql.jdbc.MysqlIO.<init>(MysqlIO.java:299) ~[mysql-connector-java-5.1.49.jar:5.1.49]
	... 100 more
[2025-04-01 15:42:38:613] [ERROR] - org.apache.juli.logging.DirectJDKLog.log(DirectJDKLog.java:175) - Servlet.service() for servlet [dispatcherServlet] in context with path [] threw exception [Request processing failed; nested exception is org.mybatis.spring.MyBatisSystemException: nested exception is org.apache.ibatis.exceptions.PersistenceException: 
### Error querying database.  Cause: org.springframework.jdbc.CannotGetJdbcConnectionException: Failed to obtain JDBC Connection; nested exception is com.mysql.jdbc.exceptions.jdbc4.CommunicationsException: Communications link failure

The last packet sent successfully to the server was 0 milliseconds ago. The driver has not received any packets from the server.
### The error may exist in file [E:\computer2\computer1\ifly\target\classes\mapper\userMapper.xml]
### The error may involve ma.com.mapper.UserMapper.getUserByAccountAndPassword
### The error occurred while executing a query
### Cause: org.springframework.jdbc.CannotGetJdbcConnectionException: Failed to obtain JDBC Connection; nested exception is com.mysql.jdbc.exceptions.jdbc4.CommunicationsException: Communications link failure

The last packet sent successfully to the server was 0 milliseconds ago. The driver has not received any packets from the server.] with root cause
java.net.ConnectException: Connection timed out: connect
	at java.net.DualStackPlainSocketImpl.waitForConnect(Native Method) ~[?:1.8.0_202]
	at java.net.DualStackPlainSocketImpl.socketConnect(DualStackPlainSocketImpl.java:85) ~[?:1.8.0_202]
	at java.net.AbstractPlainSocketImpl.doConnect(AbstractPlainSocketImpl.java:350) ~[?:1.8.0_202]
	at java.net.AbstractPlainSocketImpl.connectToAddress(AbstractPlainSocketImpl.java:206) ~[?:1.8.0_202]
	at java.net.AbstractPlainSocketImpl.connect(AbstractPlainSocketImpl.java:188) ~[?:1.8.0_202]
	at java.net.PlainSocketImpl.connect(PlainSocketImpl.java:172) ~[?:1.8.0_202]
	at java.net.SocksSocketImpl.connect(SocksSocketImpl.java:392) ~[?:1.8.0_202]
	at java.net.Socket.connect(Socket.java:589) ~[?:1.8.0_202]
	at com.mysql.jdbc.StandardSocketFactory.connect(StandardSocketFactory.java:211) ~[mysql-connector-java-5.1.49.jar:5.1.49]
	at com.mysql.jdbc.MysqlIO.<init>(MysqlIO.java:299) ~[mysql-connector-java-5.1.49.jar:5.1.49]
	at com.mysql.jdbc.ConnectionImpl.coreConnect(ConnectionImpl.java:2187) ~[mysql-connector-java-5.1.49.jar:5.1.49]
	at com.mysql.jdbc.ConnectionImpl.connectOneTryOnly(ConnectionImpl.java:2220) ~[mysql-connector-java-5.1.49.jar:5.1.49]
	at com.mysql.jdbc.ConnectionImpl.createNewIO(ConnectionImpl.java:2015) ~[mysql-connector-java-5.1.49.jar:5.1.49]
	at com.mysql.jdbc.ConnectionImpl.<init>(ConnectionImpl.java:768) ~[mysql-connector-java-5.1.49.jar:5.1.49]
	at com.mysql.jdbc.JDBC4Connection.<init>(JDBC4Connection.java:47) ~[mysql-connector-java-5.1.49.jar:5.1.49]
	at sun.reflect.NativeConstructorAccessorImpl.newInstance0(Native Method) ~[?:1.8.0_202]
	at sun.reflect.NativeConstructorAccessorImpl.newInstance(NativeConstructorAccessorImpl.java:62) ~[?:1.8.0_202]
	at sun.reflect.DelegatingConstructorAccessorImpl.newInstance(DelegatingConstructorAccessorImpl.java:45) ~[?:1.8.0_202]
	at java.lang.reflect.Constructor.newInstance(Constructor.java:423) ~[?:1.8.0_202]
	at com.mysql.jdbc.Util.handleNewInstance(Util.java:403) ~[mysql-connector-java-5.1.49.jar:5.1.49]
	at com.mysql.jdbc.ConnectionImpl.getInstance(ConnectionImpl.java:385) ~[mysql-connector-java-5.1.49.jar:5.1.49]
	at com.mysql.jdbc.NonRegisteringDriver.connect(NonRegisteringDriver.java:323) ~[mysql-connector-java-5.1.49.jar:5.1.49]
	at com.zaxxer.hikari.util.DriverDataSource.getConnection(DriverDataSource.java:138) ~[HikariCP-4.0.3.jar:?]
	at com.zaxxer.hikari.pool.PoolBase.newConnection(PoolBase.java:364) ~[HikariCP-4.0.3.jar:?]
	at com.zaxxer.hikari.pool.PoolBase.newPoolEntry(PoolBase.java:206) ~[HikariCP-4.0.3.jar:?]
	at com.zaxxer.hikari.pool.HikariPool.createPoolEntry(HikariPool.java:476) ~[HikariCP-4.0.3.jar:?]
	at com.zaxxer.hikari.pool.HikariPool.checkFailFast(HikariPool.java:561) ~[HikariCP-4.0.3.jar:?]
	at com.zaxxer.hikari.pool.HikariPool.<init>(HikariPool.java:115) ~[HikariCP-4.0.3.jar:?]
	at com.zaxxer.hikari.HikariDataSource.getConnection(HikariDataSource.java:112) ~[HikariCP-4.0.3.jar:?]
	at org.springframework.jdbc.datasource.DataSourceUtils.fetchConnection(DataSourceUtils.java:159) ~[spring-jdbc-5.3.25.jar:5.3.25]
	at org.springframework.jdbc.datasource.DataSourceUtils.doGetConnection(DataSourceUtils.java:117) ~[spring-jdbc-5.3.25.jar:5.3.25]
	at org.springframework.jdbc.datasource.DataSourceUtils.getConnection(DataSourceUtils.java:80) ~[spring-jdbc-5.3.25.jar:5.3.25]
	at org.mybatis.spring.transaction.SpringManagedTransaction.openConnection(SpringManagedTransaction.java:80) ~[mybatis-spring-2.1.0.jar:2.1.0]
	at org.mybatis.spring.transaction.SpringManagedTransaction.getConnection(SpringManagedTransaction.java:67) ~[mybatis-spring-2.1.0.jar:2.1.0]
	at org.apache.ibatis.executor.BaseExecutor.getConnection(BaseExecutor.java:337) ~[mybatis-3.5.11.jar:3.5.11]
	at org.apache.ibatis.executor.SimpleExecutor.prepareStatement(SimpleExecutor.java:86) ~[mybatis-3.5.11.jar:3.5.11]
	at org.apache.ibatis.executor.SimpleExecutor.doQuery(SimpleExecutor.java:62) ~[mybatis-3.5.11.jar:3.5.11]
	at org.apache.ibatis.executor.BaseExecutor.queryFromDatabase(BaseExecutor.java:325) ~[mybatis-3.5.11.jar:3.5.11]
	at org.apache.ibatis.executor.BaseExecutor.query(BaseExecutor.java:156) ~[mybatis-3.5.11.jar:3.5.11]
	at org.apache.ibatis.executor.CachingExecutor.query(CachingExecutor.java:109) ~[mybatis-3.5.11.jar:3.5.11]
	at com.github.pagehelper.PageInterceptor.intercept(PageInterceptor.java:151) ~[pagehelper-5.3.2.jar:?]
	at org.apache.ibatis.plugin.Plugin.invoke(Plugin.java:62) ~[mybatis-3.5.11.jar:3.5.11]
	at com.sun.proxy.$Proxy131.query(Unknown Source) ~[?:?]
	at org.apache.ibatis.session.defaults.DefaultSqlSession.selectList(DefaultSqlSession.java:151) ~[mybatis-3.5.11.jar:3.5.11]
	at org.apache.ibatis.session.defaults.DefaultSqlSession.selectList(DefaultSqlSession.java:145) ~[mybatis-3.5.11.jar:3.5.11]
	at org.apache.ibatis.session.defaults.DefaultSqlSession.selectList(DefaultSqlSession.java:140) ~[mybatis-3.5.11.jar:3.5.11]
	at org.apache.ibatis.session.defaults.DefaultSqlSession.selectOne(DefaultSqlSession.java:76) ~[mybatis-3.5.11.jar:3.5.11]
	at sun.reflect.NativeMethodAccessorImpl.invoke0(Native Method) ~[?:1.8.0_202]
	at sun.reflect.NativeMethodAccessorImpl.invoke(NativeMethodAccessorImpl.java:62) ~[?:1.8.0_202]
	at sun.reflect.DelegatingMethodAccessorImpl.invoke(DelegatingMethodAccessorImpl.java:43) ~[?:1.8.0_202]
	at java.lang.reflect.Method.invoke(Method.java:498) ~[?:1.8.0_202]
	at org.mybatis.spring.SqlSessionTemplate$SqlSessionInterceptor.invoke(SqlSessionTemplate.java:425) ~[mybatis-spring-2.1.0.jar:2.1.0]
	at com.sun.proxy.$Proxy91.selectOne(Unknown Source) ~[?:?]
	at org.mybatis.spring.SqlSessionTemplate.selectOne(SqlSessionTemplate.java:160) ~[mybatis-spring-2.1.0.jar:2.1.0]
	at org.apache.ibatis.binding.MapperMethod.execute(MapperMethod.java:87) ~[mybatis-3.5.11.jar:3.5.11]
	at org.apache.ibatis.binding.MapperProxy$PlainMethodInvoker.invoke(MapperProxy.java:145) ~[mybatis-3.5.11.jar:3.5.11]
	at org.apache.ibatis.binding.MapperProxy.invoke(MapperProxy.java:86) ~[mybatis-3.5.11.jar:3.5.11]
	at com.sun.proxy.$Proxy109.getUserByAccountAndPassword(Unknown Source) ~[?:?]
	at ma.com.serviceImp.UserServiceImp.getUserByAccountAndPassword(UserServiceImp.java:24) ~[classes/:?]
	at ma.com.controller.UserController.login(UserController.java:38) ~[classes/:?]
	at sun.reflect.NativeMethodAccessorImpl.invoke0(Native Method) ~[?:1.8.0_202]
	at sun.reflect.NativeMethodAccessorImpl.invoke(NativeMethodAccessorImpl.java:62) ~[?:1.8.0_202]
	at sun.reflect.DelegatingMethodAccessorImpl.invoke(DelegatingMethodAccessorImpl.java:43) ~[?:1.8.0_202]
	at java.lang.reflect.Method.invoke(Method.java:498) ~[?:1.8.0_202]
	at org.springframework.web.method.support.InvocableHandlerMethod.doInvoke(InvocableHandlerMethod.java:205) ~[spring-web-5.3.25.jar:5.3.25]
	at org.springframework.web.method.support.InvocableHandlerMethod.invokeForRequest(InvocableHandlerMethod.java:150) ~[spring-web-5.3.25.jar:5.3.25]
	at org.springframework.web.servlet.mvc.method.annotation.ServletInvocableHandlerMethod.invokeAndHandle(ServletInvocableHandlerMethod.java:117) ~[spring-webmvc-5.3.25.jar:5.3.25]
	at org.springframework.web.servlet.mvc.method.annotation.RequestMappingHandlerAdapter.invokeHandlerMethod(RequestMappingHandlerAdapter.java:895) ~[spring-webmvc-5.3.25.jar:5.3.25]
	at org.springframework.web.servlet.mvc.method.annotation.RequestMappingHandlerAdapter.handleInternal(RequestMappingHandlerAdapter.java:808) ~[spring-webmvc-5.3.25.jar:5.3.25]
	at org.springframework.web.servlet.mvc.method.AbstractHandlerMethodAdapter.handle(AbstractHandlerMethodAdapter.java:87) ~[spring-webmvc-5.3.25.jar:5.3.25]
	at org.springframework.web.servlet.DispatcherServlet.doDispatch(DispatcherServlet.java:1071) ~[spring-webmvc-5.3.25.jar:5.3.25]
	at org.springframework.web.servlet.DispatcherServlet.doService(DispatcherServlet.java:964) ~[spring-webmvc-5.3.25.jar:5.3.25]
	at org.springframework.web.servlet.FrameworkServlet.processRequest(FrameworkServlet.java:1006) ~[spring-webmvc-5.3.25.jar:5.3.25]
	at org.springframework.web.servlet.FrameworkServlet.doPost(FrameworkServlet.java:909) ~[spring-webmvc-5.3.25.jar:5.3.25]
	at javax.servlet.http.HttpServlet.service(HttpServlet.java:696) ~[tomcat-embed-core-9.0.71.jar:4.0.FR]
	at org.springframework.web.servlet.FrameworkServlet.service(FrameworkServlet.java:883) ~[spring-webmvc-5.3.25.jar:5.3.25]
	at javax.servlet.http.HttpServlet.service(HttpServlet.java:779) ~[tomcat-embed-core-9.0.71.jar:4.0.FR]
	at org.apache.catalina.core.ApplicationFilterChain.internalDoFilter(ApplicationFilterChain.java:227) ~[tomcat-embed-core-9.0.71.jar:9.0.71]
	at org.apache.catalina.core.ApplicationFilterChain.doFilter(ApplicationFilterChain.java:162) ~[tomcat-embed-core-9.0.71.jar:9.0.71]
	at org.apache.tomcat.websocket.server.WsFilter.doFilter(WsFilter.java:53) ~[tomcat-embed-websocket-9.0.71.jar:9.0.71]
	at org.apache.catalina.core.ApplicationFilterChain.internalDoFilter(ApplicationFilterChain.java:189) ~[tomcat-embed-core-9.0.71.jar:9.0.71]
	at org.apache.catalina.core.ApplicationFilterChain.doFilter(ApplicationFilterChain.java:162) ~[tomcat-embed-core-9.0.71.jar:9.0.71]
	at org.springframework.web.filter.RequestContextFilter.doFilterInternal(RequestContextFilter.java:100) ~[spring-web-5.3.25.jar:5.3.25]
	at org.springframework.web.filter.OncePerRequestFilter.doFilter(OncePerRequestFilter.java:117) ~[spring-web-5.3.25.jar:5.3.25]
	at org.apache.catalina.core.ApplicationFilterChain.internalDoFilter(ApplicationFilterChain.java:189) ~[tomcat-embed-core-9.0.71.jar:9.0.71]
	at org.apache.catalina.core.ApplicationFilterChain.doFilter(ApplicationFilterChain.java:162) ~[tomcat-embed-core-9.0.71.jar:9.0.71]
	at org.springframework.web.filter.FormContentFilter.doFilterInternal(FormContentFilter.java:93) ~[spring-web-5.3.25.jar:5.3.25]
	at org.springframework.web.filter.OncePerRequestFilter.doFilter(OncePerRequestFilter.java:117) ~[spring-web-5.3.25.jar:5.3.25]
	at org.apache.catalina.core.ApplicationFilterChain.internalDoFilter(ApplicationFilterChain.java:189) ~[tomcat-embed-core-9.0.71.jar:9.0.71]
	at org.apache.catalina.core.ApplicationFilterChain.doFilter(ApplicationFilterChain.java:162) ~[tomcat-embed-core-9.0.71.jar:9.0.71]
	at org.springframework.web.filter.CharacterEncodingFilter.doFilterInternal(CharacterEncodingFilter.java:201) ~[spring-web-5.3.25.jar:5.3.25]
	at org.springframework.web.filter.OncePerRequestFilter.doFilter(OncePerRequestFilter.java:117) ~[spring-web-5.3.25.jar:5.3.25]
	at org.apache.catalina.core.ApplicationFilterChain.internalDoFilter(ApplicationFilterChain.java:189) ~[tomcat-embed-core-9.0.71.jar:9.0.71]
	at org.apache.catalina.core.ApplicationFilterChain.doFilter(ApplicationFilterChain.java:162) ~[tomcat-embed-core-9.0.71.jar:9.0.71]
	at org.apache.catalina.core.StandardWrapperValve.invoke(StandardWrapperValve.java:177) ~[tomcat-embed-core-9.0.71.jar:9.0.71]
	at org.apache.catalina.core.StandardContextValve.invoke(StandardContextValve.java:97) ~[tomcat-embed-core-9.0.71.jar:9.0.71]
	at org.apache.catalina.authenticator.AuthenticatorBase.invoke(AuthenticatorBase.java:541) ~[tomcat-embed-core-9.0.71.jar:9.0.71]
	at org.apache.catalina.core.StandardHostValve.invoke(StandardHostValve.java:135) ~[tomcat-embed-core-9.0.71.jar:9.0.71]
	at org.apache.catalina.valves.ErrorReportValve.invoke(ErrorReportValve.java:92) ~[tomcat-embed-core-9.0.71.jar:9.0.71]
	at org.apache.catalina.core.StandardEngineValve.invoke(StandardEngineValve.java:78) ~[tomcat-embed-core-9.0.71.jar:9.0.71]
	at org.apache.catalina.connector.CoyoteAdapter.service(CoyoteAdapter.java:360) ~[tomcat-embed-core-9.0.71.jar:9.0.71]
	at org.apache.coyote.http11.Http11Processor.service(Http11Processor.java:399) ~[tomcat-embed-core-9.0.71.jar:9.0.71]
	at org.apache.coyote.AbstractProcessorLight.process(AbstractProcessorLight.java:65) ~[tomcat-embed-core-9.0.71.jar:9.0.71]
	at org.apache.coyote.AbstractProtocol$ConnectionHandler.process(AbstractProtocol.java:891) ~[tomcat-embed-core-9.0.71.jar:9.0.71]
	at org.apache.tomcat.util.net.NioEndpoint$SocketProcessor.doRun(NioEndpoint.java:1784) ~[tomcat-embed-core-9.0.71.jar:9.0.71]
	at org.apache.tomcat.util.net.SocketProcessorBase.run(SocketProcessorBase.java:49) ~[tomcat-embed-core-9.0.71.jar:9.0.71]
	at org.apache.tomcat.util.threads.ThreadPoolExecutor.runWorker(ThreadPoolExecutor.java:1191) ~[tomcat-embed-core-9.0.71.jar:9.0.71]
	at org.apache.tomcat.util.threads.ThreadPoolExecutor$Worker.run(ThreadPoolExecutor.java:659) ~[tomcat-embed-core-9.0.71.jar:9.0.71]
	at org.apache.tomcat.util.threads.TaskThread$WrappingRunnable.run(TaskThread.java:61) ~[tomcat-embed-core-9.0.71.jar:9.0.71]
	at java.lang.Thread.run(Thread.java:748) ~[?:1.8.0_202]
[2025-04-01 15:43:00:672] [ERROR] - com.zaxxer.hikari.pool.HikariPool.throwPoolInitializationException(HikariPool.java:594) - HikariPool-1 - Exception during pool initialization.
com.mysql.jdbc.exceptions.jdbc4.CommunicationsException: Communications link failure

The last packet sent successfully to the server was 0 milliseconds ago. The driver has not received any packets from the server.
	at sun.reflect.NativeConstructorAccessorImpl.newInstance0(Native Method) ~[?:1.8.0_202]
	at sun.reflect.NativeConstructorAccessorImpl.newInstance(NativeConstructorAccessorImpl.java:62) ~[?:1.8.0_202]
	at sun.reflect.DelegatingConstructorAccessorImpl.newInstance(DelegatingConstructorAccessorImpl.java:45) ~[?:1.8.0_202]
	at java.lang.reflect.Constructor.newInstance(Constructor.java:423) ~[?:1.8.0_202]
	at com.mysql.jdbc.Util.handleNewInstance(Util.java:403) ~[mysql-connector-java-5.1.49.jar:5.1.49]
	at com.mysql.jdbc.SQLError.createCommunicationsException(SQLError.java:990) ~[mysql-connector-java-5.1.49.jar:5.1.49]
	at com.mysql.jdbc.MysqlIO.<init>(MysqlIO.java:335) ~[mysql-connector-java-5.1.49.jar:5.1.49]
	at com.mysql.jdbc.ConnectionImpl.coreConnect(ConnectionImpl.java:2187) ~[mysql-connector-java-5.1.49.jar:5.1.49]
	at com.mysql.jdbc.ConnectionImpl.connectOneTryOnly(ConnectionImpl.java:2220) ~[mysql-connector-java-5.1.49.jar:5.1.49]
	at com.mysql.jdbc.ConnectionImpl.createNewIO(ConnectionImpl.java:2015) ~[mysql-connector-java-5.1.49.jar:5.1.49]
	at com.mysql.jdbc.ConnectionImpl.<init>(ConnectionImpl.java:768) ~[mysql-connector-java-5.1.49.jar:5.1.49]
	at com.mysql.jdbc.JDBC4Connection.<init>(JDBC4Connection.java:47) ~[mysql-connector-java-5.1.49.jar:5.1.49]
	at sun.reflect.NativeConstructorAccessorImpl.newInstance0(Native Method) ~[?:1.8.0_202]
	at sun.reflect.NativeConstructorAccessorImpl.newInstance(NativeConstructorAccessorImpl.java:62) ~[?:1.8.0_202]
	at sun.reflect.DelegatingConstructorAccessorImpl.newInstance(DelegatingConstructorAccessorImpl.java:45) ~[?:1.8.0_202]
	at java.lang.reflect.Constructor.newInstance(Constructor.java:423) ~[?:1.8.0_202]
	at com.mysql.jdbc.Util.handleNewInstance(Util.java:403) ~[mysql-connector-java-5.1.49.jar:5.1.49]
	at com.mysql.jdbc.ConnectionImpl.getInstance(ConnectionImpl.java:385) ~[mysql-connector-java-5.1.49.jar:5.1.49]
	at com.mysql.jdbc.NonRegisteringDriver.connect(NonRegisteringDriver.java:323) ~[mysql-connector-java-5.1.49.jar:5.1.49]
	at com.zaxxer.hikari.util.DriverDataSource.getConnection(DriverDataSource.java:138) ~[HikariCP-4.0.3.jar:?]
	at com.zaxxer.hikari.pool.PoolBase.newConnection(PoolBase.java:364) ~[HikariCP-4.0.3.jar:?]
	at com.zaxxer.hikari.pool.PoolBase.newPoolEntry(PoolBase.java:206) ~[HikariCP-4.0.3.jar:?]
	at com.zaxxer.hikari.pool.HikariPool.createPoolEntry(HikariPool.java:476) ~[HikariCP-4.0.3.jar:?]
	at com.zaxxer.hikari.pool.HikariPool.checkFailFast(HikariPool.java:561) ~[HikariCP-4.0.3.jar:?]
	at com.zaxxer.hikari.pool.HikariPool.<init>(HikariPool.java:115) ~[HikariCP-4.0.3.jar:?]
	at com.zaxxer.hikari.HikariDataSource.getConnection(HikariDataSource.java:112) ~[HikariCP-4.0.3.jar:?]
	at org.springframework.jdbc.datasource.DataSourceUtils.fetchConnection(DataSourceUtils.java:159) ~[spring-jdbc-5.3.25.jar:5.3.25]
	at org.springframework.jdbc.datasource.DataSourceUtils.doGetConnection(DataSourceUtils.java:117) ~[spring-jdbc-5.3.25.jar:5.3.25]
	at org.springframework.jdbc.datasource.DataSourceUtils.getConnection(DataSourceUtils.java:80) ~[spring-jdbc-5.3.25.jar:5.3.25]
	at org.mybatis.spring.transaction.SpringManagedTransaction.openConnection(SpringManagedTransaction.java:80) ~[mybatis-spring-2.1.0.jar:2.1.0]
	at org.mybatis.spring.transaction.SpringManagedTransaction.getConnection(SpringManagedTransaction.java:67) ~[mybatis-spring-2.1.0.jar:2.1.0]
	at org.apache.ibatis.executor.BaseExecutor.getConnection(BaseExecutor.java:337) ~[mybatis-3.5.11.jar:3.5.11]
	at org.apache.ibatis.executor.SimpleExecutor.prepareStatement(SimpleExecutor.java:86) ~[mybatis-3.5.11.jar:3.5.11]
	at org.apache.ibatis.executor.SimpleExecutor.doQuery(SimpleExecutor.java:62) ~[mybatis-3.5.11.jar:3.5.11]
	at org.apache.ibatis.executor.BaseExecutor.queryFromDatabase(BaseExecutor.java:325) ~[mybatis-3.5.11.jar:3.5.11]
	at org.apache.ibatis.executor.BaseExecutor.query(BaseExecutor.java:156) ~[mybatis-3.5.11.jar:3.5.11]
	at org.apache.ibatis.executor.CachingExecutor.query(CachingExecutor.java:109) ~[mybatis-3.5.11.jar:3.5.11]
	at com.github.pagehelper.PageInterceptor.intercept(PageInterceptor.java:151) ~[pagehelper-5.3.2.jar:?]
	at org.apache.ibatis.plugin.Plugin.invoke(Plugin.java:62) ~[mybatis-3.5.11.jar:3.5.11]
	at com.sun.proxy.$Proxy131.query(Unknown Source) ~[?:?]
	at org.apache.ibatis.session.defaults.DefaultSqlSession.selectList(DefaultSqlSession.java:151) ~[mybatis-3.5.11.jar:3.5.11]
	at org.apache.ibatis.session.defaults.DefaultSqlSession.selectList(DefaultSqlSession.java:145) ~[mybatis-3.5.11.jar:3.5.11]
	at org.apache.ibatis.session.defaults.DefaultSqlSession.selectList(DefaultSqlSession.java:140) ~[mybatis-3.5.11.jar:3.5.11]
	at org.apache.ibatis.session.defaults.DefaultSqlSession.selectOne(DefaultSqlSession.java:76) ~[mybatis-3.5.11.jar:3.5.11]
	at sun.reflect.NativeMethodAccessorImpl.invoke0(Native Method) ~[?:1.8.0_202]
	at sun.reflect.NativeMethodAccessorImpl.invoke(NativeMethodAccessorImpl.java:62) ~[?:1.8.0_202]
	at sun.reflect.DelegatingMethodAccessorImpl.invoke(DelegatingMethodAccessorImpl.java:43) ~[?:1.8.0_202]
	at java.lang.reflect.Method.invoke(Method.java:498) ~[?:1.8.0_202]
	at org.mybatis.spring.SqlSessionTemplate$SqlSessionInterceptor.invoke(SqlSessionTemplate.java:425) ~[mybatis-spring-2.1.0.jar:2.1.0]
	at com.sun.proxy.$Proxy91.selectOne(Unknown Source) ~[?:?]
	at org.mybatis.spring.SqlSessionTemplate.selectOne(SqlSessionTemplate.java:160) ~[mybatis-spring-2.1.0.jar:2.1.0]
	at org.apache.ibatis.binding.MapperMethod.execute(MapperMethod.java:87) ~[mybatis-3.5.11.jar:3.5.11]
	at org.apache.ibatis.binding.MapperProxy$PlainMethodInvoker.invoke(MapperProxy.java:145) ~[mybatis-3.5.11.jar:3.5.11]
	at org.apache.ibatis.binding.MapperProxy.invoke(MapperProxy.java:86) ~[mybatis-3.5.11.jar:3.5.11]
	at com.sun.proxy.$Proxy109.getUserByAccountAndPassword(Unknown Source) ~[?:?]
	at ma.com.serviceImp.UserServiceImp.getUserByAccountAndPassword(UserServiceImp.java:24) ~[classes/:?]
	at ma.com.controller.UserController.login(UserController.java:38) ~[classes/:?]
	at sun.reflect.NativeMethodAccessorImpl.invoke0(Native Method) ~[?:1.8.0_202]
	at sun.reflect.NativeMethodAccessorImpl.invoke(NativeMethodAccessorImpl.java:62) ~[?:1.8.0_202]
	at sun.reflect.DelegatingMethodAccessorImpl.invoke(DelegatingMethodAccessorImpl.java:43) ~[?:1.8.0_202]
	at java.lang.reflect.Method.invoke(Method.java:498) ~[?:1.8.0_202]
	at org.springframework.web.method.support.InvocableHandlerMethod.doInvoke(InvocableHandlerMethod.java:205) ~[spring-web-5.3.25.jar:5.3.25]
	at org.springframework.web.method.support.InvocableHandlerMethod.invokeForRequest(InvocableHandlerMethod.java:150) ~[spring-web-5.3.25.jar:5.3.25]
	at org.springframework.web.servlet.mvc.method.annotation.ServletInvocableHandlerMethod.invokeAndHandle(ServletInvocableHandlerMethod.java:117) ~[spring-webmvc-5.3.25.jar:5.3.25]
	at org.springframework.web.servlet.mvc.method.annotation.RequestMappingHandlerAdapter.invokeHandlerMethod(RequestMappingHandlerAdapter.java:895) ~[spring-webmvc-5.3.25.jar:5.3.25]
	at org.springframework.web.servlet.mvc.method.annotation.RequestMappingHandlerAdapter.handleInternal(RequestMappingHandlerAdapter.java:808) ~[spring-webmvc-5.3.25.jar:5.3.25]
	at org.springframework.web.servlet.mvc.method.AbstractHandlerMethodAdapter.handle(AbstractHandlerMethodAdapter.java:87) ~[spring-webmvc-5.3.25.jar:5.3.25]
	at org.springframework.web.servlet.DispatcherServlet.doDispatch(DispatcherServlet.java:1071) ~[spring-webmvc-5.3.25.jar:5.3.25]
	at org.springframework.web.servlet.DispatcherServlet.doService(DispatcherServlet.java:964) ~[spring-webmvc-5.3.25.jar:5.3.25]
	at org.springframework.web.servlet.FrameworkServlet.processRequest(FrameworkServlet.java:1006) ~[spring-webmvc-5.3.25.jar:5.3.25]
	at org.springframework.web.servlet.FrameworkServlet.doPost(FrameworkServlet.java:909) ~[spring-webmvc-5.3.25.jar:5.3.25]
	at javax.servlet.http.HttpServlet.service(HttpServlet.java:696) ~[tomcat-embed-core-9.0.71.jar:4.0.FR]
	at org.springframework.web.servlet.FrameworkServlet.service(FrameworkServlet.java:883) ~[spring-webmvc-5.3.25.jar:5.3.25]
	at javax.servlet.http.HttpServlet.service(HttpServlet.java:779) ~[tomcat-embed-core-9.0.71.jar:4.0.FR]
	at org.apache.catalina.core.ApplicationFilterChain.internalDoFilter(ApplicationFilterChain.java:227) ~[tomcat-embed-core-9.0.71.jar:9.0.71]
	at org.apache.catalina.core.ApplicationFilterChain.doFilter(ApplicationFilterChain.java:162) ~[tomcat-embed-core-9.0.71.jar:9.0.71]
	at org.apache.tomcat.websocket.server.WsFilter.doFilter(WsFilter.java:53) ~[tomcat-embed-websocket-9.0.71.jar:9.0.71]
	at org.apache.catalina.core.ApplicationFilterChain.internalDoFilter(ApplicationFilterChain.java:189) ~[tomcat-embed-core-9.0.71.jar:9.0.71]
	at org.apache.catalina.core.ApplicationFilterChain.doFilter(ApplicationFilterChain.java:162) ~[tomcat-embed-core-9.0.71.jar:9.0.71]
	at org.springframework.web.filter.RequestContextFilter.doFilterInternal(RequestContextFilter.java:100) ~[spring-web-5.3.25.jar:5.3.25]
	at org.springframework.web.filter.OncePerRequestFilter.doFilter(OncePerRequestFilter.java:117) ~[spring-web-5.3.25.jar:5.3.25]
	at org.apache.catalina.core.ApplicationFilterChain.internalDoFilter(ApplicationFilterChain.java:189) ~[tomcat-embed-core-9.0.71.jar:9.0.71]
	at org.apache.catalina.core.ApplicationFilterChain.doFilter(ApplicationFilterChain.java:162) ~[tomcat-embed-core-9.0.71.jar:9.0.71]
	at org.springframework.web.filter.FormContentFilter.doFilterInternal(FormContentFilter.java:93) ~[spring-web-5.3.25.jar:5.3.25]
	at org.springframework.web.filter.OncePerRequestFilter.doFilter(OncePerRequestFilter.java:117) ~[spring-web-5.3.25.jar:5.3.25]
	at org.apache.catalina.core.ApplicationFilterChain.internalDoFilter(ApplicationFilterChain.java:189) ~[tomcat-embed-core-9.0.71.jar:9.0.71]
	at org.apache.catalina.core.ApplicationFilterChain.doFilter(ApplicationFilterChain.java:162) ~[tomcat-embed-core-9.0.71.jar:9.0.71]
	at org.springframework.web.filter.CharacterEncodingFilter.doFilterInternal(CharacterEncodingFilter.java:201) ~[spring-web-5.3.25.jar:5.3.25]
	at org.springframework.web.filter.OncePerRequestFilter.doFilter(OncePerRequestFilter.java:117) ~[spring-web-5.3.25.jar:5.3.25]
	at org.apache.catalina.core.ApplicationFilterChain.internalDoFilter(ApplicationFilterChain.java:189) ~[tomcat-embed-core-9.0.71.jar:9.0.71]
	at org.apache.catalina.core.ApplicationFilterChain.doFilter(ApplicationFilterChain.java:162) ~[tomcat-embed-core-9.0.71.jar:9.0.71]
	at org.apache.catalina.core.StandardWrapperValve.invoke(StandardWrapperValve.java:177) ~[tomcat-embed-core-9.0.71.jar:9.0.71]
	at org.apache.catalina.core.StandardContextValve.invoke(StandardContextValve.java:97) ~[tomcat-embed-core-9.0.71.jar:9.0.71]
	at org.apache.catalina.authenticator.AuthenticatorBase.invoke(AuthenticatorBase.java:541) ~[tomcat-embed-core-9.0.71.jar:9.0.71]
	at org.apache.catalina.core.StandardHostValve.invoke(StandardHostValve.java:135) ~[tomcat-embed-core-9.0.71.jar:9.0.71]
	at org.apache.catalina.valves.ErrorReportValve.invoke(ErrorReportValve.java:92) ~[tomcat-embed-core-9.0.71.jar:9.0.71]
	at org.apache.catalina.core.StandardEngineValve.invoke(StandardEngineValve.java:78) ~[tomcat-embed-core-9.0.71.jar:9.0.71]
	at org.apache.catalina.connector.CoyoteAdapter.service(CoyoteAdapter.java:360) ~[tomcat-embed-core-9.0.71.jar:9.0.71]
	at org.apache.coyote.http11.Http11Processor.service(Http11Processor.java:399) ~[tomcat-embed-core-9.0.71.jar:9.0.71]
	at org.apache.coyote.AbstractProcessorLight.process(AbstractProcessorLight.java:65) ~[tomcat-embed-core-9.0.71.jar:9.0.71]
	at org.apache.coyote.AbstractProtocol$ConnectionHandler.process(AbstractProtocol.java:891) ~[tomcat-embed-core-9.0.71.jar:9.0.71]
	at org.apache.tomcat.util.net.NioEndpoint$SocketProcessor.doRun(NioEndpoint.java:1784) ~[tomcat-embed-core-9.0.71.jar:9.0.71]
	at org.apache.tomcat.util.net.SocketProcessorBase.run(SocketProcessorBase.java:49) ~[tomcat-embed-core-9.0.71.jar:9.0.71]
	at org.apache.tomcat.util.threads.ThreadPoolExecutor.runWorker(ThreadPoolExecutor.java:1191) ~[tomcat-embed-core-9.0.71.jar:9.0.71]
	at org.apache.tomcat.util.threads.ThreadPoolExecutor$Worker.run(ThreadPoolExecutor.java:659) ~[tomcat-embed-core-9.0.71.jar:9.0.71]
	at org.apache.tomcat.util.threads.TaskThread$WrappingRunnable.run(TaskThread.java:61) ~[tomcat-embed-core-9.0.71.jar:9.0.71]
	at java.lang.Thread.run(Thread.java:748) ~[?:1.8.0_202]
Caused by: java.net.ConnectException: Connection timed out: connect
	at java.net.DualStackPlainSocketImpl.waitForConnect(Native Method) ~[?:1.8.0_202]
	at java.net.DualStackPlainSocketImpl.socketConnect(DualStackPlainSocketImpl.java:85) ~[?:1.8.0_202]
	at java.net.AbstractPlainSocketImpl.doConnect(AbstractPlainSocketImpl.java:350) ~[?:1.8.0_202]
	at java.net.AbstractPlainSocketImpl.connectToAddress(AbstractPlainSocketImpl.java:206) ~[?:1.8.0_202]
	at java.net.AbstractPlainSocketImpl.connect(AbstractPlainSocketImpl.java:188) ~[?:1.8.0_202]
	at java.net.PlainSocketImpl.connect(PlainSocketImpl.java:172) ~[?:1.8.0_202]
	at java.net.SocksSocketImpl.connect(SocksSocketImpl.java:392) ~[?:1.8.0_202]
	at java.net.Socket.connect(Socket.java:589) ~[?:1.8.0_202]
	at com.mysql.jdbc.StandardSocketFactory.connect(StandardSocketFactory.java:211) ~[mysql-connector-java-5.1.49.jar:5.1.49]
	at com.mysql.jdbc.MysqlIO.<init>(MysqlIO.java:299) ~[mysql-connector-java-5.1.49.jar:5.1.49]
	... 100 more
[2025-04-01 15:43:00:676] [ERROR] - org.apache.juli.logging.DirectJDKLog.log(DirectJDKLog.java:175) - Servlet.service() for servlet [dispatcherServlet] in context with path [] threw exception [Request processing failed; nested exception is org.mybatis.spring.MyBatisSystemException: nested exception is org.apache.ibatis.exceptions.PersistenceException: 
### Error querying database.  Cause: org.springframework.jdbc.CannotGetJdbcConnectionException: Failed to obtain JDBC Connection; nested exception is com.mysql.jdbc.exceptions.jdbc4.CommunicationsException: Communications link failure

The last packet sent successfully to the server was 0 milliseconds ago. The driver has not received any packets from the server.
### The error may exist in file [E:\computer2\computer1\ifly\target\classes\mapper\userMapper.xml]
### The error may involve ma.com.mapper.UserMapper.getUserByAccountAndPassword
### The error occurred while executing a query
### Cause: org.springframework.jdbc.CannotGetJdbcConnectionException: Failed to obtain JDBC Connection; nested exception is com.mysql.jdbc.exceptions.jdbc4.CommunicationsException: Communications link failure

The last packet sent successfully to the server was 0 milliseconds ago. The driver has not received any packets from the server.] with root cause
java.net.ConnectException: Connection timed out: connect
	at java.net.DualStackPlainSocketImpl.waitForConnect(Native Method) ~[?:1.8.0_202]
	at java.net.DualStackPlainSocketImpl.socketConnect(DualStackPlainSocketImpl.java:85) ~[?:1.8.0_202]
	at java.net.AbstractPlainSocketImpl.doConnect(AbstractPlainSocketImpl.java:350) ~[?:1.8.0_202]
	at java.net.AbstractPlainSocketImpl.connectToAddress(AbstractPlainSocketImpl.java:206) ~[?:1.8.0_202]
	at java.net.AbstractPlainSocketImpl.connect(AbstractPlainSocketImpl.java:188) ~[?:1.8.0_202]
	at java.net.PlainSocketImpl.connect(PlainSocketImpl.java:172) ~[?:1.8.0_202]
	at java.net.SocksSocketImpl.connect(SocksSocketImpl.java:392) ~[?:1.8.0_202]
	at java.net.Socket.connect(Socket.java:589) ~[?:1.8.0_202]
	at com.mysql.jdbc.StandardSocketFactory.connect(StandardSocketFactory.java:211) ~[mysql-connector-java-5.1.49.jar:5.1.49]
	at com.mysql.jdbc.MysqlIO.<init>(MysqlIO.java:299) ~[mysql-connector-java-5.1.49.jar:5.1.49]
	at com.mysql.jdbc.ConnectionImpl.coreConnect(ConnectionImpl.java:2187) ~[mysql-connector-java-5.1.49.jar:5.1.49]
	at com.mysql.jdbc.ConnectionImpl.connectOneTryOnly(ConnectionImpl.java:2220) ~[mysql-connector-java-5.1.49.jar:5.1.49]
	at com.mysql.jdbc.ConnectionImpl.createNewIO(ConnectionImpl.java:2015) ~[mysql-connector-java-5.1.49.jar:5.1.49]
	at com.mysql.jdbc.ConnectionImpl.<init>(ConnectionImpl.java:768) ~[mysql-connector-java-5.1.49.jar:5.1.49]
	at com.mysql.jdbc.JDBC4Connection.<init>(JDBC4Connection.java:47) ~[mysql-connector-java-5.1.49.jar:5.1.49]
	at sun.reflect.NativeConstructorAccessorImpl.newInstance0(Native Method) ~[?:1.8.0_202]
	at sun.reflect.NativeConstructorAccessorImpl.newInstance(NativeConstructorAccessorImpl.java:62) ~[?:1.8.0_202]
	at sun.reflect.DelegatingConstructorAccessorImpl.newInstance(DelegatingConstructorAccessorImpl.java:45) ~[?:1.8.0_202]
	at java.lang.reflect.Constructor.newInstance(Constructor.java:423) ~[?:1.8.0_202]
	at com.mysql.jdbc.Util.handleNewInstance(Util.java:403) ~[mysql-connector-java-5.1.49.jar:5.1.49]
	at com.mysql.jdbc.ConnectionImpl.getInstance(ConnectionImpl.java:385) ~[mysql-connector-java-5.1.49.jar:5.1.49]
	at com.mysql.jdbc.NonRegisteringDriver.connect(NonRegisteringDriver.java:323) ~[mysql-connector-java-5.1.49.jar:5.1.49]
	at com.zaxxer.hikari.util.DriverDataSource.getConnection(DriverDataSource.java:138) ~[HikariCP-4.0.3.jar:?]
	at com.zaxxer.hikari.pool.PoolBase.newConnection(PoolBase.java:364) ~[HikariCP-4.0.3.jar:?]
	at com.zaxxer.hikari.pool.PoolBase.newPoolEntry(PoolBase.java:206) ~[HikariCP-4.0.3.jar:?]
	at com.zaxxer.hikari.pool.HikariPool.createPoolEntry(HikariPool.java:476) ~[HikariCP-4.0.3.jar:?]
	at com.zaxxer.hikari.pool.HikariPool.checkFailFast(HikariPool.java:561) ~[HikariCP-4.0.3.jar:?]
	at com.zaxxer.hikari.pool.HikariPool.<init>(HikariPool.java:115) ~[HikariCP-4.0.3.jar:?]
	at com.zaxxer.hikari.HikariDataSource.getConnection(HikariDataSource.java:112) ~[HikariCP-4.0.3.jar:?]
	at org.springframework.jdbc.datasource.DataSourceUtils.fetchConnection(DataSourceUtils.java:159) ~[spring-jdbc-5.3.25.jar:5.3.25]
	at org.springframework.jdbc.datasource.DataSourceUtils.doGetConnection(DataSourceUtils.java:117) ~[spring-jdbc-5.3.25.jar:5.3.25]
	at org.springframework.jdbc.datasource.DataSourceUtils.getConnection(DataSourceUtils.java:80) ~[spring-jdbc-5.3.25.jar:5.3.25]
	at org.mybatis.spring.transaction.SpringManagedTransaction.openConnection(SpringManagedTransaction.java:80) ~[mybatis-spring-2.1.0.jar:2.1.0]
	at org.mybatis.spring.transaction.SpringManagedTransaction.getConnection(SpringManagedTransaction.java:67) ~[mybatis-spring-2.1.0.jar:2.1.0]
	at org.apache.ibatis.executor.BaseExecutor.getConnection(BaseExecutor.java:337) ~[mybatis-3.5.11.jar:3.5.11]
	at org.apache.ibatis.executor.SimpleExecutor.prepareStatement(SimpleExecutor.java:86) ~[mybatis-3.5.11.jar:3.5.11]
	at org.apache.ibatis.executor.SimpleExecutor.doQuery(SimpleExecutor.java:62) ~[mybatis-3.5.11.jar:3.5.11]
	at org.apache.ibatis.executor.BaseExecutor.queryFromDatabase(BaseExecutor.java:325) ~[mybatis-3.5.11.jar:3.5.11]
	at org.apache.ibatis.executor.BaseExecutor.query(BaseExecutor.java:156) ~[mybatis-3.5.11.jar:3.5.11]
	at org.apache.ibatis.executor.CachingExecutor.query(CachingExecutor.java:109) ~[mybatis-3.5.11.jar:3.5.11]
	at com.github.pagehelper.PageInterceptor.intercept(PageInterceptor.java:151) ~[pagehelper-5.3.2.jar:?]
	at org.apache.ibatis.plugin.Plugin.invoke(Plugin.java:62) ~[mybatis-3.5.11.jar:3.5.11]
	at com.sun.proxy.$Proxy131.query(Unknown Source) ~[?:?]
	at org.apache.ibatis.session.defaults.DefaultSqlSession.selectList(DefaultSqlSession.java:151) ~[mybatis-3.5.11.jar:3.5.11]
	at org.apache.ibatis.session.defaults.DefaultSqlSession.selectList(DefaultSqlSession.java:145) ~[mybatis-3.5.11.jar:3.5.11]
	at org.apache.ibatis.session.defaults.DefaultSqlSession.selectList(DefaultSqlSession.java:140) ~[mybatis-3.5.11.jar:3.5.11]
	at org.apache.ibatis.session.defaults.DefaultSqlSession.selectOne(DefaultSqlSession.java:76) ~[mybatis-3.5.11.jar:3.5.11]
	at sun.reflect.NativeMethodAccessorImpl.invoke0(Native Method) ~[?:1.8.0_202]
	at sun.reflect.NativeMethodAccessorImpl.invoke(NativeMethodAccessorImpl.java:62) ~[?:1.8.0_202]
	at sun.reflect.DelegatingMethodAccessorImpl.invoke(DelegatingMethodAccessorImpl.java:43) ~[?:1.8.0_202]
	at java.lang.reflect.Method.invoke(Method.java:498) ~[?:1.8.0_202]
	at org.mybatis.spring.SqlSessionTemplate$SqlSessionInterceptor.invoke(SqlSessionTemplate.java:425) ~[mybatis-spring-2.1.0.jar:2.1.0]
	at com.sun.proxy.$Proxy91.selectOne(Unknown Source) ~[?:?]
	at org.mybatis.spring.SqlSessionTemplate.selectOne(SqlSessionTemplate.java:160) ~[mybatis-spring-2.1.0.jar:2.1.0]
	at org.apache.ibatis.binding.MapperMethod.execute(MapperMethod.java:87) ~[mybatis-3.5.11.jar:3.5.11]
	at org.apache.ibatis.binding.MapperProxy$PlainMethodInvoker.invoke(MapperProxy.java:145) ~[mybatis-3.5.11.jar:3.5.11]
	at org.apache.ibatis.binding.MapperProxy.invoke(MapperProxy.java:86) ~[mybatis-3.5.11.jar:3.5.11]
	at com.sun.proxy.$Proxy109.getUserByAccountAndPassword(Unknown Source) ~[?:?]
	at ma.com.serviceImp.UserServiceImp.getUserByAccountAndPassword(UserServiceImp.java:24) ~[classes/:?]
	at ma.com.controller.UserController.login(UserController.java:38) ~[classes/:?]
	at sun.reflect.NativeMethodAccessorImpl.invoke0(Native Method) ~[?:1.8.0_202]
	at sun.reflect.NativeMethodAccessorImpl.invoke(NativeMethodAccessorImpl.java:62) ~[?:1.8.0_202]
	at sun.reflect.DelegatingMethodAccessorImpl.invoke(DelegatingMethodAccessorImpl.java:43) ~[?:1.8.0_202]
	at java.lang.reflect.Method.invoke(Method.java:498) ~[?:1.8.0_202]
	at org.springframework.web.method.support.InvocableHandlerMethod.doInvoke(InvocableHandlerMethod.java:205) ~[spring-web-5.3.25.jar:5.3.25]
	at org.springframework.web.method.support.InvocableHandlerMethod.invokeForRequest(InvocableHandlerMethod.java:150) ~[spring-web-5.3.25.jar:5.3.25]
	at org.springframework.web.servlet.mvc.method.annotation.ServletInvocableHandlerMethod.invokeAndHandle(ServletInvocableHandlerMethod.java:117) ~[spring-webmvc-5.3.25.jar:5.3.25]
	at org.springframework.web.servlet.mvc.method.annotation.RequestMappingHandlerAdapter.invokeHandlerMethod(RequestMappingHandlerAdapter.java:895) ~[spring-webmvc-5.3.25.jar:5.3.25]
	at org.springframework.web.servlet.mvc.method.annotation.RequestMappingHandlerAdapter.handleInternal(RequestMappingHandlerAdapter.java:808) ~[spring-webmvc-5.3.25.jar:5.3.25]
	at org.springframework.web.servlet.mvc.method.AbstractHandlerMethodAdapter.handle(AbstractHandlerMethodAdapter.java:87) ~[spring-webmvc-5.3.25.jar:5.3.25]
	at org.springframework.web.servlet.DispatcherServlet.doDispatch(DispatcherServlet.java:1071) ~[spring-webmvc-5.3.25.jar:5.3.25]
	at org.springframework.web.servlet.DispatcherServlet.doService(DispatcherServlet.java:964) ~[spring-webmvc-5.3.25.jar:5.3.25]
	at org.springframework.web.servlet.FrameworkServlet.processRequest(FrameworkServlet.java:1006) ~[spring-webmvc-5.3.25.jar:5.3.25]
	at org.springframework.web.servlet.FrameworkServlet.doPost(FrameworkServlet.java:909) ~[spring-webmvc-5.3.25.jar:5.3.25]
	at javax.servlet.http.HttpServlet.service(HttpServlet.java:696) ~[tomcat-embed-core-9.0.71.jar:4.0.FR]
	at org.springframework.web.servlet.FrameworkServlet.service(FrameworkServlet.java:883) ~[spring-webmvc-5.3.25.jar:5.3.25]
	at javax.servlet.http.HttpServlet.service(HttpServlet.java:779) ~[tomcat-embed-core-9.0.71.jar:4.0.FR]
	at org.apache.catalina.core.ApplicationFilterChain.internalDoFilter(ApplicationFilterChain.java:227) ~[tomcat-embed-core-9.0.71.jar:9.0.71]
	at org.apache.catalina.core.ApplicationFilterChain.doFilter(ApplicationFilterChain.java:162) ~[tomcat-embed-core-9.0.71.jar:9.0.71]
	at org.apache.tomcat.websocket.server.WsFilter.doFilter(WsFilter.java:53) ~[tomcat-embed-websocket-9.0.71.jar:9.0.71]
	at org.apache.catalina.core.ApplicationFilterChain.internalDoFilter(ApplicationFilterChain.java:189) ~[tomcat-embed-core-9.0.71.jar:9.0.71]
	at org.apache.catalina.core.ApplicationFilterChain.doFilter(ApplicationFilterChain.java:162) ~[tomcat-embed-core-9.0.71.jar:9.0.71]
	at org.springframework.web.filter.RequestContextFilter.doFilterInternal(RequestContextFilter.java:100) ~[spring-web-5.3.25.jar:5.3.25]
	at org.springframework.web.filter.OncePerRequestFilter.doFilter(OncePerRequestFilter.java:117) ~[spring-web-5.3.25.jar:5.3.25]
	at org.apache.catalina.core.ApplicationFilterChain.internalDoFilter(ApplicationFilterChain.java:189) ~[tomcat-embed-core-9.0.71.jar:9.0.71]
	at org.apache.catalina.core.ApplicationFilterChain.doFilter(ApplicationFilterChain.java:162) ~[tomcat-embed-core-9.0.71.jar:9.0.71]
	at org.springframework.web.filter.FormContentFilter.doFilterInternal(FormContentFilter.java:93) ~[spring-web-5.3.25.jar:5.3.25]
	at org.springframework.web.filter.OncePerRequestFilter.doFilter(OncePerRequestFilter.java:117) ~[spring-web-5.3.25.jar:5.3.25]
	at org.apache.catalina.core.ApplicationFilterChain.internalDoFilter(ApplicationFilterChain.java:189) ~[tomcat-embed-core-9.0.71.jar:9.0.71]
	at org.apache.catalina.core.ApplicationFilterChain.doFilter(ApplicationFilterChain.java:162) ~[tomcat-embed-core-9.0.71.jar:9.0.71]
	at org.springframework.web.filter.CharacterEncodingFilter.doFilterInternal(CharacterEncodingFilter.java:201) ~[spring-web-5.3.25.jar:5.3.25]
	at org.springframework.web.filter.OncePerRequestFilter.doFilter(OncePerRequestFilter.java:117) ~[spring-web-5.3.25.jar:5.3.25]
	at org.apache.catalina.core.ApplicationFilterChain.internalDoFilter(ApplicationFilterChain.java:189) ~[tomcat-embed-core-9.0.71.jar:9.0.71]
	at org.apache.catalina.core.ApplicationFilterChain.doFilter(ApplicationFilterChain.java:162) ~[tomcat-embed-core-9.0.71.jar:9.0.71]
	at org.apache.catalina.core.StandardWrapperValve.invoke(StandardWrapperValve.java:177) ~[tomcat-embed-core-9.0.71.jar:9.0.71]
	at org.apache.catalina.core.StandardContextValve.invoke(StandardContextValve.java:97) ~[tomcat-embed-core-9.0.71.jar:9.0.71]
	at org.apache.catalina.authenticator.AuthenticatorBase.invoke(AuthenticatorBase.java:541) ~[tomcat-embed-core-9.0.71.jar:9.0.71]
	at org.apache.catalina.core.StandardHostValve.invoke(StandardHostValve.java:135) ~[tomcat-embed-core-9.0.71.jar:9.0.71]
	at org.apache.catalina.valves.ErrorReportValve.invoke(ErrorReportValve.java:92) ~[tomcat-embed-core-9.0.71.jar:9.0.71]
	at org.apache.catalina.core.StandardEngineValve.invoke(StandardEngineValve.java:78) ~[tomcat-embed-core-9.0.71.jar:9.0.71]
	at org.apache.catalina.connector.CoyoteAdapter.service(CoyoteAdapter.java:360) ~[tomcat-embed-core-9.0.71.jar:9.0.71]
	at org.apache.coyote.http11.Http11Processor.service(Http11Processor.java:399) ~[tomcat-embed-core-9.0.71.jar:9.0.71]
	at org.apache.coyote.AbstractProcessorLight.process(AbstractProcessorLight.java:65) ~[tomcat-embed-core-9.0.71.jar:9.0.71]
	at org.apache.coyote.AbstractProtocol$ConnectionHandler.process(AbstractProtocol.java:891) ~[tomcat-embed-core-9.0.71.jar:9.0.71]
	at org.apache.tomcat.util.net.NioEndpoint$SocketProcessor.doRun(NioEndpoint.java:1784) ~[tomcat-embed-core-9.0.71.jar:9.0.71]
	at org.apache.tomcat.util.net.SocketProcessorBase.run(SocketProcessorBase.java:49) ~[tomcat-embed-core-9.0.71.jar:9.0.71]
	at org.apache.tomcat.util.threads.ThreadPoolExecutor.runWorker(ThreadPoolExecutor.java:1191) ~[tomcat-embed-core-9.0.71.jar:9.0.71]
	at org.apache.tomcat.util.threads.ThreadPoolExecutor$Worker.run(ThreadPoolExecutor.java:659) ~[tomcat-embed-core-9.0.71.jar:9.0.71]
	at org.apache.tomcat.util.threads.TaskThread$WrappingRunnable.run(TaskThread.java:61) ~[tomcat-embed-core-9.0.71.jar:9.0.71]
	at java.lang.Thread.run(Thread.java:748) ~[?:1.8.0_202]
[2025-04-01 15:43:22:751] [ERROR] - com.zaxxer.hikari.pool.HikariPool.throwPoolInitializationException(HikariPool.java:594) - HikariPool-1 - Exception during pool initialization.
com.mysql.jdbc.exceptions.jdbc4.CommunicationsException: Communications link failure

The last packet sent successfully to the server was 0 milliseconds ago. The driver has not received any packets from the server.
	at sun.reflect.NativeConstructorAccessorImpl.newInstance0(Native Method) ~[?:1.8.0_202]
	at sun.reflect.NativeConstructorAccessorImpl.newInstance(NativeConstructorAccessorImpl.java:62) ~[?:1.8.0_202]
	at sun.reflect.DelegatingConstructorAccessorImpl.newInstance(DelegatingConstructorAccessorImpl.java:45) ~[?:1.8.0_202]
	at java.lang.reflect.Constructor.newInstance(Constructor.java:423) ~[?:1.8.0_202]
	at com.mysql.jdbc.Util.handleNewInstance(Util.java:403) ~[mysql-connector-java-5.1.49.jar:5.1.49]
	at com.mysql.jdbc.SQLError.createCommunicationsException(SQLError.java:990) ~[mysql-connector-java-5.1.49.jar:5.1.49]
	at com.mysql.jdbc.MysqlIO.<init>(MysqlIO.java:335) ~[mysql-connector-java-5.1.49.jar:5.1.49]
	at com.mysql.jdbc.ConnectionImpl.coreConnect(ConnectionImpl.java:2187) ~[mysql-connector-java-5.1.49.jar:5.1.49]
	at com.mysql.jdbc.ConnectionImpl.connectOneTryOnly(ConnectionImpl.java:2220) ~[mysql-connector-java-5.1.49.jar:5.1.49]
	at com.mysql.jdbc.ConnectionImpl.createNewIO(ConnectionImpl.java:2015) ~[mysql-connector-java-5.1.49.jar:5.1.49]
	at com.mysql.jdbc.ConnectionImpl.<init>(ConnectionImpl.java:768) ~[mysql-connector-java-5.1.49.jar:5.1.49]
	at com.mysql.jdbc.JDBC4Connection.<init>(JDBC4Connection.java:47) ~[mysql-connector-java-5.1.49.jar:5.1.49]
	at sun.reflect.NativeConstructorAccessorImpl.newInstance0(Native Method) ~[?:1.8.0_202]
	at sun.reflect.NativeConstructorAccessorImpl.newInstance(NativeConstructorAccessorImpl.java:62) ~[?:1.8.0_202]
	at sun.reflect.DelegatingConstructorAccessorImpl.newInstance(DelegatingConstructorAccessorImpl.java:45) ~[?:1.8.0_202]
	at java.lang.reflect.Constructor.newInstance(Constructor.java:423) ~[?:1.8.0_202]
	at com.mysql.jdbc.Util.handleNewInstance(Util.java:403) ~[mysql-connector-java-5.1.49.jar:5.1.49]
	at com.mysql.jdbc.ConnectionImpl.getInstance(ConnectionImpl.java:385) ~[mysql-connector-java-5.1.49.jar:5.1.49]
	at com.mysql.jdbc.NonRegisteringDriver.connect(NonRegisteringDriver.java:323) ~[mysql-connector-java-5.1.49.jar:5.1.49]
	at com.zaxxer.hikari.util.DriverDataSource.getConnection(DriverDataSource.java:138) ~[HikariCP-4.0.3.jar:?]
	at com.zaxxer.hikari.pool.PoolBase.newConnection(PoolBase.java:364) ~[HikariCP-4.0.3.jar:?]
	at com.zaxxer.hikari.pool.PoolBase.newPoolEntry(PoolBase.java:206) ~[HikariCP-4.0.3.jar:?]
	at com.zaxxer.hikari.pool.HikariPool.createPoolEntry(HikariPool.java:476) ~[HikariCP-4.0.3.jar:?]
	at com.zaxxer.hikari.pool.HikariPool.checkFailFast(HikariPool.java:561) ~[HikariCP-4.0.3.jar:?]
	at com.zaxxer.hikari.pool.HikariPool.<init>(HikariPool.java:115) ~[HikariCP-4.0.3.jar:?]
	at com.zaxxer.hikari.HikariDataSource.getConnection(HikariDataSource.java:112) ~[HikariCP-4.0.3.jar:?]
	at org.springframework.jdbc.datasource.DataSourceUtils.fetchConnection(DataSourceUtils.java:159) ~[spring-jdbc-5.3.25.jar:5.3.25]
	at org.springframework.jdbc.datasource.DataSourceUtils.doGetConnection(DataSourceUtils.java:117) ~[spring-jdbc-5.3.25.jar:5.3.25]
	at org.springframework.jdbc.datasource.DataSourceUtils.getConnection(DataSourceUtils.java:80) ~[spring-jdbc-5.3.25.jar:5.3.25]
	at org.mybatis.spring.transaction.SpringManagedTransaction.openConnection(SpringManagedTransaction.java:80) ~[mybatis-spring-2.1.0.jar:2.1.0]
	at org.mybatis.spring.transaction.SpringManagedTransaction.getConnection(SpringManagedTransaction.java:67) ~[mybatis-spring-2.1.0.jar:2.1.0]
	at org.apache.ibatis.executor.BaseExecutor.getConnection(BaseExecutor.java:337) ~[mybatis-3.5.11.jar:3.5.11]
	at org.apache.ibatis.executor.SimpleExecutor.prepareStatement(SimpleExecutor.java:86) ~[mybatis-3.5.11.jar:3.5.11]
	at org.apache.ibatis.executor.SimpleExecutor.doQuery(SimpleExecutor.java:62) ~[mybatis-3.5.11.jar:3.5.11]
	at org.apache.ibatis.executor.BaseExecutor.queryFromDatabase(BaseExecutor.java:325) ~[mybatis-3.5.11.jar:3.5.11]
	at org.apache.ibatis.executor.BaseExecutor.query(BaseExecutor.java:156) ~[mybatis-3.5.11.jar:3.5.11]
	at org.apache.ibatis.executor.CachingExecutor.query(CachingExecutor.java:109) ~[mybatis-3.5.11.jar:3.5.11]
	at com.github.pagehelper.PageInterceptor.intercept(PageInterceptor.java:151) ~[pagehelper-5.3.2.jar:?]
	at org.apache.ibatis.plugin.Plugin.invoke(Plugin.java:62) ~[mybatis-3.5.11.jar:3.5.11]
	at com.sun.proxy.$Proxy131.query(Unknown Source) ~[?:?]
	at org.apache.ibatis.session.defaults.DefaultSqlSession.selectList(DefaultSqlSession.java:151) ~[mybatis-3.5.11.jar:3.5.11]
	at org.apache.ibatis.session.defaults.DefaultSqlSession.selectList(DefaultSqlSession.java:145) ~[mybatis-3.5.11.jar:3.5.11]
	at org.apache.ibatis.session.defaults.DefaultSqlSession.selectList(DefaultSqlSession.java:140) ~[mybatis-3.5.11.jar:3.5.11]
	at org.apache.ibatis.session.defaults.DefaultSqlSession.selectOne(DefaultSqlSession.java:76) ~[mybatis-3.5.11.jar:3.5.11]
	at sun.reflect.NativeMethodAccessorImpl.invoke0(Native Method) ~[?:1.8.0_202]
	at sun.reflect.NativeMethodAccessorImpl.invoke(NativeMethodAccessorImpl.java:62) ~[?:1.8.0_202]
	at sun.reflect.DelegatingMethodAccessorImpl.invoke(DelegatingMethodAccessorImpl.java:43) ~[?:1.8.0_202]
	at java.lang.reflect.Method.invoke(Method.java:498) ~[?:1.8.0_202]
	at org.mybatis.spring.SqlSessionTemplate$SqlSessionInterceptor.invoke(SqlSessionTemplate.java:425) ~[mybatis-spring-2.1.0.jar:2.1.0]
	at com.sun.proxy.$Proxy91.selectOne(Unknown Source) ~[?:?]
	at org.mybatis.spring.SqlSessionTemplate.selectOne(SqlSessionTemplate.java:160) ~[mybatis-spring-2.1.0.jar:2.1.0]
	at org.apache.ibatis.binding.MapperMethod.execute(MapperMethod.java:87) ~[mybatis-3.5.11.jar:3.5.11]
	at org.apache.ibatis.binding.MapperProxy$PlainMethodInvoker.invoke(MapperProxy.java:145) ~[mybatis-3.5.11.jar:3.5.11]
	at org.apache.ibatis.binding.MapperProxy.invoke(MapperProxy.java:86) ~[mybatis-3.5.11.jar:3.5.11]
	at com.sun.proxy.$Proxy109.getUserByAccountAndPassword(Unknown Source) ~[?:?]
	at ma.com.serviceImp.UserServiceImp.getUserByAccountAndPassword(UserServiceImp.java:24) ~[classes/:?]
	at ma.com.controller.UserController.login(UserController.java:38) ~[classes/:?]
	at sun.reflect.NativeMethodAccessorImpl.invoke0(Native Method) ~[?:1.8.0_202]
	at sun.reflect.NativeMethodAccessorImpl.invoke(NativeMethodAccessorImpl.java:62) ~[?:1.8.0_202]
	at sun.reflect.DelegatingMethodAccessorImpl.invoke(DelegatingMethodAccessorImpl.java:43) ~[?:1.8.0_202]
	at java.lang.reflect.Method.invoke(Method.java:498) ~[?:1.8.0_202]
	at org.springframework.web.method.support.InvocableHandlerMethod.doInvoke(InvocableHandlerMethod.java:205) ~[spring-web-5.3.25.jar:5.3.25]
	at org.springframework.web.method.support.InvocableHandlerMethod.invokeForRequest(InvocableHandlerMethod.java:150) ~[spring-web-5.3.25.jar:5.3.25]
	at org.springframework.web.servlet.mvc.method.annotation.ServletInvocableHandlerMethod.invokeAndHandle(ServletInvocableHandlerMethod.java:117) ~[spring-webmvc-5.3.25.jar:5.3.25]
	at org.springframework.web.servlet.mvc.method.annotation.RequestMappingHandlerAdapter.invokeHandlerMethod(RequestMappingHandlerAdapter.java:895) ~[spring-webmvc-5.3.25.jar:5.3.25]
	at org.springframework.web.servlet.mvc.method.annotation.RequestMappingHandlerAdapter.handleInternal(RequestMappingHandlerAdapter.java:808) ~[spring-webmvc-5.3.25.jar:5.3.25]
	at org.springframework.web.servlet.mvc.method.AbstractHandlerMethodAdapter.handle(AbstractHandlerMethodAdapter.java:87) ~[spring-webmvc-5.3.25.jar:5.3.25]
	at org.springframework.web.servlet.DispatcherServlet.doDispatch(DispatcherServlet.java:1071) ~[spring-webmvc-5.3.25.jar:5.3.25]
	at org.springframework.web.servlet.DispatcherServlet.doService(DispatcherServlet.java:964) ~[spring-webmvc-5.3.25.jar:5.3.25]
	at org.springframework.web.servlet.FrameworkServlet.processRequest(FrameworkServlet.java:1006) ~[spring-webmvc-5.3.25.jar:5.3.25]
	at org.springframework.web.servlet.FrameworkServlet.doPost(FrameworkServlet.java:909) ~[spring-webmvc-5.3.25.jar:5.3.25]
	at javax.servlet.http.HttpServlet.service(HttpServlet.java:696) ~[tomcat-embed-core-9.0.71.jar:4.0.FR]
	at org.springframework.web.servlet.FrameworkServlet.service(FrameworkServlet.java:883) ~[spring-webmvc-5.3.25.jar:5.3.25]
	at javax.servlet.http.HttpServlet.service(HttpServlet.java:779) ~[tomcat-embed-core-9.0.71.jar:4.0.FR]
	at org.apache.catalina.core.ApplicationFilterChain.internalDoFilter(ApplicationFilterChain.java:227) ~[tomcat-embed-core-9.0.71.jar:9.0.71]
	at org.apache.catalina.core.ApplicationFilterChain.doFilter(ApplicationFilterChain.java:162) ~[tomcat-embed-core-9.0.71.jar:9.0.71]
	at org.apache.tomcat.websocket.server.WsFilter.doFilter(WsFilter.java:53) ~[tomcat-embed-websocket-9.0.71.jar:9.0.71]
	at org.apache.catalina.core.ApplicationFilterChain.internalDoFilter(ApplicationFilterChain.java:189) ~[tomcat-embed-core-9.0.71.jar:9.0.71]
	at org.apache.catalina.core.ApplicationFilterChain.doFilter(ApplicationFilterChain.java:162) ~[tomcat-embed-core-9.0.71.jar:9.0.71]
	at org.springframework.web.filter.RequestContextFilter.doFilterInternal(RequestContextFilter.java:100) ~[spring-web-5.3.25.jar:5.3.25]
	at org.springframework.web.filter.OncePerRequestFilter.doFilter(OncePerRequestFilter.java:117) ~[spring-web-5.3.25.jar:5.3.25]
	at org.apache.catalina.core.ApplicationFilterChain.internalDoFilter(ApplicationFilterChain.java:189) ~[tomcat-embed-core-9.0.71.jar:9.0.71]
	at org.apache.catalina.core.ApplicationFilterChain.doFilter(ApplicationFilterChain.java:162) ~[tomcat-embed-core-9.0.71.jar:9.0.71]
	at org.springframework.web.filter.FormContentFilter.doFilterInternal(FormContentFilter.java:93) ~[spring-web-5.3.25.jar:5.3.25]
	at org.springframework.web.filter.OncePerRequestFilter.doFilter(OncePerRequestFilter.java:117) ~[spring-web-5.3.25.jar:5.3.25]
	at org.apache.catalina.core.ApplicationFilterChain.internalDoFilter(ApplicationFilterChain.java:189) ~[tomcat-embed-core-9.0.71.jar:9.0.71]
	at org.apache.catalina.core.ApplicationFilterChain.doFilter(ApplicationFilterChain.java:162) ~[tomcat-embed-core-9.0.71.jar:9.0.71]
	at org.springframework.web.filter.CharacterEncodingFilter.doFilterInternal(CharacterEncodingFilter.java:201) ~[spring-web-5.3.25.jar:5.3.25]
	at org.springframework.web.filter.OncePerRequestFilter.doFilter(OncePerRequestFilter.java:117) ~[spring-web-5.3.25.jar:5.3.25]
	at org.apache.catalina.core.ApplicationFilterChain.internalDoFilter(ApplicationFilterChain.java:189) ~[tomcat-embed-core-9.0.71.jar:9.0.71]
	at org.apache.catalina.core.ApplicationFilterChain.doFilter(ApplicationFilterChain.java:162) ~[tomcat-embed-core-9.0.71.jar:9.0.71]
	at org.apache.catalina.core.StandardWrapperValve.invoke(StandardWrapperValve.java:177) ~[tomcat-embed-core-9.0.71.jar:9.0.71]
	at org.apache.catalina.core.StandardContextValve.invoke(StandardContextValve.java:97) ~[tomcat-embed-core-9.0.71.jar:9.0.71]
	at org.apache.catalina.authenticator.AuthenticatorBase.invoke(AuthenticatorBase.java:541) ~[tomcat-embed-core-9.0.71.jar:9.0.71]
	at org.apache.catalina.core.StandardHostValve.invoke(StandardHostValve.java:135) ~[tomcat-embed-core-9.0.71.jar:9.0.71]
	at org.apache.catalina.valves.ErrorReportValve.invoke(ErrorReportValve.java:92) ~[tomcat-embed-core-9.0.71.jar:9.0.71]
	at org.apache.catalina.core.StandardEngineValve.invoke(StandardEngineValve.java:78) ~[tomcat-embed-core-9.0.71.jar:9.0.71]
	at org.apache.catalina.connector.CoyoteAdapter.service(CoyoteAdapter.java:360) ~[tomcat-embed-core-9.0.71.jar:9.0.71]
	at org.apache.coyote.http11.Http11Processor.service(Http11Processor.java:399) ~[tomcat-embed-core-9.0.71.jar:9.0.71]
	at org.apache.coyote.AbstractProcessorLight.process(AbstractProcessorLight.java:65) ~[tomcat-embed-core-9.0.71.jar:9.0.71]
	at org.apache.coyote.AbstractProtocol$ConnectionHandler.process(AbstractProtocol.java:891) ~[tomcat-embed-core-9.0.71.jar:9.0.71]
	at org.apache.tomcat.util.net.NioEndpoint$SocketProcessor.doRun(NioEndpoint.java:1784) ~[tomcat-embed-core-9.0.71.jar:9.0.71]
	at org.apache.tomcat.util.net.SocketProcessorBase.run(SocketProcessorBase.java:49) ~[tomcat-embed-core-9.0.71.jar:9.0.71]
	at org.apache.tomcat.util.threads.ThreadPoolExecutor.runWorker(ThreadPoolExecutor.java:1191) ~[tomcat-embed-core-9.0.71.jar:9.0.71]
	at org.apache.tomcat.util.threads.ThreadPoolExecutor$Worker.run(ThreadPoolExecutor.java:659) ~[tomcat-embed-core-9.0.71.jar:9.0.71]
	at org.apache.tomcat.util.threads.TaskThread$WrappingRunnable.run(TaskThread.java:61) ~[tomcat-embed-core-9.0.71.jar:9.0.71]
	at java.lang.Thread.run(Thread.java:748) ~[?:1.8.0_202]
Caused by: java.net.ConnectException: Connection timed out: connect
	at java.net.DualStackPlainSocketImpl.waitForConnect(Native Method) ~[?:1.8.0_202]
	at java.net.DualStackPlainSocketImpl.socketConnect(DualStackPlainSocketImpl.java:85) ~[?:1.8.0_202]
	at java.net.AbstractPlainSocketImpl.doConnect(AbstractPlainSocketImpl.java:350) ~[?:1.8.0_202]
	at java.net.AbstractPlainSocketImpl.connectToAddress(AbstractPlainSocketImpl.java:206) ~[?:1.8.0_202]
	at java.net.AbstractPlainSocketImpl.connect(AbstractPlainSocketImpl.java:188) ~[?:1.8.0_202]
	at java.net.PlainSocketImpl.connect(PlainSocketImpl.java:172) ~[?:1.8.0_202]
	at java.net.SocksSocketImpl.connect(SocksSocketImpl.java:392) ~[?:1.8.0_202]
	at java.net.Socket.connect(Socket.java:589) ~[?:1.8.0_202]
	at com.mysql.jdbc.StandardSocketFactory.connect(StandardSocketFactory.java:211) ~[mysql-connector-java-5.1.49.jar:5.1.49]
	at com.mysql.jdbc.MysqlIO.<init>(MysqlIO.java:299) ~[mysql-connector-java-5.1.49.jar:5.1.49]
	... 100 more
[2025-04-01 15:43:22:754] [ERROR] - org.apache.juli.logging.DirectJDKLog.log(DirectJDKLog.java:175) - Servlet.service() for servlet [dispatcherServlet] in context with path [] threw exception [Request processing failed; nested exception is org.mybatis.spring.MyBatisSystemException: nested exception is org.apache.ibatis.exceptions.PersistenceException: 
### Error querying database.  Cause: org.springframework.jdbc.CannotGetJdbcConnectionException: Failed to obtain JDBC Connection; nested exception is com.mysql.jdbc.exceptions.jdbc4.CommunicationsException: Communications link failure

The last packet sent successfully to the server was 0 milliseconds ago. The driver has not received any packets from the server.
### The error may exist in file [E:\computer2\computer1\ifly\target\classes\mapper\userMapper.xml]
### The error may involve ma.com.mapper.UserMapper.getUserByAccountAndPassword
### The error occurred while executing a query
### Cause: org.springframework.jdbc.CannotGetJdbcConnectionException: Failed to obtain JDBC Connection; nested exception is com.mysql.jdbc.exceptions.jdbc4.CommunicationsException: Communications link failure

The last packet sent successfully to the server was 0 milliseconds ago. The driver has not received any packets from the server.] with root cause
java.net.ConnectException: Connection timed out: connect
	at java.net.DualStackPlainSocketImpl.waitForConnect(Native Method) ~[?:1.8.0_202]
	at java.net.DualStackPlainSocketImpl.socketConnect(DualStackPlainSocketImpl.java:85) ~[?:1.8.0_202]
	at java.net.AbstractPlainSocketImpl.doConnect(AbstractPlainSocketImpl.java:350) ~[?:1.8.0_202]
	at java.net.AbstractPlainSocketImpl.connectToAddress(AbstractPlainSocketImpl.java:206) ~[?:1.8.0_202]
	at java.net.AbstractPlainSocketImpl.connect(AbstractPlainSocketImpl.java:188) ~[?:1.8.0_202]
	at java.net.PlainSocketImpl.connect(PlainSocketImpl.java:172) ~[?:1.8.0_202]
	at java.net.SocksSocketImpl.connect(SocksSocketImpl.java:392) ~[?:1.8.0_202]
	at java.net.Socket.connect(Socket.java:589) ~[?:1.8.0_202]
	at com.mysql.jdbc.StandardSocketFactory.connect(StandardSocketFactory.java:211) ~[mysql-connector-java-5.1.49.jar:5.1.49]
	at com.mysql.jdbc.MysqlIO.<init>(MysqlIO.java:299) ~[mysql-connector-java-5.1.49.jar:5.1.49]
	at com.mysql.jdbc.ConnectionImpl.coreConnect(ConnectionImpl.java:2187) ~[mysql-connector-java-5.1.49.jar:5.1.49]
	at com.mysql.jdbc.ConnectionImpl.connectOneTryOnly(ConnectionImpl.java:2220) ~[mysql-connector-java-5.1.49.jar:5.1.49]
	at com.mysql.jdbc.ConnectionImpl.createNewIO(ConnectionImpl.java:2015) ~[mysql-connector-java-5.1.49.jar:5.1.49]
	at com.mysql.jdbc.ConnectionImpl.<init>(ConnectionImpl.java:768) ~[mysql-connector-java-5.1.49.jar:5.1.49]
	at com.mysql.jdbc.JDBC4Connection.<init>(JDBC4Connection.java:47) ~[mysql-connector-java-5.1.49.jar:5.1.49]
	at sun.reflect.NativeConstructorAccessorImpl.newInstance0(Native Method) ~[?:1.8.0_202]
	at sun.reflect.NativeConstructorAccessorImpl.newInstance(NativeConstructorAccessorImpl.java:62) ~[?:1.8.0_202]
	at sun.reflect.DelegatingConstructorAccessorImpl.newInstance(DelegatingConstructorAccessorImpl.java:45) ~[?:1.8.0_202]
	at java.lang.reflect.Constructor.newInstance(Constructor.java:423) ~[?:1.8.0_202]
	at com.mysql.jdbc.Util.handleNewInstance(Util.java:403) ~[mysql-connector-java-5.1.49.jar:5.1.49]
	at com.mysql.jdbc.ConnectionImpl.getInstance(ConnectionImpl.java:385) ~[mysql-connector-java-5.1.49.jar:5.1.49]
	at com.mysql.jdbc.NonRegisteringDriver.connect(NonRegisteringDriver.java:323) ~[mysql-connector-java-5.1.49.jar:5.1.49]
	at com.zaxxer.hikari.util.DriverDataSource.getConnection(DriverDataSource.java:138) ~[HikariCP-4.0.3.jar:?]
	at com.zaxxer.hikari.pool.PoolBase.newConnection(PoolBase.java:364) ~[HikariCP-4.0.3.jar:?]
	at com.zaxxer.hikari.pool.PoolBase.newPoolEntry(PoolBase.java:206) ~[HikariCP-4.0.3.jar:?]
	at com.zaxxer.hikari.pool.HikariPool.createPoolEntry(HikariPool.java:476) ~[HikariCP-4.0.3.jar:?]
	at com.zaxxer.hikari.pool.HikariPool.checkFailFast(HikariPool.java:561) ~[HikariCP-4.0.3.jar:?]
	at com.zaxxer.hikari.pool.HikariPool.<init>(HikariPool.java:115) ~[HikariCP-4.0.3.jar:?]
	at com.zaxxer.hikari.HikariDataSource.getConnection(HikariDataSource.java:112) ~[HikariCP-4.0.3.jar:?]
	at org.springframework.jdbc.datasource.DataSourceUtils.fetchConnection(DataSourceUtils.java:159) ~[spring-jdbc-5.3.25.jar:5.3.25]
	at org.springframework.jdbc.datasource.DataSourceUtils.doGetConnection(DataSourceUtils.java:117) ~[spring-jdbc-5.3.25.jar:5.3.25]
	at org.springframework.jdbc.datasource.DataSourceUtils.getConnection(DataSourceUtils.java:80) ~[spring-jdbc-5.3.25.jar:5.3.25]
	at org.mybatis.spring.transaction.SpringManagedTransaction.openConnection(SpringManagedTransaction.java:80) ~[mybatis-spring-2.1.0.jar:2.1.0]
	at org.mybatis.spring.transaction.SpringManagedTransaction.getConnection(SpringManagedTransaction.java:67) ~[mybatis-spring-2.1.0.jar:2.1.0]
	at org.apache.ibatis.executor.BaseExecutor.getConnection(BaseExecutor.java:337) ~[mybatis-3.5.11.jar:3.5.11]
	at org.apache.ibatis.executor.SimpleExecutor.prepareStatement(SimpleExecutor.java:86) ~[mybatis-3.5.11.jar:3.5.11]
	at org.apache.ibatis.executor.SimpleExecutor.doQuery(SimpleExecutor.java:62) ~[mybatis-3.5.11.jar:3.5.11]
	at org.apache.ibatis.executor.BaseExecutor.queryFromDatabase(BaseExecutor.java:325) ~[mybatis-3.5.11.jar:3.5.11]
	at org.apache.ibatis.executor.BaseExecutor.query(BaseExecutor.java:156) ~[mybatis-3.5.11.jar:3.5.11]
	at org.apache.ibatis.executor.CachingExecutor.query(CachingExecutor.java:109) ~[mybatis-3.5.11.jar:3.5.11]
	at com.github.pagehelper.PageInterceptor.intercept(PageInterceptor.java:151) ~[pagehelper-5.3.2.jar:?]
	at org.apache.ibatis.plugin.Plugin.invoke(Plugin.java:62) ~[mybatis-3.5.11.jar:3.5.11]
	at com.sun.proxy.$Proxy131.query(Unknown Source) ~[?:?]
	at org.apache.ibatis.session.defaults.DefaultSqlSession.selectList(DefaultSqlSession.java:151) ~[mybatis-3.5.11.jar:3.5.11]
	at org.apache.ibatis.session.defaults.DefaultSqlSession.selectList(DefaultSqlSession.java:145) ~[mybatis-3.5.11.jar:3.5.11]
	at org.apache.ibatis.session.defaults.DefaultSqlSession.selectList(DefaultSqlSession.java:140) ~[mybatis-3.5.11.jar:3.5.11]
	at org.apache.ibatis.session.defaults.DefaultSqlSession.selectOne(DefaultSqlSession.java:76) ~[mybatis-3.5.11.jar:3.5.11]
	at sun.reflect.NativeMethodAccessorImpl.invoke0(Native Method) ~[?:1.8.0_202]
	at sun.reflect.NativeMethodAccessorImpl.invoke(NativeMethodAccessorImpl.java:62) ~[?:1.8.0_202]
	at sun.reflect.DelegatingMethodAccessorImpl.invoke(DelegatingMethodAccessorImpl.java:43) ~[?:1.8.0_202]
	at java.lang.reflect.Method.invoke(Method.java:498) ~[?:1.8.0_202]
	at org.mybatis.spring.SqlSessionTemplate$SqlSessionInterceptor.invoke(SqlSessionTemplate.java:425) ~[mybatis-spring-2.1.0.jar:2.1.0]
	at com.sun.proxy.$Proxy91.selectOne(Unknown Source) ~[?:?]
	at org.mybatis.spring.SqlSessionTemplate.selectOne(SqlSessionTemplate.java:160) ~[mybatis-spring-2.1.0.jar:2.1.0]
	at org.apache.ibatis.binding.MapperMethod.execute(MapperMethod.java:87) ~[mybatis-3.5.11.jar:3.5.11]
	at org.apache.ibatis.binding.MapperProxy$PlainMethodInvoker.invoke(MapperProxy.java:145) ~[mybatis-3.5.11.jar:3.5.11]
	at org.apache.ibatis.binding.MapperProxy.invoke(MapperProxy.java:86) ~[mybatis-3.5.11.jar:3.5.11]
	at com.sun.proxy.$Proxy109.getUserByAccountAndPassword(Unknown Source) ~[?:?]
	at ma.com.serviceImp.UserServiceImp.getUserByAccountAndPassword(UserServiceImp.java:24) ~[classes/:?]
	at ma.com.controller.UserController.login(UserController.java:38) ~[classes/:?]
	at sun.reflect.NativeMethodAccessorImpl.invoke0(Native Method) ~[?:1.8.0_202]
	at sun.reflect.NativeMethodAccessorImpl.invoke(NativeMethodAccessorImpl.java:62) ~[?:1.8.0_202]
	at sun.reflect.DelegatingMethodAccessorImpl.invoke(DelegatingMethodAccessorImpl.java:43) ~[?:1.8.0_202]
	at java.lang.reflect.Method.invoke(Method.java:498) ~[?:1.8.0_202]
	at org.springframework.web.method.support.InvocableHandlerMethod.doInvoke(InvocableHandlerMethod.java:205) ~[spring-web-5.3.25.jar:5.3.25]
	at org.springframework.web.method.support.InvocableHandlerMethod.invokeForRequest(InvocableHandlerMethod.java:150) ~[spring-web-5.3.25.jar:5.3.25]
	at org.springframework.web.servlet.mvc.method.annotation.ServletInvocableHandlerMethod.invokeAndHandle(ServletInvocableHandlerMethod.java:117) ~[spring-webmvc-5.3.25.jar:5.3.25]
	at org.springframework.web.servlet.mvc.method.annotation.RequestMappingHandlerAdapter.invokeHandlerMethod(RequestMappingHandlerAdapter.java:895) ~[spring-webmvc-5.3.25.jar:5.3.25]
	at org.springframework.web.servlet.mvc.method.annotation.RequestMappingHandlerAdapter.handleInternal(RequestMappingHandlerAdapter.java:808) ~[spring-webmvc-5.3.25.jar:5.3.25]
	at org.springframework.web.servlet.mvc.method.AbstractHandlerMethodAdapter.handle(AbstractHandlerMethodAdapter.java:87) ~[spring-webmvc-5.3.25.jar:5.3.25]
	at org.springframework.web.servlet.DispatcherServlet.doDispatch(DispatcherServlet.java:1071) ~[spring-webmvc-5.3.25.jar:5.3.25]
	at org.springframework.web.servlet.DispatcherServlet.doService(DispatcherServlet.java:964) ~[spring-webmvc-5.3.25.jar:5.3.25]
	at org.springframework.web.servlet.FrameworkServlet.processRequest(FrameworkServlet.java:1006) ~[spring-webmvc-5.3.25.jar:5.3.25]
	at org.springframework.web.servlet.FrameworkServlet.doPost(FrameworkServlet.java:909) ~[spring-webmvc-5.3.25.jar:5.3.25]
	at javax.servlet.http.HttpServlet.service(HttpServlet.java:696) ~[tomcat-embed-core-9.0.71.jar:4.0.FR]
	at org.springframework.web.servlet.FrameworkServlet.service(FrameworkServlet.java:883) ~[spring-webmvc-5.3.25.jar:5.3.25]
	at javax.servlet.http.HttpServlet.service(HttpServlet.java:779) ~[tomcat-embed-core-9.0.71.jar:4.0.FR]
	at org.apache.catalina.core.ApplicationFilterChain.internalDoFilter(ApplicationFilterChain.java:227) ~[tomcat-embed-core-9.0.71.jar:9.0.71]
	at org.apache.catalina.core.ApplicationFilterChain.doFilter(ApplicationFilterChain.java:162) ~[tomcat-embed-core-9.0.71.jar:9.0.71]
	at org.apache.tomcat.websocket.server.WsFilter.doFilter(WsFilter.java:53) ~[tomcat-embed-websocket-9.0.71.jar:9.0.71]
	at org.apache.catalina.core.ApplicationFilterChain.internalDoFilter(ApplicationFilterChain.java:189) ~[tomcat-embed-core-9.0.71.jar:9.0.71]
	at org.apache.catalina.core.ApplicationFilterChain.doFilter(ApplicationFilterChain.java:162) ~[tomcat-embed-core-9.0.71.jar:9.0.71]
	at org.springframework.web.filter.RequestContextFilter.doFilterInternal(RequestContextFilter.java:100) ~[spring-web-5.3.25.jar:5.3.25]
	at org.springframework.web.filter.OncePerRequestFilter.doFilter(OncePerRequestFilter.java:117) ~[spring-web-5.3.25.jar:5.3.25]
	at org.apache.catalina.core.ApplicationFilterChain.internalDoFilter(ApplicationFilterChain.java:189) ~[tomcat-embed-core-9.0.71.jar:9.0.71]
	at org.apache.catalina.core.ApplicationFilterChain.doFilter(ApplicationFilterChain.java:162) ~[tomcat-embed-core-9.0.71.jar:9.0.71]
	at org.springframework.web.filter.FormContentFilter.doFilterInternal(FormContentFilter.java:93) ~[spring-web-5.3.25.jar:5.3.25]
	at org.springframework.web.filter.OncePerRequestFilter.doFilter(OncePerRequestFilter.java:117) ~[spring-web-5.3.25.jar:5.3.25]
	at org.apache.catalina.core.ApplicationFilterChain.internalDoFilter(ApplicationFilterChain.java:189) ~[tomcat-embed-core-9.0.71.jar:9.0.71]
	at org.apache.catalina.core.ApplicationFilterChain.doFilter(ApplicationFilterChain.java:162) ~[tomcat-embed-core-9.0.71.jar:9.0.71]
	at org.springframework.web.filter.CharacterEncodingFilter.doFilterInternal(CharacterEncodingFilter.java:201) ~[spring-web-5.3.25.jar:5.3.25]
	at org.springframework.web.filter.OncePerRequestFilter.doFilter(OncePerRequestFilter.java:117) ~[spring-web-5.3.25.jar:5.3.25]
	at org.apache.catalina.core.ApplicationFilterChain.internalDoFilter(ApplicationFilterChain.java:189) ~[tomcat-embed-core-9.0.71.jar:9.0.71]
	at org.apache.catalina.core.ApplicationFilterChain.doFilter(ApplicationFilterChain.java:162) ~[tomcat-embed-core-9.0.71.jar:9.0.71]
	at org.apache.catalina.core.StandardWrapperValve.invoke(StandardWrapperValve.java:177) ~[tomcat-embed-core-9.0.71.jar:9.0.71]
	at org.apache.catalina.core.StandardContextValve.invoke(StandardContextValve.java:97) ~[tomcat-embed-core-9.0.71.jar:9.0.71]
	at org.apache.catalina.authenticator.AuthenticatorBase.invoke(AuthenticatorBase.java:541) ~[tomcat-embed-core-9.0.71.jar:9.0.71]
	at org.apache.catalina.core.StandardHostValve.invoke(StandardHostValve.java:135) ~[tomcat-embed-core-9.0.71.jar:9.0.71]
	at org.apache.catalina.valves.ErrorReportValve.invoke(ErrorReportValve.java:92) ~[tomcat-embed-core-9.0.71.jar:9.0.71]
	at org.apache.catalina.core.StandardEngineValve.invoke(StandardEngineValve.java:78) ~[tomcat-embed-core-9.0.71.jar:9.0.71]
	at org.apache.catalina.connector.CoyoteAdapter.service(CoyoteAdapter.java:360) ~[tomcat-embed-core-9.0.71.jar:9.0.71]
	at org.apache.coyote.http11.Http11Processor.service(Http11Processor.java:399) ~[tomcat-embed-core-9.0.71.jar:9.0.71]
	at org.apache.coyote.AbstractProcessorLight.process(AbstractProcessorLight.java:65) ~[tomcat-embed-core-9.0.71.jar:9.0.71]
	at org.apache.coyote.AbstractProtocol$ConnectionHandler.process(AbstractProtocol.java:891) ~[tomcat-embed-core-9.0.71.jar:9.0.71]
	at org.apache.tomcat.util.net.NioEndpoint$SocketProcessor.doRun(NioEndpoint.java:1784) ~[tomcat-embed-core-9.0.71.jar:9.0.71]
	at org.apache.tomcat.util.net.SocketProcessorBase.run(SocketProcessorBase.java:49) ~[tomcat-embed-core-9.0.71.jar:9.0.71]
	at org.apache.tomcat.util.threads.ThreadPoolExecutor.runWorker(ThreadPoolExecutor.java:1191) ~[tomcat-embed-core-9.0.71.jar:9.0.71]
	at org.apache.tomcat.util.threads.ThreadPoolExecutor$Worker.run(ThreadPoolExecutor.java:659) ~[tomcat-embed-core-9.0.71.jar:9.0.71]
	at org.apache.tomcat.util.threads.TaskThread$WrappingRunnable.run(TaskThread.java:61) ~[tomcat-embed-core-9.0.71.jar:9.0.71]
	at java.lang.Thread.run(Thread.java:748) ~[?:1.8.0_202]
[2025-04-01 15:43:44:809] [ERROR] - com.zaxxer.hikari.pool.HikariPool.throwPoolInitializationException(HikariPool.java:594) - HikariPool-1 - Exception during pool initialization.
com.mysql.jdbc.exceptions.jdbc4.CommunicationsException: Communications link failure

The last packet sent successfully to the server was 0 milliseconds ago. The driver has not received any packets from the server.
	at sun.reflect.NativeConstructorAccessorImpl.newInstance0(Native Method) ~[?:1.8.0_202]
	at sun.reflect.NativeConstructorAccessorImpl.newInstance(NativeConstructorAccessorImpl.java:62) ~[?:1.8.0_202]
	at sun.reflect.DelegatingConstructorAccessorImpl.newInstance(DelegatingConstructorAccessorImpl.java:45) ~[?:1.8.0_202]
	at java.lang.reflect.Constructor.newInstance(Constructor.java:423) ~[?:1.8.0_202]
	at com.mysql.jdbc.Util.handleNewInstance(Util.java:403) ~[mysql-connector-java-5.1.49.jar:5.1.49]
	at com.mysql.jdbc.SQLError.createCommunicationsException(SQLError.java:990) ~[mysql-connector-java-5.1.49.jar:5.1.49]
	at com.mysql.jdbc.MysqlIO.<init>(MysqlIO.java:335) ~[mysql-connector-java-5.1.49.jar:5.1.49]
	at com.mysql.jdbc.ConnectionImpl.coreConnect(ConnectionImpl.java:2187) ~[mysql-connector-java-5.1.49.jar:5.1.49]
	at com.mysql.jdbc.ConnectionImpl.connectOneTryOnly(ConnectionImpl.java:2220) ~[mysql-connector-java-5.1.49.jar:5.1.49]
	at com.mysql.jdbc.ConnectionImpl.createNewIO(ConnectionImpl.java:2015) ~[mysql-connector-java-5.1.49.jar:5.1.49]
	at com.mysql.jdbc.ConnectionImpl.<init>(ConnectionImpl.java:768) ~[mysql-connector-java-5.1.49.jar:5.1.49]
	at com.mysql.jdbc.JDBC4Connection.<init>(JDBC4Connection.java:47) ~[mysql-connector-java-5.1.49.jar:5.1.49]
	at sun.reflect.NativeConstructorAccessorImpl.newInstance0(Native Method) ~[?:1.8.0_202]
	at sun.reflect.NativeConstructorAccessorImpl.newInstance(NativeConstructorAccessorImpl.java:62) ~[?:1.8.0_202]
	at sun.reflect.DelegatingConstructorAccessorImpl.newInstance(DelegatingConstructorAccessorImpl.java:45) ~[?:1.8.0_202]
	at java.lang.reflect.Constructor.newInstance(Constructor.java:423) ~[?:1.8.0_202]
	at com.mysql.jdbc.Util.handleNewInstance(Util.java:403) ~[mysql-connector-java-5.1.49.jar:5.1.49]
	at com.mysql.jdbc.ConnectionImpl.getInstance(ConnectionImpl.java:385) ~[mysql-connector-java-5.1.49.jar:5.1.49]
	at com.mysql.jdbc.NonRegisteringDriver.connect(NonRegisteringDriver.java:323) ~[mysql-connector-java-5.1.49.jar:5.1.49]
	at com.zaxxer.hikari.util.DriverDataSource.getConnection(DriverDataSource.java:138) ~[HikariCP-4.0.3.jar:?]
	at com.zaxxer.hikari.pool.PoolBase.newConnection(PoolBase.java:364) ~[HikariCP-4.0.3.jar:?]
	at com.zaxxer.hikari.pool.PoolBase.newPoolEntry(PoolBase.java:206) ~[HikariCP-4.0.3.jar:?]
	at com.zaxxer.hikari.pool.HikariPool.createPoolEntry(HikariPool.java:476) ~[HikariCP-4.0.3.jar:?]
	at com.zaxxer.hikari.pool.HikariPool.checkFailFast(HikariPool.java:561) ~[HikariCP-4.0.3.jar:?]
	at com.zaxxer.hikari.pool.HikariPool.<init>(HikariPool.java:115) ~[HikariCP-4.0.3.jar:?]
	at com.zaxxer.hikari.HikariDataSource.getConnection(HikariDataSource.java:112) ~[HikariCP-4.0.3.jar:?]
	at org.springframework.jdbc.datasource.DataSourceUtils.fetchConnection(DataSourceUtils.java:159) ~[spring-jdbc-5.3.25.jar:5.3.25]
	at org.springframework.jdbc.datasource.DataSourceUtils.doGetConnection(DataSourceUtils.java:117) ~[spring-jdbc-5.3.25.jar:5.3.25]
	at org.springframework.jdbc.datasource.DataSourceUtils.getConnection(DataSourceUtils.java:80) ~[spring-jdbc-5.3.25.jar:5.3.25]
	at org.mybatis.spring.transaction.SpringManagedTransaction.openConnection(SpringManagedTransaction.java:80) ~[mybatis-spring-2.1.0.jar:2.1.0]
	at org.mybatis.spring.transaction.SpringManagedTransaction.getConnection(SpringManagedTransaction.java:67) ~[mybatis-spring-2.1.0.jar:2.1.0]
	at org.apache.ibatis.executor.BaseExecutor.getConnection(BaseExecutor.java:337) ~[mybatis-3.5.11.jar:3.5.11]
	at org.apache.ibatis.executor.SimpleExecutor.prepareStatement(SimpleExecutor.java:86) ~[mybatis-3.5.11.jar:3.5.11]
	at org.apache.ibatis.executor.SimpleExecutor.doQuery(SimpleExecutor.java:62) ~[mybatis-3.5.11.jar:3.5.11]
	at org.apache.ibatis.executor.BaseExecutor.queryFromDatabase(BaseExecutor.java:325) ~[mybatis-3.5.11.jar:3.5.11]
	at org.apache.ibatis.executor.BaseExecutor.query(BaseExecutor.java:156) ~[mybatis-3.5.11.jar:3.5.11]
	at org.apache.ibatis.executor.CachingExecutor.query(CachingExecutor.java:109) ~[mybatis-3.5.11.jar:3.5.11]
	at com.github.pagehelper.PageInterceptor.intercept(PageInterceptor.java:151) ~[pagehelper-5.3.2.jar:?]
	at org.apache.ibatis.plugin.Plugin.invoke(Plugin.java:62) ~[mybatis-3.5.11.jar:3.5.11]
	at com.sun.proxy.$Proxy131.query(Unknown Source) ~[?:?]
	at org.apache.ibatis.session.defaults.DefaultSqlSession.selectList(DefaultSqlSession.java:151) ~[mybatis-3.5.11.jar:3.5.11]
	at org.apache.ibatis.session.defaults.DefaultSqlSession.selectList(DefaultSqlSession.java:145) ~[mybatis-3.5.11.jar:3.5.11]
	at org.apache.ibatis.session.defaults.DefaultSqlSession.selectList(DefaultSqlSession.java:140) ~[mybatis-3.5.11.jar:3.5.11]
	at org.apache.ibatis.session.defaults.DefaultSqlSession.selectOne(DefaultSqlSession.java:76) ~[mybatis-3.5.11.jar:3.5.11]
	at sun.reflect.NativeMethodAccessorImpl.invoke0(Native Method) ~[?:1.8.0_202]
	at sun.reflect.NativeMethodAccessorImpl.invoke(NativeMethodAccessorImpl.java:62) ~[?:1.8.0_202]
	at sun.reflect.DelegatingMethodAccessorImpl.invoke(DelegatingMethodAccessorImpl.java:43) ~[?:1.8.0_202]
	at java.lang.reflect.Method.invoke(Method.java:498) ~[?:1.8.0_202]
	at org.mybatis.spring.SqlSessionTemplate$SqlSessionInterceptor.invoke(SqlSessionTemplate.java:425) ~[mybatis-spring-2.1.0.jar:2.1.0]
	at com.sun.proxy.$Proxy91.selectOne(Unknown Source) ~[?:?]
	at org.mybatis.spring.SqlSessionTemplate.selectOne(SqlSessionTemplate.java:160) ~[mybatis-spring-2.1.0.jar:2.1.0]
	at org.apache.ibatis.binding.MapperMethod.execute(MapperMethod.java:87) ~[mybatis-3.5.11.jar:3.5.11]
	at org.apache.ibatis.binding.MapperProxy$PlainMethodInvoker.invoke(MapperProxy.java:145) ~[mybatis-3.5.11.jar:3.5.11]
	at org.apache.ibatis.binding.MapperProxy.invoke(MapperProxy.java:86) ~[mybatis-3.5.11.jar:3.5.11]
	at com.sun.proxy.$Proxy109.getUserByAccountAndPassword(Unknown Source) ~[?:?]
	at ma.com.serviceImp.UserServiceImp.getUserByAccountAndPassword(UserServiceImp.java:24) ~[classes/:?]
	at ma.com.controller.UserController.login(UserController.java:38) ~[classes/:?]
	at sun.reflect.NativeMethodAccessorImpl.invoke0(Native Method) ~[?:1.8.0_202]
	at sun.reflect.NativeMethodAccessorImpl.invoke(NativeMethodAccessorImpl.java:62) ~[?:1.8.0_202]
	at sun.reflect.DelegatingMethodAccessorImpl.invoke(DelegatingMethodAccessorImpl.java:43) ~[?:1.8.0_202]
	at java.lang.reflect.Method.invoke(Method.java:498) ~[?:1.8.0_202]
	at org.springframework.web.method.support.InvocableHandlerMethod.doInvoke(InvocableHandlerMethod.java:205) ~[spring-web-5.3.25.jar:5.3.25]
	at org.springframework.web.method.support.InvocableHandlerMethod.invokeForRequest(InvocableHandlerMethod.java:150) ~[spring-web-5.3.25.jar:5.3.25]
	at org.springframework.web.servlet.mvc.method.annotation.ServletInvocableHandlerMethod.invokeAndHandle(ServletInvocableHandlerMethod.java:117) ~[spring-webmvc-5.3.25.jar:5.3.25]
	at org.springframework.web.servlet.mvc.method.annotation.RequestMappingHandlerAdapter.invokeHandlerMethod(RequestMappingHandlerAdapter.java:895) ~[spring-webmvc-5.3.25.jar:5.3.25]
	at org.springframework.web.servlet.mvc.method.annotation.RequestMappingHandlerAdapter.handleInternal(RequestMappingHandlerAdapter.java:808) ~[spring-webmvc-5.3.25.jar:5.3.25]
	at org.springframework.web.servlet.mvc.method.AbstractHandlerMethodAdapter.handle(AbstractHandlerMethodAdapter.java:87) ~[spring-webmvc-5.3.25.jar:5.3.25]
	at org.springframework.web.servlet.DispatcherServlet.doDispatch(DispatcherServlet.java:1071) ~[spring-webmvc-5.3.25.jar:5.3.25]
	at org.springframework.web.servlet.DispatcherServlet.doService(DispatcherServlet.java:964) ~[spring-webmvc-5.3.25.jar:5.3.25]
	at org.springframework.web.servlet.FrameworkServlet.processRequest(FrameworkServlet.java:1006) ~[spring-webmvc-5.3.25.jar:5.3.25]
	at org.springframework.web.servlet.FrameworkServlet.doPost(FrameworkServlet.java:909) ~[spring-webmvc-5.3.25.jar:5.3.25]
	at javax.servlet.http.HttpServlet.service(HttpServlet.java:696) ~[tomcat-embed-core-9.0.71.jar:4.0.FR]
	at org.springframework.web.servlet.FrameworkServlet.service(FrameworkServlet.java:883) ~[spring-webmvc-5.3.25.jar:5.3.25]
	at javax.servlet.http.HttpServlet.service(HttpServlet.java:779) ~[tomcat-embed-core-9.0.71.jar:4.0.FR]
	at org.apache.catalina.core.ApplicationFilterChain.internalDoFilter(ApplicationFilterChain.java:227) ~[tomcat-embed-core-9.0.71.jar:9.0.71]
	at org.apache.catalina.core.ApplicationFilterChain.doFilter(ApplicationFilterChain.java:162) ~[tomcat-embed-core-9.0.71.jar:9.0.71]
	at org.apache.tomcat.websocket.server.WsFilter.doFilter(WsFilter.java:53) ~[tomcat-embed-websocket-9.0.71.jar:9.0.71]
	at org.apache.catalina.core.ApplicationFilterChain.internalDoFilter(ApplicationFilterChain.java:189) ~[tomcat-embed-core-9.0.71.jar:9.0.71]
	at org.apache.catalina.core.ApplicationFilterChain.doFilter(ApplicationFilterChain.java:162) ~[tomcat-embed-core-9.0.71.jar:9.0.71]
	at org.springframework.web.filter.RequestContextFilter.doFilterInternal(RequestContextFilter.java:100) ~[spring-web-5.3.25.jar:5.3.25]
	at org.springframework.web.filter.OncePerRequestFilter.doFilter(OncePerRequestFilter.java:117) ~[spring-web-5.3.25.jar:5.3.25]
	at org.apache.catalina.core.ApplicationFilterChain.internalDoFilter(ApplicationFilterChain.java:189) ~[tomcat-embed-core-9.0.71.jar:9.0.71]
	at org.apache.catalina.core.ApplicationFilterChain.doFilter(ApplicationFilterChain.java:162) ~[tomcat-embed-core-9.0.71.jar:9.0.71]
	at org.springframework.web.filter.FormContentFilter.doFilterInternal(FormContentFilter.java:93) ~[spring-web-5.3.25.jar:5.3.25]
	at org.springframework.web.filter.OncePerRequestFilter.doFilter(OncePerRequestFilter.java:117) ~[spring-web-5.3.25.jar:5.3.25]
	at org.apache.catalina.core.ApplicationFilterChain.internalDoFilter(ApplicationFilterChain.java:189) ~[tomcat-embed-core-9.0.71.jar:9.0.71]
	at org.apache.catalina.core.ApplicationFilterChain.doFilter(ApplicationFilterChain.java:162) ~[tomcat-embed-core-9.0.71.jar:9.0.71]
	at org.springframework.web.filter.CharacterEncodingFilter.doFilterInternal(CharacterEncodingFilter.java:201) ~[spring-web-5.3.25.jar:5.3.25]
	at org.springframework.web.filter.OncePerRequestFilter.doFilter(OncePerRequestFilter.java:117) ~[spring-web-5.3.25.jar:5.3.25]
	at org.apache.catalina.core.ApplicationFilterChain.internalDoFilter(ApplicationFilterChain.java:189) ~[tomcat-embed-core-9.0.71.jar:9.0.71]
	at org.apache.catalina.core.ApplicationFilterChain.doFilter(ApplicationFilterChain.java:162) ~[tomcat-embed-core-9.0.71.jar:9.0.71]
	at org.apache.catalina.core.StandardWrapperValve.invoke(StandardWrapperValve.java:177) ~[tomcat-embed-core-9.0.71.jar:9.0.71]
	at org.apache.catalina.core.StandardContextValve.invoke(StandardContextValve.java:97) ~[tomcat-embed-core-9.0.71.jar:9.0.71]
	at org.apache.catalina.authenticator.AuthenticatorBase.invoke(AuthenticatorBase.java:541) ~[tomcat-embed-core-9.0.71.jar:9.0.71]
	at org.apache.catalina.core.StandardHostValve.invoke(StandardHostValve.java:135) ~[tomcat-embed-core-9.0.71.jar:9.0.71]
	at org.apache.catalina.valves.ErrorReportValve.invoke(ErrorReportValve.java:92) ~[tomcat-embed-core-9.0.71.jar:9.0.71]
	at org.apache.catalina.core.StandardEngineValve.invoke(StandardEngineValve.java:78) ~[tomcat-embed-core-9.0.71.jar:9.0.71]
	at org.apache.catalina.connector.CoyoteAdapter.service(CoyoteAdapter.java:360) ~[tomcat-embed-core-9.0.71.jar:9.0.71]
	at org.apache.coyote.http11.Http11Processor.service(Http11Processor.java:399) ~[tomcat-embed-core-9.0.71.jar:9.0.71]
	at org.apache.coyote.AbstractProcessorLight.process(AbstractProcessorLight.java:65) ~[tomcat-embed-core-9.0.71.jar:9.0.71]
	at org.apache.coyote.AbstractProtocol$ConnectionHandler.process(AbstractProtocol.java:891) ~[tomcat-embed-core-9.0.71.jar:9.0.71]
	at org.apache.tomcat.util.net.NioEndpoint$SocketProcessor.doRun(NioEndpoint.java:1784) ~[tomcat-embed-core-9.0.71.jar:9.0.71]
	at org.apache.tomcat.util.net.SocketProcessorBase.run(SocketProcessorBase.java:49) ~[tomcat-embed-core-9.0.71.jar:9.0.71]
	at org.apache.tomcat.util.threads.ThreadPoolExecutor.runWorker(ThreadPoolExecutor.java:1191) ~[tomcat-embed-core-9.0.71.jar:9.0.71]
	at org.apache.tomcat.util.threads.ThreadPoolExecutor$Worker.run(ThreadPoolExecutor.java:659) ~[tomcat-embed-core-9.0.71.jar:9.0.71]
	at org.apache.tomcat.util.threads.TaskThread$WrappingRunnable.run(TaskThread.java:61) ~[tomcat-embed-core-9.0.71.jar:9.0.71]
	at java.lang.Thread.run(Thread.java:748) ~[?:1.8.0_202]
Caused by: java.net.ConnectException: Connection timed out: connect
	at java.net.DualStackPlainSocketImpl.waitForConnect(Native Method) ~[?:1.8.0_202]
	at java.net.DualStackPlainSocketImpl.socketConnect(DualStackPlainSocketImpl.java:85) ~[?:1.8.0_202]
	at java.net.AbstractPlainSocketImpl.doConnect(AbstractPlainSocketImpl.java:350) ~[?:1.8.0_202]
	at java.net.AbstractPlainSocketImpl.connectToAddress(AbstractPlainSocketImpl.java:206) ~[?:1.8.0_202]
	at java.net.AbstractPlainSocketImpl.connect(AbstractPlainSocketImpl.java:188) ~[?:1.8.0_202]
	at java.net.PlainSocketImpl.connect(PlainSocketImpl.java:172) ~[?:1.8.0_202]
	at java.net.SocksSocketImpl.connect(SocksSocketImpl.java:392) ~[?:1.8.0_202]
	at java.net.Socket.connect(Socket.java:589) ~[?:1.8.0_202]
	at com.mysql.jdbc.StandardSocketFactory.connect(StandardSocketFactory.java:211) ~[mysql-connector-java-5.1.49.jar:5.1.49]
	at com.mysql.jdbc.MysqlIO.<init>(MysqlIO.java:299) ~[mysql-connector-java-5.1.49.jar:5.1.49]
	... 100 more
[2025-04-01 15:43:44:812] [ERROR] - org.apache.juli.logging.DirectJDKLog.log(DirectJDKLog.java:175) - Servlet.service() for servlet [dispatcherServlet] in context with path [] threw exception [Request processing failed; nested exception is org.mybatis.spring.MyBatisSystemException: nested exception is org.apache.ibatis.exceptions.PersistenceException: 
### Error querying database.  Cause: org.springframework.jdbc.CannotGetJdbcConnectionException: Failed to obtain JDBC Connection; nested exception is com.mysql.jdbc.exceptions.jdbc4.CommunicationsException: Communications link failure

The last packet sent successfully to the server was 0 milliseconds ago. The driver has not received any packets from the server.
### The error may exist in file [E:\computer2\computer1\ifly\target\classes\mapper\userMapper.xml]
### The error may involve ma.com.mapper.UserMapper.getUserByAccountAndPassword
### The error occurred while executing a query
### Cause: org.springframework.jdbc.CannotGetJdbcConnectionException: Failed to obtain JDBC Connection; nested exception is com.mysql.jdbc.exceptions.jdbc4.CommunicationsException: Communications link failure

The last packet sent successfully to the server was 0 milliseconds ago. The driver has not received any packets from the server.] with root cause
java.net.ConnectException: Connection timed out: connect
	at java.net.DualStackPlainSocketImpl.waitForConnect(Native Method) ~[?:1.8.0_202]
	at java.net.DualStackPlainSocketImpl.socketConnect(DualStackPlainSocketImpl.java:85) ~[?:1.8.0_202]
	at java.net.AbstractPlainSocketImpl.doConnect(AbstractPlainSocketImpl.java:350) ~[?:1.8.0_202]
	at java.net.AbstractPlainSocketImpl.connectToAddress(AbstractPlainSocketImpl.java:206) ~[?:1.8.0_202]
	at java.net.AbstractPlainSocketImpl.connect(AbstractPlainSocketImpl.java:188) ~[?:1.8.0_202]
	at java.net.PlainSocketImpl.connect(PlainSocketImpl.java:172) ~[?:1.8.0_202]
	at java.net.SocksSocketImpl.connect(SocksSocketImpl.java:392) ~[?:1.8.0_202]
	at java.net.Socket.connect(Socket.java:589) ~[?:1.8.0_202]
	at com.mysql.jdbc.StandardSocketFactory.connect(StandardSocketFactory.java:211) ~[mysql-connector-java-5.1.49.jar:5.1.49]
	at com.mysql.jdbc.MysqlIO.<init>(MysqlIO.java:299) ~[mysql-connector-java-5.1.49.jar:5.1.49]
	at com.mysql.jdbc.ConnectionImpl.coreConnect(ConnectionImpl.java:2187) ~[mysql-connector-java-5.1.49.jar:5.1.49]
	at com.mysql.jdbc.ConnectionImpl.connectOneTryOnly(ConnectionImpl.java:2220) ~[mysql-connector-java-5.1.49.jar:5.1.49]
	at com.mysql.jdbc.ConnectionImpl.createNewIO(ConnectionImpl.java:2015) ~[mysql-connector-java-5.1.49.jar:5.1.49]
	at com.mysql.jdbc.ConnectionImpl.<init>(ConnectionImpl.java:768) ~[mysql-connector-java-5.1.49.jar:5.1.49]
	at com.mysql.jdbc.JDBC4Connection.<init>(JDBC4Connection.java:47) ~[mysql-connector-java-5.1.49.jar:5.1.49]
	at sun.reflect.NativeConstructorAccessorImpl.newInstance0(Native Method) ~[?:1.8.0_202]
	at sun.reflect.NativeConstructorAccessorImpl.newInstance(NativeConstructorAccessorImpl.java:62) ~[?:1.8.0_202]
	at sun.reflect.DelegatingConstructorAccessorImpl.newInstance(DelegatingConstructorAccessorImpl.java:45) ~[?:1.8.0_202]
	at java.lang.reflect.Constructor.newInstance(Constructor.java:423) ~[?:1.8.0_202]
	at com.mysql.jdbc.Util.handleNewInstance(Util.java:403) ~[mysql-connector-java-5.1.49.jar:5.1.49]
	at com.mysql.jdbc.ConnectionImpl.getInstance(ConnectionImpl.java:385) ~[mysql-connector-java-5.1.49.jar:5.1.49]
	at com.mysql.jdbc.NonRegisteringDriver.connect(NonRegisteringDriver.java:323) ~[mysql-connector-java-5.1.49.jar:5.1.49]
	at com.zaxxer.hikari.util.DriverDataSource.getConnection(DriverDataSource.java:138) ~[HikariCP-4.0.3.jar:?]
	at com.zaxxer.hikari.pool.PoolBase.newConnection(PoolBase.java:364) ~[HikariCP-4.0.3.jar:?]
	at com.zaxxer.hikari.pool.PoolBase.newPoolEntry(PoolBase.java:206) ~[HikariCP-4.0.3.jar:?]
	at com.zaxxer.hikari.pool.HikariPool.createPoolEntry(HikariPool.java:476) ~[HikariCP-4.0.3.jar:?]
	at com.zaxxer.hikari.pool.HikariPool.checkFailFast(HikariPool.java:561) ~[HikariCP-4.0.3.jar:?]
	at com.zaxxer.hikari.pool.HikariPool.<init>(HikariPool.java:115) ~[HikariCP-4.0.3.jar:?]
	at com.zaxxer.hikari.HikariDataSource.getConnection(HikariDataSource.java:112) ~[HikariCP-4.0.3.jar:?]
	at org.springframework.jdbc.datasource.DataSourceUtils.fetchConnection(DataSourceUtils.java:159) ~[spring-jdbc-5.3.25.jar:5.3.25]
	at org.springframework.jdbc.datasource.DataSourceUtils.doGetConnection(DataSourceUtils.java:117) ~[spring-jdbc-5.3.25.jar:5.3.25]
	at org.springframework.jdbc.datasource.DataSourceUtils.getConnection(DataSourceUtils.java:80) ~[spring-jdbc-5.3.25.jar:5.3.25]
	at org.mybatis.spring.transaction.SpringManagedTransaction.openConnection(SpringManagedTransaction.java:80) ~[mybatis-spring-2.1.0.jar:2.1.0]
	at org.mybatis.spring.transaction.SpringManagedTransaction.getConnection(SpringManagedTransaction.java:67) ~[mybatis-spring-2.1.0.jar:2.1.0]
	at org.apache.ibatis.executor.BaseExecutor.getConnection(BaseExecutor.java:337) ~[mybatis-3.5.11.jar:3.5.11]
	at org.apache.ibatis.executor.SimpleExecutor.prepareStatement(SimpleExecutor.java:86) ~[mybatis-3.5.11.jar:3.5.11]
	at org.apache.ibatis.executor.SimpleExecutor.doQuery(SimpleExecutor.java:62) ~[mybatis-3.5.11.jar:3.5.11]
	at org.apache.ibatis.executor.BaseExecutor.queryFromDatabase(BaseExecutor.java:325) ~[mybatis-3.5.11.jar:3.5.11]
	at org.apache.ibatis.executor.BaseExecutor.query(BaseExecutor.java:156) ~[mybatis-3.5.11.jar:3.5.11]
	at org.apache.ibatis.executor.CachingExecutor.query(CachingExecutor.java:109) ~[mybatis-3.5.11.jar:3.5.11]
	at com.github.pagehelper.PageInterceptor.intercept(PageInterceptor.java:151) ~[pagehelper-5.3.2.jar:?]
	at org.apache.ibatis.plugin.Plugin.invoke(Plugin.java:62) ~[mybatis-3.5.11.jar:3.5.11]
	at com.sun.proxy.$Proxy131.query(Unknown Source) ~[?:?]
	at org.apache.ibatis.session.defaults.DefaultSqlSession.selectList(DefaultSqlSession.java:151) ~[mybatis-3.5.11.jar:3.5.11]
	at org.apache.ibatis.session.defaults.DefaultSqlSession.selectList(DefaultSqlSession.java:145) ~[mybatis-3.5.11.jar:3.5.11]
	at org.apache.ibatis.session.defaults.DefaultSqlSession.selectList(DefaultSqlSession.java:140) ~[mybatis-3.5.11.jar:3.5.11]
	at org.apache.ibatis.session.defaults.DefaultSqlSession.selectOne(DefaultSqlSession.java:76) ~[mybatis-3.5.11.jar:3.5.11]
	at sun.reflect.NativeMethodAccessorImpl.invoke0(Native Method) ~[?:1.8.0_202]
	at sun.reflect.NativeMethodAccessorImpl.invoke(NativeMethodAccessorImpl.java:62) ~[?:1.8.0_202]
	at sun.reflect.DelegatingMethodAccessorImpl.invoke(DelegatingMethodAccessorImpl.java:43) ~[?:1.8.0_202]
	at java.lang.reflect.Method.invoke(Method.java:498) ~[?:1.8.0_202]
	at org.mybatis.spring.SqlSessionTemplate$SqlSessionInterceptor.invoke(SqlSessionTemplate.java:425) ~[mybatis-spring-2.1.0.jar:2.1.0]
	at com.sun.proxy.$Proxy91.selectOne(Unknown Source) ~[?:?]
	at org.mybatis.spring.SqlSessionTemplate.selectOne(SqlSessionTemplate.java:160) ~[mybatis-spring-2.1.0.jar:2.1.0]
	at org.apache.ibatis.binding.MapperMethod.execute(MapperMethod.java:87) ~[mybatis-3.5.11.jar:3.5.11]
	at org.apache.ibatis.binding.MapperProxy$PlainMethodInvoker.invoke(MapperProxy.java:145) ~[mybatis-3.5.11.jar:3.5.11]
	at org.apache.ibatis.binding.MapperProxy.invoke(MapperProxy.java:86) ~[mybatis-3.5.11.jar:3.5.11]
	at com.sun.proxy.$Proxy109.getUserByAccountAndPassword(Unknown Source) ~[?:?]
	at ma.com.serviceImp.UserServiceImp.getUserByAccountAndPassword(UserServiceImp.java:24) ~[classes/:?]
	at ma.com.controller.UserController.login(UserController.java:38) ~[classes/:?]
	at sun.reflect.NativeMethodAccessorImpl.invoke0(Native Method) ~[?:1.8.0_202]
	at sun.reflect.NativeMethodAccessorImpl.invoke(NativeMethodAccessorImpl.java:62) ~[?:1.8.0_202]
	at sun.reflect.DelegatingMethodAccessorImpl.invoke(DelegatingMethodAccessorImpl.java:43) ~[?:1.8.0_202]
	at java.lang.reflect.Method.invoke(Method.java:498) ~[?:1.8.0_202]
	at org.springframework.web.method.support.InvocableHandlerMethod.doInvoke(InvocableHandlerMethod.java:205) ~[spring-web-5.3.25.jar:5.3.25]
	at org.springframework.web.method.support.InvocableHandlerMethod.invokeForRequest(InvocableHandlerMethod.java:150) ~[spring-web-5.3.25.jar:5.3.25]
	at org.springframework.web.servlet.mvc.method.annotation.ServletInvocableHandlerMethod.invokeAndHandle(ServletInvocableHandlerMethod.java:117) ~[spring-webmvc-5.3.25.jar:5.3.25]
	at org.springframework.web.servlet.mvc.method.annotation.RequestMappingHandlerAdapter.invokeHandlerMethod(RequestMappingHandlerAdapter.java:895) ~[spring-webmvc-5.3.25.jar:5.3.25]
	at org.springframework.web.servlet.mvc.method.annotation.RequestMappingHandlerAdapter.handleInternal(RequestMappingHandlerAdapter.java:808) ~[spring-webmvc-5.3.25.jar:5.3.25]
	at org.springframework.web.servlet.mvc.method.AbstractHandlerMethodAdapter.handle(AbstractHandlerMethodAdapter.java:87) ~[spring-webmvc-5.3.25.jar:5.3.25]
	at org.springframework.web.servlet.DispatcherServlet.doDispatch(DispatcherServlet.java:1071) ~[spring-webmvc-5.3.25.jar:5.3.25]
	at org.springframework.web.servlet.DispatcherServlet.doService(DispatcherServlet.java:964) ~[spring-webmvc-5.3.25.jar:5.3.25]
	at org.springframework.web.servlet.FrameworkServlet.processRequest(FrameworkServlet.java:1006) ~[spring-webmvc-5.3.25.jar:5.3.25]
	at org.springframework.web.servlet.FrameworkServlet.doPost(FrameworkServlet.java:909) ~[spring-webmvc-5.3.25.jar:5.3.25]
	at javax.servlet.http.HttpServlet.service(HttpServlet.java:696) ~[tomcat-embed-core-9.0.71.jar:4.0.FR]
	at org.springframework.web.servlet.FrameworkServlet.service(FrameworkServlet.java:883) ~[spring-webmvc-5.3.25.jar:5.3.25]
	at javax.servlet.http.HttpServlet.service(HttpServlet.java:779) ~[tomcat-embed-core-9.0.71.jar:4.0.FR]
	at org.apache.catalina.core.ApplicationFilterChain.internalDoFilter(ApplicationFilterChain.java:227) ~[tomcat-embed-core-9.0.71.jar:9.0.71]
	at org.apache.catalina.core.ApplicationFilterChain.doFilter(ApplicationFilterChain.java:162) ~[tomcat-embed-core-9.0.71.jar:9.0.71]
	at org.apache.tomcat.websocket.server.WsFilter.doFilter(WsFilter.java:53) ~[tomcat-embed-websocket-9.0.71.jar:9.0.71]
	at org.apache.catalina.core.ApplicationFilterChain.internalDoFilter(ApplicationFilterChain.java:189) ~[tomcat-embed-core-9.0.71.jar:9.0.71]
	at org.apache.catalina.core.ApplicationFilterChain.doFilter(ApplicationFilterChain.java:162) ~[tomcat-embed-core-9.0.71.jar:9.0.71]
	at org.springframework.web.filter.RequestContextFilter.doFilterInternal(RequestContextFilter.java:100) ~[spring-web-5.3.25.jar:5.3.25]
	at org.springframework.web.filter.OncePerRequestFilter.doFilter(OncePerRequestFilter.java:117) ~[spring-web-5.3.25.jar:5.3.25]
	at org.apache.catalina.core.ApplicationFilterChain.internalDoFilter(ApplicationFilterChain.java:189) ~[tomcat-embed-core-9.0.71.jar:9.0.71]
	at org.apache.catalina.core.ApplicationFilterChain.doFilter(ApplicationFilterChain.java:162) ~[tomcat-embed-core-9.0.71.jar:9.0.71]
	at org.springframework.web.filter.FormContentFilter.doFilterInternal(FormContentFilter.java:93) ~[spring-web-5.3.25.jar:5.3.25]
	at org.springframework.web.filter.OncePerRequestFilter.doFilter(OncePerRequestFilter.java:117) ~[spring-web-5.3.25.jar:5.3.25]
	at org.apache.catalina.core.ApplicationFilterChain.internalDoFilter(ApplicationFilterChain.java:189) ~[tomcat-embed-core-9.0.71.jar:9.0.71]
	at org.apache.catalina.core.ApplicationFilterChain.doFilter(ApplicationFilterChain.java:162) ~[tomcat-embed-core-9.0.71.jar:9.0.71]
	at org.springframework.web.filter.CharacterEncodingFilter.doFilterInternal(CharacterEncodingFilter.java:201) ~[spring-web-5.3.25.jar:5.3.25]
	at org.springframework.web.filter.OncePerRequestFilter.doFilter(OncePerRequestFilter.java:117) ~[spring-web-5.3.25.jar:5.3.25]
	at org.apache.catalina.core.ApplicationFilterChain.internalDoFilter(ApplicationFilterChain.java:189) ~[tomcat-embed-core-9.0.71.jar:9.0.71]
	at org.apache.catalina.core.ApplicationFilterChain.doFilter(ApplicationFilterChain.java:162) ~[tomcat-embed-core-9.0.71.jar:9.0.71]
	at org.apache.catalina.core.StandardWrapperValve.invoke(StandardWrapperValve.java:177) ~[tomcat-embed-core-9.0.71.jar:9.0.71]
	at org.apache.catalina.core.StandardContextValve.invoke(StandardContextValve.java:97) ~[tomcat-embed-core-9.0.71.jar:9.0.71]
	at org.apache.catalina.authenticator.AuthenticatorBase.invoke(AuthenticatorBase.java:541) ~[tomcat-embed-core-9.0.71.jar:9.0.71]
	at org.apache.catalina.core.StandardHostValve.invoke(StandardHostValve.java:135) ~[tomcat-embed-core-9.0.71.jar:9.0.71]
	at org.apache.catalina.valves.ErrorReportValve.invoke(ErrorReportValve.java:92) ~[tomcat-embed-core-9.0.71.jar:9.0.71]
	at org.apache.catalina.core.StandardEngineValve.invoke(StandardEngineValve.java:78) ~[tomcat-embed-core-9.0.71.jar:9.0.71]
	at org.apache.catalina.connector.CoyoteAdapter.service(CoyoteAdapter.java:360) ~[tomcat-embed-core-9.0.71.jar:9.0.71]
	at org.apache.coyote.http11.Http11Processor.service(Http11Processor.java:399) ~[tomcat-embed-core-9.0.71.jar:9.0.71]
	at org.apache.coyote.AbstractProcessorLight.process(AbstractProcessorLight.java:65) ~[tomcat-embed-core-9.0.71.jar:9.0.71]
	at org.apache.coyote.AbstractProtocol$ConnectionHandler.process(AbstractProtocol.java:891) ~[tomcat-embed-core-9.0.71.jar:9.0.71]
	at org.apache.tomcat.util.net.NioEndpoint$SocketProcessor.doRun(NioEndpoint.java:1784) ~[tomcat-embed-core-9.0.71.jar:9.0.71]
	at org.apache.tomcat.util.net.SocketProcessorBase.run(SocketProcessorBase.java:49) ~[tomcat-embed-core-9.0.71.jar:9.0.71]
	at org.apache.tomcat.util.threads.ThreadPoolExecutor.runWorker(ThreadPoolExecutor.java:1191) ~[tomcat-embed-core-9.0.71.jar:9.0.71]
	at org.apache.tomcat.util.threads.ThreadPoolExecutor$Worker.run(ThreadPoolExecutor.java:659) ~[tomcat-embed-core-9.0.71.jar:9.0.71]
	at org.apache.tomcat.util.threads.TaskThread$WrappingRunnable.run(TaskThread.java:61) ~[tomcat-embed-core-9.0.71.jar:9.0.71]
	at java.lang.Thread.run(Thread.java:748) ~[?:1.8.0_202]
[2025-04-01 15:44:06:900] [ERROR] - com.zaxxer.hikari.pool.HikariPool.throwPoolInitializationException(HikariPool.java:594) - HikariPool-1 - Exception during pool initialization.
com.mysql.jdbc.exceptions.jdbc4.CommunicationsException: Communications link failure

The last packet sent successfully to the server was 0 milliseconds ago. The driver has not received any packets from the server.
	at sun.reflect.NativeConstructorAccessorImpl.newInstance0(Native Method) ~[?:1.8.0_202]
	at sun.reflect.NativeConstructorAccessorImpl.newInstance(NativeConstructorAccessorImpl.java:62) ~[?:1.8.0_202]
	at sun.reflect.DelegatingConstructorAccessorImpl.newInstance(DelegatingConstructorAccessorImpl.java:45) ~[?:1.8.0_202]
	at java.lang.reflect.Constructor.newInstance(Constructor.java:423) ~[?:1.8.0_202]
	at com.mysql.jdbc.Util.handleNewInstance(Util.java:403) ~[mysql-connector-java-5.1.49.jar:5.1.49]
	at com.mysql.jdbc.SQLError.createCommunicationsException(SQLError.java:990) ~[mysql-connector-java-5.1.49.jar:5.1.49]
	at com.mysql.jdbc.MysqlIO.<init>(MysqlIO.java:335) ~[mysql-connector-java-5.1.49.jar:5.1.49]
	at com.mysql.jdbc.ConnectionImpl.coreConnect(ConnectionImpl.java:2187) ~[mysql-connector-java-5.1.49.jar:5.1.49]
	at com.mysql.jdbc.ConnectionImpl.connectOneTryOnly(ConnectionImpl.java:2220) ~[mysql-connector-java-5.1.49.jar:5.1.49]
	at com.mysql.jdbc.ConnectionImpl.createNewIO(ConnectionImpl.java:2015) ~[mysql-connector-java-5.1.49.jar:5.1.49]
	at com.mysql.jdbc.ConnectionImpl.<init>(ConnectionImpl.java:768) ~[mysql-connector-java-5.1.49.jar:5.1.49]
	at com.mysql.jdbc.JDBC4Connection.<init>(JDBC4Connection.java:47) ~[mysql-connector-java-5.1.49.jar:5.1.49]
	at sun.reflect.NativeConstructorAccessorImpl.newInstance0(Native Method) ~[?:1.8.0_202]
	at sun.reflect.NativeConstructorAccessorImpl.newInstance(NativeConstructorAccessorImpl.java:62) ~[?:1.8.0_202]
	at sun.reflect.DelegatingConstructorAccessorImpl.newInstance(DelegatingConstructorAccessorImpl.java:45) ~[?:1.8.0_202]
	at java.lang.reflect.Constructor.newInstance(Constructor.java:423) ~[?:1.8.0_202]
	at com.mysql.jdbc.Util.handleNewInstance(Util.java:403) ~[mysql-connector-java-5.1.49.jar:5.1.49]
	at com.mysql.jdbc.ConnectionImpl.getInstance(ConnectionImpl.java:385) ~[mysql-connector-java-5.1.49.jar:5.1.49]
	at com.mysql.jdbc.NonRegisteringDriver.connect(NonRegisteringDriver.java:323) ~[mysql-connector-java-5.1.49.jar:5.1.49]
	at com.zaxxer.hikari.util.DriverDataSource.getConnection(DriverDataSource.java:138) ~[HikariCP-4.0.3.jar:?]
	at com.zaxxer.hikari.pool.PoolBase.newConnection(PoolBase.java:364) ~[HikariCP-4.0.3.jar:?]
	at com.zaxxer.hikari.pool.PoolBase.newPoolEntry(PoolBase.java:206) ~[HikariCP-4.0.3.jar:?]
	at com.zaxxer.hikari.pool.HikariPool.createPoolEntry(HikariPool.java:476) ~[HikariCP-4.0.3.jar:?]
	at com.zaxxer.hikari.pool.HikariPool.checkFailFast(HikariPool.java:561) ~[HikariCP-4.0.3.jar:?]
	at com.zaxxer.hikari.pool.HikariPool.<init>(HikariPool.java:115) ~[HikariCP-4.0.3.jar:?]
	at com.zaxxer.hikari.HikariDataSource.getConnection(HikariDataSource.java:112) ~[HikariCP-4.0.3.jar:?]
	at org.springframework.jdbc.datasource.DataSourceUtils.fetchConnection(DataSourceUtils.java:159) ~[spring-jdbc-5.3.25.jar:5.3.25]
	at org.springframework.jdbc.datasource.DataSourceUtils.doGetConnection(DataSourceUtils.java:117) ~[spring-jdbc-5.3.25.jar:5.3.25]
	at org.springframework.jdbc.datasource.DataSourceUtils.getConnection(DataSourceUtils.java:80) ~[spring-jdbc-5.3.25.jar:5.3.25]
	at org.mybatis.spring.transaction.SpringManagedTransaction.openConnection(SpringManagedTransaction.java:80) ~[mybatis-spring-2.1.0.jar:2.1.0]
	at org.mybatis.spring.transaction.SpringManagedTransaction.getConnection(SpringManagedTransaction.java:67) ~[mybatis-spring-2.1.0.jar:2.1.0]
	at org.apache.ibatis.executor.BaseExecutor.getConnection(BaseExecutor.java:337) ~[mybatis-3.5.11.jar:3.5.11]
	at org.apache.ibatis.executor.SimpleExecutor.prepareStatement(SimpleExecutor.java:86) ~[mybatis-3.5.11.jar:3.5.11]
	at org.apache.ibatis.executor.SimpleExecutor.doQuery(SimpleExecutor.java:62) ~[mybatis-3.5.11.jar:3.5.11]
	at org.apache.ibatis.executor.BaseExecutor.queryFromDatabase(BaseExecutor.java:325) ~[mybatis-3.5.11.jar:3.5.11]
	at org.apache.ibatis.executor.BaseExecutor.query(BaseExecutor.java:156) ~[mybatis-3.5.11.jar:3.5.11]
	at org.apache.ibatis.executor.CachingExecutor.query(CachingExecutor.java:109) ~[mybatis-3.5.11.jar:3.5.11]
	at com.github.pagehelper.PageInterceptor.intercept(PageInterceptor.java:151) ~[pagehelper-5.3.2.jar:?]
	at org.apache.ibatis.plugin.Plugin.invoke(Plugin.java:62) ~[mybatis-3.5.11.jar:3.5.11]
	at com.sun.proxy.$Proxy131.query(Unknown Source) ~[?:?]
	at org.apache.ibatis.session.defaults.DefaultSqlSession.selectList(DefaultSqlSession.java:151) ~[mybatis-3.5.11.jar:3.5.11]
	at org.apache.ibatis.session.defaults.DefaultSqlSession.selectList(DefaultSqlSession.java:145) ~[mybatis-3.5.11.jar:3.5.11]
	at org.apache.ibatis.session.defaults.DefaultSqlSession.selectList(DefaultSqlSession.java:140) ~[mybatis-3.5.11.jar:3.5.11]
	at org.apache.ibatis.session.defaults.DefaultSqlSession.selectOne(DefaultSqlSession.java:76) ~[mybatis-3.5.11.jar:3.5.11]
	at sun.reflect.NativeMethodAccessorImpl.invoke0(Native Method) ~[?:1.8.0_202]
	at sun.reflect.NativeMethodAccessorImpl.invoke(NativeMethodAccessorImpl.java:62) ~[?:1.8.0_202]
	at sun.reflect.DelegatingMethodAccessorImpl.invoke(DelegatingMethodAccessorImpl.java:43) ~[?:1.8.0_202]
	at java.lang.reflect.Method.invoke(Method.java:498) ~[?:1.8.0_202]
	at org.mybatis.spring.SqlSessionTemplate$SqlSessionInterceptor.invoke(SqlSessionTemplate.java:425) ~[mybatis-spring-2.1.0.jar:2.1.0]
	at com.sun.proxy.$Proxy91.selectOne(Unknown Source) ~[?:?]
	at org.mybatis.spring.SqlSessionTemplate.selectOne(SqlSessionTemplate.java:160) ~[mybatis-spring-2.1.0.jar:2.1.0]
	at org.apache.ibatis.binding.MapperMethod.execute(MapperMethod.java:87) ~[mybatis-3.5.11.jar:3.5.11]
	at org.apache.ibatis.binding.MapperProxy$PlainMethodInvoker.invoke(MapperProxy.java:145) ~[mybatis-3.5.11.jar:3.5.11]
	at org.apache.ibatis.binding.MapperProxy.invoke(MapperProxy.java:86) ~[mybatis-3.5.11.jar:3.5.11]
	at com.sun.proxy.$Proxy109.getUserByAccountAndPassword(Unknown Source) ~[?:?]
	at ma.com.serviceImp.UserServiceImp.getUserByAccountAndPassword(UserServiceImp.java:24) ~[classes/:?]
	at ma.com.controller.UserController.login(UserController.java:38) ~[classes/:?]
	at sun.reflect.NativeMethodAccessorImpl.invoke0(Native Method) ~[?:1.8.0_202]
	at sun.reflect.NativeMethodAccessorImpl.invoke(NativeMethodAccessorImpl.java:62) ~[?:1.8.0_202]
	at sun.reflect.DelegatingMethodAccessorImpl.invoke(DelegatingMethodAccessorImpl.java:43) ~[?:1.8.0_202]
	at java.lang.reflect.Method.invoke(Method.java:498) ~[?:1.8.0_202]
	at org.springframework.web.method.support.InvocableHandlerMethod.doInvoke(InvocableHandlerMethod.java:205) ~[spring-web-5.3.25.jar:5.3.25]
	at org.springframework.web.method.support.InvocableHandlerMethod.invokeForRequest(InvocableHandlerMethod.java:150) ~[spring-web-5.3.25.jar:5.3.25]
	at org.springframework.web.servlet.mvc.method.annotation.ServletInvocableHandlerMethod.invokeAndHandle(ServletInvocableHandlerMethod.java:117) ~[spring-webmvc-5.3.25.jar:5.3.25]
	at org.springframework.web.servlet.mvc.method.annotation.RequestMappingHandlerAdapter.invokeHandlerMethod(RequestMappingHandlerAdapter.java:895) ~[spring-webmvc-5.3.25.jar:5.3.25]
	at org.springframework.web.servlet.mvc.method.annotation.RequestMappingHandlerAdapter.handleInternal(RequestMappingHandlerAdapter.java:808) ~[spring-webmvc-5.3.25.jar:5.3.25]
	at org.springframework.web.servlet.mvc.method.AbstractHandlerMethodAdapter.handle(AbstractHandlerMethodAdapter.java:87) ~[spring-webmvc-5.3.25.jar:5.3.25]
	at org.springframework.web.servlet.DispatcherServlet.doDispatch(DispatcherServlet.java:1071) ~[spring-webmvc-5.3.25.jar:5.3.25]
	at org.springframework.web.servlet.DispatcherServlet.doService(DispatcherServlet.java:964) ~[spring-webmvc-5.3.25.jar:5.3.25]
	at org.springframework.web.servlet.FrameworkServlet.processRequest(FrameworkServlet.java:1006) ~[spring-webmvc-5.3.25.jar:5.3.25]
	at org.springframework.web.servlet.FrameworkServlet.doPost(FrameworkServlet.java:909) ~[spring-webmvc-5.3.25.jar:5.3.25]
	at javax.servlet.http.HttpServlet.service(HttpServlet.java:696) ~[tomcat-embed-core-9.0.71.jar:4.0.FR]
	at org.springframework.web.servlet.FrameworkServlet.service(FrameworkServlet.java:883) ~[spring-webmvc-5.3.25.jar:5.3.25]
	at javax.servlet.http.HttpServlet.service(HttpServlet.java:779) ~[tomcat-embed-core-9.0.71.jar:4.0.FR]
	at org.apache.catalina.core.ApplicationFilterChain.internalDoFilter(ApplicationFilterChain.java:227) ~[tomcat-embed-core-9.0.71.jar:9.0.71]
	at org.apache.catalina.core.ApplicationFilterChain.doFilter(ApplicationFilterChain.java:162) ~[tomcat-embed-core-9.0.71.jar:9.0.71]
	at org.apache.tomcat.websocket.server.WsFilter.doFilter(WsFilter.java:53) ~[tomcat-embed-websocket-9.0.71.jar:9.0.71]
	at org.apache.catalina.core.ApplicationFilterChain.internalDoFilter(ApplicationFilterChain.java:189) ~[tomcat-embed-core-9.0.71.jar:9.0.71]
	at org.apache.catalina.core.ApplicationFilterChain.doFilter(ApplicationFilterChain.java:162) ~[tomcat-embed-core-9.0.71.jar:9.0.71]
	at org.springframework.web.filter.RequestContextFilter.doFilterInternal(RequestContextFilter.java:100) ~[spring-web-5.3.25.jar:5.3.25]
	at org.springframework.web.filter.OncePerRequestFilter.doFilter(OncePerRequestFilter.java:117) ~[spring-web-5.3.25.jar:5.3.25]
	at org.apache.catalina.core.ApplicationFilterChain.internalDoFilter(ApplicationFilterChain.java:189) ~[tomcat-embed-core-9.0.71.jar:9.0.71]
	at org.apache.catalina.core.ApplicationFilterChain.doFilter(ApplicationFilterChain.java:162) ~[tomcat-embed-core-9.0.71.jar:9.0.71]
	at org.springframework.web.filter.FormContentFilter.doFilterInternal(FormContentFilter.java:93) ~[spring-web-5.3.25.jar:5.3.25]
	at org.springframework.web.filter.OncePerRequestFilter.doFilter(OncePerRequestFilter.java:117) ~[spring-web-5.3.25.jar:5.3.25]
	at org.apache.catalina.core.ApplicationFilterChain.internalDoFilter(ApplicationFilterChain.java:189) ~[tomcat-embed-core-9.0.71.jar:9.0.71]
	at org.apache.catalina.core.ApplicationFilterChain.doFilter(ApplicationFilterChain.java:162) ~[tomcat-embed-core-9.0.71.jar:9.0.71]
	at org.springframework.web.filter.CharacterEncodingFilter.doFilterInternal(CharacterEncodingFilter.java:201) ~[spring-web-5.3.25.jar:5.3.25]
	at org.springframework.web.filter.OncePerRequestFilter.doFilter(OncePerRequestFilter.java:117) ~[spring-web-5.3.25.jar:5.3.25]
	at org.apache.catalina.core.ApplicationFilterChain.internalDoFilter(ApplicationFilterChain.java:189) ~[tomcat-embed-core-9.0.71.jar:9.0.71]
	at org.apache.catalina.core.ApplicationFilterChain.doFilter(ApplicationFilterChain.java:162) ~[tomcat-embed-core-9.0.71.jar:9.0.71]
	at org.apache.catalina.core.StandardWrapperValve.invoke(StandardWrapperValve.java:177) ~[tomcat-embed-core-9.0.71.jar:9.0.71]
	at org.apache.catalina.core.StandardContextValve.invoke(StandardContextValve.java:97) ~[tomcat-embed-core-9.0.71.jar:9.0.71]
	at org.apache.catalina.authenticator.AuthenticatorBase.invoke(AuthenticatorBase.java:541) ~[tomcat-embed-core-9.0.71.jar:9.0.71]
	at org.apache.catalina.core.StandardHostValve.invoke(StandardHostValve.java:135) ~[tomcat-embed-core-9.0.71.jar:9.0.71]
	at org.apache.catalina.valves.ErrorReportValve.invoke(ErrorReportValve.java:92) ~[tomcat-embed-core-9.0.71.jar:9.0.71]
	at org.apache.catalina.core.StandardEngineValve.invoke(StandardEngineValve.java:78) ~[tomcat-embed-core-9.0.71.jar:9.0.71]
	at org.apache.catalina.connector.CoyoteAdapter.service(CoyoteAdapter.java:360) ~[tomcat-embed-core-9.0.71.jar:9.0.71]
	at org.apache.coyote.http11.Http11Processor.service(Http11Processor.java:399) ~[tomcat-embed-core-9.0.71.jar:9.0.71]
	at org.apache.coyote.AbstractProcessorLight.process(AbstractProcessorLight.java:65) ~[tomcat-embed-core-9.0.71.jar:9.0.71]
	at org.apache.coyote.AbstractProtocol$ConnectionHandler.process(AbstractProtocol.java:891) ~[tomcat-embed-core-9.0.71.jar:9.0.71]
	at org.apache.tomcat.util.net.NioEndpoint$SocketProcessor.doRun(NioEndpoint.java:1784) ~[tomcat-embed-core-9.0.71.jar:9.0.71]
	at org.apache.tomcat.util.net.SocketProcessorBase.run(SocketProcessorBase.java:49) ~[tomcat-embed-core-9.0.71.jar:9.0.71]
	at org.apache.tomcat.util.threads.ThreadPoolExecutor.runWorker(ThreadPoolExecutor.java:1191) ~[tomcat-embed-core-9.0.71.jar:9.0.71]
	at org.apache.tomcat.util.threads.ThreadPoolExecutor$Worker.run(ThreadPoolExecutor.java:659) ~[tomcat-embed-core-9.0.71.jar:9.0.71]
	at org.apache.tomcat.util.threads.TaskThread$WrappingRunnable.run(TaskThread.java:61) ~[tomcat-embed-core-9.0.71.jar:9.0.71]
	at java.lang.Thread.run(Thread.java:748) ~[?:1.8.0_202]
Caused by: java.net.ConnectException: Connection timed out: connect
	at java.net.DualStackPlainSocketImpl.waitForConnect(Native Method) ~[?:1.8.0_202]
	at java.net.DualStackPlainSocketImpl.socketConnect(DualStackPlainSocketImpl.java:85) ~[?:1.8.0_202]
	at java.net.AbstractPlainSocketImpl.doConnect(AbstractPlainSocketImpl.java:350) ~[?:1.8.0_202]
	at java.net.AbstractPlainSocketImpl.connectToAddress(AbstractPlainSocketImpl.java:206) ~[?:1.8.0_202]
	at java.net.AbstractPlainSocketImpl.connect(AbstractPlainSocketImpl.java:188) ~[?:1.8.0_202]
	at java.net.PlainSocketImpl.connect(PlainSocketImpl.java:172) ~[?:1.8.0_202]
	at java.net.SocksSocketImpl.connect(SocksSocketImpl.java:392) ~[?:1.8.0_202]
	at java.net.Socket.connect(Socket.java:589) ~[?:1.8.0_202]
	at com.mysql.jdbc.StandardSocketFactory.connect(StandardSocketFactory.java:211) ~[mysql-connector-java-5.1.49.jar:5.1.49]
	at com.mysql.jdbc.MysqlIO.<init>(MysqlIO.java:299) ~[mysql-connector-java-5.1.49.jar:5.1.49]
	... 100 more
[2025-04-01 15:44:06:903] [ERROR] - org.apache.juli.logging.DirectJDKLog.log(DirectJDKLog.java:175) - Servlet.service() for servlet [dispatcherServlet] in context with path [] threw exception [Request processing failed; nested exception is org.mybatis.spring.MyBatisSystemException: nested exception is org.apache.ibatis.exceptions.PersistenceException: 
### Error querying database.  Cause: org.springframework.jdbc.CannotGetJdbcConnectionException: Failed to obtain JDBC Connection; nested exception is com.mysql.jdbc.exceptions.jdbc4.CommunicationsException: Communications link failure

The last packet sent successfully to the server was 0 milliseconds ago. The driver has not received any packets from the server.
### The error may exist in file [E:\computer2\computer1\ifly\target\classes\mapper\userMapper.xml]
### The error may involve ma.com.mapper.UserMapper.getUserByAccountAndPassword
### The error occurred while executing a query
### Cause: org.springframework.jdbc.CannotGetJdbcConnectionException: Failed to obtain JDBC Connection; nested exception is com.mysql.jdbc.exceptions.jdbc4.CommunicationsException: Communications link failure

The last packet sent successfully to the server was 0 milliseconds ago. The driver has not received any packets from the server.] with root cause
java.net.ConnectException: Connection timed out: connect
	at java.net.DualStackPlainSocketImpl.waitForConnect(Native Method) ~[?:1.8.0_202]
	at java.net.DualStackPlainSocketImpl.socketConnect(DualStackPlainSocketImpl.java:85) ~[?:1.8.0_202]
	at java.net.AbstractPlainSocketImpl.doConnect(AbstractPlainSocketImpl.java:350) ~[?:1.8.0_202]
	at java.net.AbstractPlainSocketImpl.connectToAddress(AbstractPlainSocketImpl.java:206) ~[?:1.8.0_202]
	at java.net.AbstractPlainSocketImpl.connect(AbstractPlainSocketImpl.java:188) ~[?:1.8.0_202]
	at java.net.PlainSocketImpl.connect(PlainSocketImpl.java:172) ~[?:1.8.0_202]
	at java.net.SocksSocketImpl.connect(SocksSocketImpl.java:392) ~[?:1.8.0_202]
	at java.net.Socket.connect(Socket.java:589) ~[?:1.8.0_202]
	at com.mysql.jdbc.StandardSocketFactory.connect(StandardSocketFactory.java:211) ~[mysql-connector-java-5.1.49.jar:5.1.49]
	at com.mysql.jdbc.MysqlIO.<init>(MysqlIO.java:299) ~[mysql-connector-java-5.1.49.jar:5.1.49]
	at com.mysql.jdbc.ConnectionImpl.coreConnect(ConnectionImpl.java:2187) ~[mysql-connector-java-5.1.49.jar:5.1.49]
	at com.mysql.jdbc.ConnectionImpl.connectOneTryOnly(ConnectionImpl.java:2220) ~[mysql-connector-java-5.1.49.jar:5.1.49]
	at com.mysql.jdbc.ConnectionImpl.createNewIO(ConnectionImpl.java:2015) ~[mysql-connector-java-5.1.49.jar:5.1.49]
	at com.mysql.jdbc.ConnectionImpl.<init>(ConnectionImpl.java:768) ~[mysql-connector-java-5.1.49.jar:5.1.49]
	at com.mysql.jdbc.JDBC4Connection.<init>(JDBC4Connection.java:47) ~[mysql-connector-java-5.1.49.jar:5.1.49]
	at sun.reflect.NativeConstructorAccessorImpl.newInstance0(Native Method) ~[?:1.8.0_202]
	at sun.reflect.NativeConstructorAccessorImpl.newInstance(NativeConstructorAccessorImpl.java:62) ~[?:1.8.0_202]
	at sun.reflect.DelegatingConstructorAccessorImpl.newInstance(DelegatingConstructorAccessorImpl.java:45) ~[?:1.8.0_202]
	at java.lang.reflect.Constructor.newInstance(Constructor.java:423) ~[?:1.8.0_202]
	at com.mysql.jdbc.Util.handleNewInstance(Util.java:403) ~[mysql-connector-java-5.1.49.jar:5.1.49]
	at com.mysql.jdbc.ConnectionImpl.getInstance(ConnectionImpl.java:385) ~[mysql-connector-java-5.1.49.jar:5.1.49]
	at com.mysql.jdbc.NonRegisteringDriver.connect(NonRegisteringDriver.java:323) ~[mysql-connector-java-5.1.49.jar:5.1.49]
	at com.zaxxer.hikari.util.DriverDataSource.getConnection(DriverDataSource.java:138) ~[HikariCP-4.0.3.jar:?]
	at com.zaxxer.hikari.pool.PoolBase.newConnection(PoolBase.java:364) ~[HikariCP-4.0.3.jar:?]
	at com.zaxxer.hikari.pool.PoolBase.newPoolEntry(PoolBase.java:206) ~[HikariCP-4.0.3.jar:?]
	at com.zaxxer.hikari.pool.HikariPool.createPoolEntry(HikariPool.java:476) ~[HikariCP-4.0.3.jar:?]
	at com.zaxxer.hikari.pool.HikariPool.checkFailFast(HikariPool.java:561) ~[HikariCP-4.0.3.jar:?]
	at com.zaxxer.hikari.pool.HikariPool.<init>(HikariPool.java:115) ~[HikariCP-4.0.3.jar:?]
	at com.zaxxer.hikari.HikariDataSource.getConnection(HikariDataSource.java:112) ~[HikariCP-4.0.3.jar:?]
	at org.springframework.jdbc.datasource.DataSourceUtils.fetchConnection(DataSourceUtils.java:159) ~[spring-jdbc-5.3.25.jar:5.3.25]
	at org.springframework.jdbc.datasource.DataSourceUtils.doGetConnection(DataSourceUtils.java:117) ~[spring-jdbc-5.3.25.jar:5.3.25]
	at org.springframework.jdbc.datasource.DataSourceUtils.getConnection(DataSourceUtils.java:80) ~[spring-jdbc-5.3.25.jar:5.3.25]
	at org.mybatis.spring.transaction.SpringManagedTransaction.openConnection(SpringManagedTransaction.java:80) ~[mybatis-spring-2.1.0.jar:2.1.0]
	at org.mybatis.spring.transaction.SpringManagedTransaction.getConnection(SpringManagedTransaction.java:67) ~[mybatis-spring-2.1.0.jar:2.1.0]
	at org.apache.ibatis.executor.BaseExecutor.getConnection(BaseExecutor.java:337) ~[mybatis-3.5.11.jar:3.5.11]
	at org.apache.ibatis.executor.SimpleExecutor.prepareStatement(SimpleExecutor.java:86) ~[mybatis-3.5.11.jar:3.5.11]
	at org.apache.ibatis.executor.SimpleExecutor.doQuery(SimpleExecutor.java:62) ~[mybatis-3.5.11.jar:3.5.11]
	at org.apache.ibatis.executor.BaseExecutor.queryFromDatabase(BaseExecutor.java:325) ~[mybatis-3.5.11.jar:3.5.11]
	at org.apache.ibatis.executor.BaseExecutor.query(BaseExecutor.java:156) ~[mybatis-3.5.11.jar:3.5.11]
	at org.apache.ibatis.executor.CachingExecutor.query(CachingExecutor.java:109) ~[mybatis-3.5.11.jar:3.5.11]
	at com.github.pagehelper.PageInterceptor.intercept(PageInterceptor.java:151) ~[pagehelper-5.3.2.jar:?]
	at org.apache.ibatis.plugin.Plugin.invoke(Plugin.java:62) ~[mybatis-3.5.11.jar:3.5.11]
	at com.sun.proxy.$Proxy131.query(Unknown Source) ~[?:?]
	at org.apache.ibatis.session.defaults.DefaultSqlSession.selectList(DefaultSqlSession.java:151) ~[mybatis-3.5.11.jar:3.5.11]
	at org.apache.ibatis.session.defaults.DefaultSqlSession.selectList(DefaultSqlSession.java:145) ~[mybatis-3.5.11.jar:3.5.11]
	at org.apache.ibatis.session.defaults.DefaultSqlSession.selectList(DefaultSqlSession.java:140) ~[mybatis-3.5.11.jar:3.5.11]
	at org.apache.ibatis.session.defaults.DefaultSqlSession.selectOne(DefaultSqlSession.java:76) ~[mybatis-3.5.11.jar:3.5.11]
	at sun.reflect.NativeMethodAccessorImpl.invoke0(Native Method) ~[?:1.8.0_202]
	at sun.reflect.NativeMethodAccessorImpl.invoke(NativeMethodAccessorImpl.java:62) ~[?:1.8.0_202]
	at sun.reflect.DelegatingMethodAccessorImpl.invoke(DelegatingMethodAccessorImpl.java:43) ~[?:1.8.0_202]
	at java.lang.reflect.Method.invoke(Method.java:498) ~[?:1.8.0_202]
	at org.mybatis.spring.SqlSessionTemplate$SqlSessionInterceptor.invoke(SqlSessionTemplate.java:425) ~[mybatis-spring-2.1.0.jar:2.1.0]
	at com.sun.proxy.$Proxy91.selectOne(Unknown Source) ~[?:?]
	at org.mybatis.spring.SqlSessionTemplate.selectOne(SqlSessionTemplate.java:160) ~[mybatis-spring-2.1.0.jar:2.1.0]
	at org.apache.ibatis.binding.MapperMethod.execute(MapperMethod.java:87) ~[mybatis-3.5.11.jar:3.5.11]
	at org.apache.ibatis.binding.MapperProxy$PlainMethodInvoker.invoke(MapperProxy.java:145) ~[mybatis-3.5.11.jar:3.5.11]
	at org.apache.ibatis.binding.MapperProxy.invoke(MapperProxy.java:86) ~[mybatis-3.5.11.jar:3.5.11]
	at com.sun.proxy.$Proxy109.getUserByAccountAndPassword(Unknown Source) ~[?:?]
	at ma.com.serviceImp.UserServiceImp.getUserByAccountAndPassword(UserServiceImp.java:24) ~[classes/:?]
	at ma.com.controller.UserController.login(UserController.java:38) ~[classes/:?]
	at sun.reflect.NativeMethodAccessorImpl.invoke0(Native Method) ~[?:1.8.0_202]
	at sun.reflect.NativeMethodAccessorImpl.invoke(NativeMethodAccessorImpl.java:62) ~[?:1.8.0_202]
	at sun.reflect.DelegatingMethodAccessorImpl.invoke(DelegatingMethodAccessorImpl.java:43) ~[?:1.8.0_202]
	at java.lang.reflect.Method.invoke(Method.java:498) ~[?:1.8.0_202]
	at org.springframework.web.method.support.InvocableHandlerMethod.doInvoke(InvocableHandlerMethod.java:205) ~[spring-web-5.3.25.jar:5.3.25]
	at org.springframework.web.method.support.InvocableHandlerMethod.invokeForRequest(InvocableHandlerMethod.java:150) ~[spring-web-5.3.25.jar:5.3.25]
	at org.springframework.web.servlet.mvc.method.annotation.ServletInvocableHandlerMethod.invokeAndHandle(ServletInvocableHandlerMethod.java:117) ~[spring-webmvc-5.3.25.jar:5.3.25]
	at org.springframework.web.servlet.mvc.method.annotation.RequestMappingHandlerAdapter.invokeHandlerMethod(RequestMappingHandlerAdapter.java:895) ~[spring-webmvc-5.3.25.jar:5.3.25]
	at org.springframework.web.servlet.mvc.method.annotation.RequestMappingHandlerAdapter.handleInternal(RequestMappingHandlerAdapter.java:808) ~[spring-webmvc-5.3.25.jar:5.3.25]
	at org.springframework.web.servlet.mvc.method.AbstractHandlerMethodAdapter.handle(AbstractHandlerMethodAdapter.java:87) ~[spring-webmvc-5.3.25.jar:5.3.25]
	at org.springframework.web.servlet.DispatcherServlet.doDispatch(DispatcherServlet.java:1071) ~[spring-webmvc-5.3.25.jar:5.3.25]
	at org.springframework.web.servlet.DispatcherServlet.doService(DispatcherServlet.java:964) ~[spring-webmvc-5.3.25.jar:5.3.25]
	at org.springframework.web.servlet.FrameworkServlet.processRequest(FrameworkServlet.java:1006) ~[spring-webmvc-5.3.25.jar:5.3.25]
	at org.springframework.web.servlet.FrameworkServlet.doPost(FrameworkServlet.java:909) ~[spring-webmvc-5.3.25.jar:5.3.25]
	at javax.servlet.http.HttpServlet.service(HttpServlet.java:696) ~[tomcat-embed-core-9.0.71.jar:4.0.FR]
	at org.springframework.web.servlet.FrameworkServlet.service(FrameworkServlet.java:883) ~[spring-webmvc-5.3.25.jar:5.3.25]
	at javax.servlet.http.HttpServlet.service(HttpServlet.java:779) ~[tomcat-embed-core-9.0.71.jar:4.0.FR]
	at org.apache.catalina.core.ApplicationFilterChain.internalDoFilter(ApplicationFilterChain.java:227) ~[tomcat-embed-core-9.0.71.jar:9.0.71]
	at org.apache.catalina.core.ApplicationFilterChain.doFilter(ApplicationFilterChain.java:162) ~[tomcat-embed-core-9.0.71.jar:9.0.71]
	at org.apache.tomcat.websocket.server.WsFilter.doFilter(WsFilter.java:53) ~[tomcat-embed-websocket-9.0.71.jar:9.0.71]
	at org.apache.catalina.core.ApplicationFilterChain.internalDoFilter(ApplicationFilterChain.java:189) ~[tomcat-embed-core-9.0.71.jar:9.0.71]
	at org.apache.catalina.core.ApplicationFilterChain.doFilter(ApplicationFilterChain.java:162) ~[tomcat-embed-core-9.0.71.jar:9.0.71]
	at org.springframework.web.filter.RequestContextFilter.doFilterInternal(RequestContextFilter.java:100) ~[spring-web-5.3.25.jar:5.3.25]
	at org.springframework.web.filter.OncePerRequestFilter.doFilter(OncePerRequestFilter.java:117) ~[spring-web-5.3.25.jar:5.3.25]
	at org.apache.catalina.core.ApplicationFilterChain.internalDoFilter(ApplicationFilterChain.java:189) ~[tomcat-embed-core-9.0.71.jar:9.0.71]
	at org.apache.catalina.core.ApplicationFilterChain.doFilter(ApplicationFilterChain.java:162) ~[tomcat-embed-core-9.0.71.jar:9.0.71]
	at org.springframework.web.filter.FormContentFilter.doFilterInternal(FormContentFilter.java:93) ~[spring-web-5.3.25.jar:5.3.25]
	at org.springframework.web.filter.OncePerRequestFilter.doFilter(OncePerRequestFilter.java:117) ~[spring-web-5.3.25.jar:5.3.25]
	at org.apache.catalina.core.ApplicationFilterChain.internalDoFilter(ApplicationFilterChain.java:189) ~[tomcat-embed-core-9.0.71.jar:9.0.71]
	at org.apache.catalina.core.ApplicationFilterChain.doFilter(ApplicationFilterChain.java:162) ~[tomcat-embed-core-9.0.71.jar:9.0.71]
	at org.springframework.web.filter.CharacterEncodingFilter.doFilterInternal(CharacterEncodingFilter.java:201) ~[spring-web-5.3.25.jar:5.3.25]
	at org.springframework.web.filter.OncePerRequestFilter.doFilter(OncePerRequestFilter.java:117) ~[spring-web-5.3.25.jar:5.3.25]
	at org.apache.catalina.core.ApplicationFilterChain.internalDoFilter(ApplicationFilterChain.java:189) ~[tomcat-embed-core-9.0.71.jar:9.0.71]
	at org.apache.catalina.core.ApplicationFilterChain.doFilter(ApplicationFilterChain.java:162) ~[tomcat-embed-core-9.0.71.jar:9.0.71]
	at org.apache.catalina.core.StandardWrapperValve.invoke(StandardWrapperValve.java:177) ~[tomcat-embed-core-9.0.71.jar:9.0.71]
	at org.apache.catalina.core.StandardContextValve.invoke(StandardContextValve.java:97) ~[tomcat-embed-core-9.0.71.jar:9.0.71]
	at org.apache.catalina.authenticator.AuthenticatorBase.invoke(AuthenticatorBase.java:541) ~[tomcat-embed-core-9.0.71.jar:9.0.71]
	at org.apache.catalina.core.StandardHostValve.invoke(StandardHostValve.java:135) ~[tomcat-embed-core-9.0.71.jar:9.0.71]
	at org.apache.catalina.valves.ErrorReportValve.invoke(ErrorReportValve.java:92) ~[tomcat-embed-core-9.0.71.jar:9.0.71]
	at org.apache.catalina.core.StandardEngineValve.invoke(StandardEngineValve.java:78) ~[tomcat-embed-core-9.0.71.jar:9.0.71]
	at org.apache.catalina.connector.CoyoteAdapter.service(CoyoteAdapter.java:360) ~[tomcat-embed-core-9.0.71.jar:9.0.71]
	at org.apache.coyote.http11.Http11Processor.service(Http11Processor.java:399) ~[tomcat-embed-core-9.0.71.jar:9.0.71]
	at org.apache.coyote.AbstractProcessorLight.process(AbstractProcessorLight.java:65) ~[tomcat-embed-core-9.0.71.jar:9.0.71]
	at org.apache.coyote.AbstractProtocol$ConnectionHandler.process(AbstractProtocol.java:891) ~[tomcat-embed-core-9.0.71.jar:9.0.71]
	at org.apache.tomcat.util.net.NioEndpoint$SocketProcessor.doRun(NioEndpoint.java:1784) ~[tomcat-embed-core-9.0.71.jar:9.0.71]
	at org.apache.tomcat.util.net.SocketProcessorBase.run(SocketProcessorBase.java:49) ~[tomcat-embed-core-9.0.71.jar:9.0.71]
	at org.apache.tomcat.util.threads.ThreadPoolExecutor.runWorker(ThreadPoolExecutor.java:1191) ~[tomcat-embed-core-9.0.71.jar:9.0.71]
	at org.apache.tomcat.util.threads.ThreadPoolExecutor$Worker.run(ThreadPoolExecutor.java:659) ~[tomcat-embed-core-9.0.71.jar:9.0.71]
	at org.apache.tomcat.util.threads.TaskThread$WrappingRunnable.run(TaskThread.java:61) ~[tomcat-embed-core-9.0.71.jar:9.0.71]
	at java.lang.Thread.run(Thread.java:748) ~[?:1.8.0_202]
